timestamp,machine_no,machine_name,event,plc,emergency,auto,rssi,snr
2026-09-08 08:38:38,2,Supply Bolt Piston [ML],HEARTBEAT,1,0,0,-105,6.25
2026-09-08 08:38:49,2,Supply Bolt Piston [ML],HEARTBEAT,1,0,0,-102,6.75
2026-09-08 08:38:59,2,Supply Bolt Piston [ML],HEARTBEAT,1,0,0,-101,7.75
2026-09-08 08:39:09,2,Supply Bolt Piston [ML],HEARTBEAT,1,0,0,-102,8
2026-09-08 08:39:20,2,Supply Bolt Piston [ML],HEARTBEAT,1,0,0,-106,3.75
2026-09-08 08:39:30,2,Supply Bolt Piston [ML],HEARTBEAT,1,0,0,-99,9
2026-09-08 08:39:41,2,Supply Bolt Piston [ML],HEARTBEAT,1,0,0,-102,7
2026-09-08 08:39:51,2,Supply Bolt Piston [ML],HEARTBEAT,1,0,0,-99,4.25
2026-09-08 08:40:02,2,Supply Bolt Piston [ML],HEARTBEAT,1,0,0,-99,7.25
2026-09-08 08:40:12,2,Supply Bolt Piston [ML],HEARTBEAT,1,0,0,-102,6.75
2026-09-08 08:40:22,2,Supply Bolt Piston [ML],HEARTBEAT,1,0,0,-102,7.5
2026-09-08 08:40:33,2,Supply Bolt Piston [ML],HEARTBEAT,1,0,0,-104,6.5
2026-09-08 08:40:43,2,Supply Bolt Piston [ML],HEARTBEAT,1,0,0,-107,5.25
2026-09-08 08:40:54,2,Supply Bolt Piston [ML],HEARTBEAT,1,0,0,-110,4.25
2026-09-08 08:41:04,2,Supply Bolt Piston [ML],HEARTBEAT,1,0,0,-106,6.75
2026-09-08 08:41:25,2,Supply Bolt Piston [ML],HEARTBEAT,1,0,0,-101,7.75
2026-09-08 08:41:35,2,Supply Bolt Piston [ML],HEARTBEAT,1,0,0,-109,2.5
2026-09-08 08:41:46,2,Supply Bolt Piston [ML],HEARTBEAT,1,0,0,-105,7
2026-09-08 08:41:56,2,Supply Bolt Piston [ML],HEARTBEAT,1,0,0,-98,9.25
2026-09-08 08:42:06,2,Supply Bolt Piston [ML],HEARTBEAT,1,0,0,-104,5
2026-09-08 08:42:17,2,Supply Bolt Piston [ML],HEARTBEAT,1,0,0,-102,7.75
2026-09-08 08:42:27,2,Supply Bolt Piston [ML],HEARTBEAT,1,0,0,-104,6.75
2026-09-08 08:42:38,2,Supply Bolt Piston [ML],HEARTBEAT,1,0,0,-100,7
2026-09-08 08:42:48,2,Supply Bolt Piston [ML],HEARTBEAT,1,0,0,-105,5.75
2026-09-08 08:42:58,2,Supply Bolt Piston [ML],HEARTBEAT,1,0,0,-106,6
2026-09-08 08:43:09,2,Supply Bolt Piston [ML],HEARTBEAT,1,0,0,-105,6
2026-09-08 08:43:19,2,Supply Bolt Piston [ML],HEARTBEAT,1,0,0,-104,7.5
2026-09-08 08:43:30,2,Supply Bolt Piston [ML],HEARTBEAT,1,0,0,-102,7.5
2026-09-08 08:43:40,2,Supply Bolt Piston [ML],HEARTBEAT,1,0,0,-101,6.25
2026-09-08 08:43:50,2,Supply Bolt Piston [ML],HEARTBEAT,1,0,0,-101,7.5
2026-09-08 08:44:01,2,Supply Bolt Piston [ML],HEARTBEAT,1,0,0,-100,5.5
2026-09-08 08:44:22,2,Supply Bolt Piston [ML],HEARTBEAT,1,0,0,-107,0.75
2026-09-08 08:44:32,2,Supply Bolt Piston [ML],HEARTBEAT,1,0,0,-104,5.5
2026-09-08 08:44:42,2,Supply Bolt Piston [ML],HEARTBEAT,1,0,0,-105,5.25
2026-09-08 08:44:53,2,Supply Bolt Piston [ML],HEARTBEAT,1,0,0,-109,4.25
2026-09-08 08:45:03,2,Supply Bolt Piston [ML],HEARTBEAT,1,0,0,-112,-1.75
2026-09-08 08:45:14,2,Supply Bolt Piston [ML],HEARTBEAT,1,0,0,-115,-2.25
2026-09-08 08:45:24,2,Supply Bolt Piston [ML],HEARTBEAT,1,0,0,-105,7.25
2026-09-08 08:45:34,2,Supply Bolt Piston [ML],HEARTBEAT,1,0,0,-103,7
2026-09-08 08:45:45,2,Supply Bolt Piston [ML],HEARTBEAT,1,0,0,-108,5.25
2026-09-08 08:45:55,2,Supply Bolt Piston [ML],HEARTBEAT,1,0,0,-103,6.5
2026-09-08 08:46:06,2,Supply Bolt Piston [ML],HEARTBEAT,1,0,0,-102,8.25
2026-09-08 08:46:16,2,Supply Bolt Piston [ML],HEARTBEAT,1,0,0,-105,6.25
2026-09-08 08:46:27,2,Supply Bolt Piston [ML],HEARTBEAT,1,0,0,-108,3.25
2026-09-08 08:46:37,2,Supply Bolt Piston [ML],HEARTBEAT,1,0,0,-102,8.5
2026-09-08 08:46:47,2,Supply Bolt Piston [ML],HEARTBEAT,1,0,0,-105,5
2026-09-08 08:46:58,2,Supply Bolt Piston [ML],HEARTBEAT,1,0,0,-102,8.25
2026-09-08 08:47:08,2,Supply Bolt Piston [ML],HEARTBEAT,1,0,0,-104,6.25
2026-09-08 08:47:19,2,Supply Bolt Piston [ML],HEARTBEAT,1,0,0,-113,-0.25
2026-09-08 08:47:29,2,Supply Bolt Piston [ML],HEARTBEAT,1,0,0,-115,-1.5
2026-09-08 08:47:39,2,Supply Bolt Piston [ML],HEARTBEAT,1,0,0,-118,-6.5
2026-09-08 08:47:50,2,Supply Bolt Piston [ML],HEARTBEAT,1,0,0,-104,6.5
2026-09-08 08:48:00,2,Supply Bolt Piston [ML],HEARTBEAT,1,0,0,-106,5
2026-09-08 08:48:11,2,Supply Bolt Piston [ML],HEARTBEAT,1,0,0,-101,6.75
2026-09-08 08:48:21,2,Supply Bolt Piston [ML],HEARTBEAT,1,0,0,-108,0.5
2026-09-08 08:48:31,2,Supply Bolt Piston [ML],HEARTBEAT,1,0,0,-117,-4.25
2026-09-08 08:48:42,2,Supply Bolt Piston [ML],HEARTBEAT,1,0,0,-119,-4.75
2026-09-08 08:48:52,2,Supply Bolt Piston [ML],HEARTBEAT,1,0,0,-107,5.25
2026-09-08 08:49:03,2,Supply Bolt Piston [ML],HEARTBEAT,1,0,0,-108,4.5
2026-09-08 08:49:23,2,Supply Bolt Piston [ML],HEARTBEAT,1,0,0,-106,4.75
2026-09-08 08:49:34,2,Supply Bolt Piston [ML],HEARTBEAT,1,0,0,-117,-5.75
2026-09-08 08:49:44,2,Supply Bolt Piston [ML],HEARTBEAT,1,0,0,-111,1.75
2026-09-08 08:49:55,2,Supply Bolt Piston [ML],HEARTBEAT,1,0,0,-112,0.5
2026-09-08 08:50:05,2,Supply Bolt Piston [ML],HEARTBEAT,1,0,0,-108,5
2026-09-08 08:50:15,2,Supply Bolt Piston [ML],HEARTBEAT,1,0,0,-106,4.25
2026-09-08 08:50:26,2,Supply Bolt Piston [ML],HEARTBEAT,1,0,0,-110,2
2026-09-08 08:50:47,2,Supply Bolt Piston [ML],HEARTBEAT,1,0,0,-117,-9.75
2026-09-08 08:50:57,2,Supply Bolt Piston [ML],HEARTBEAT,1,0,0,-119,-5.25
2026-09-08 08:51:07,2,Supply Bolt Piston [ML],HEARTBEAT,1,0,0,-109,3.75
2026-09-08 08:51:18,2,Supply Bolt Piston [ML],HEARTBEAT,1,0,0,-108,4.25
2026-09-08 08:51:28,2,Supply Bolt Piston [ML],HEARTBEAT,1,0,0,-108,2.5
2026-09-08 08:51:39,2,Supply Bolt Piston [ML],HEARTBEAT,1,0,0,-107,5.75
2026-09-08 08:51:49,2,Supply Bolt Piston [ML],HEARTBEAT,1,0,0,-113,-2.5
2026-09-08 08:51:59,2,Supply Bolt Piston [ML],HEARTBEAT,1,0,0,-111,-2.25
2026-09-08 08:52:10,2,Supply Bolt Piston [ML],HEARTBEAT,1,0,0,-110,0
2026-09-08 08:52:20,2,Supply Bolt Piston [ML],HEARTBEAT,1,0,0,-108,3
2026-09-08 08:52:31,2,Supply Bolt Piston [ML],HEARTBEAT,1,0,0,-108,5
2026-09-08 08:52:41,2,Supply Bolt Piston [ML],HEARTBEAT,1,0,0,-113,-1.25
2026-09-08 08:52:51,2,Supply Bolt Piston [ML],HEARTBEAT,1,0,0,-107,4.5
2026-09-08 08:53:02,2,Supply Bolt Piston [ML],HEARTBEAT,1,0,0,-107,5.75
2026-09-08 08:53:12,2,Supply Bolt Piston [ML],HEARTBEAT,1,0,0,-114,0
2026-09-08 08:53:23,2,Supply Bolt Piston [ML],HEARTBEAT,1,0,0,-109,2.25
2026-09-08 08:53:33,2,Supply Bolt Piston [ML],HEARTBEAT,1,0,0,-113,-0.75
2026-09-08 08:53:43,2,Supply Bolt Piston [ML],HEARTBEAT,1,0,0,-106,4.25
2026-09-08 08:53:54,2,Supply Bolt Piston [ML],HEARTBEAT,1,0,0,-111,2.25
2026-09-08 08:54:04,2,Supply Bolt Piston [ML],HEARTBEAT,1,0,0,-108,2.25
2026-09-08 08:54:15,2,Supply Bolt Piston [ML],HEARTBEAT,1,0,0,-118,-6.75
2026-09-08 08:54:19,2,Supply Bolt Piston [ML],HEARTBEAT,1,0,1,-107,6
2026-09-08 08:54:19,2,Supply Bolt Piston [ML],MANUAL_MODE,1,0,1,-107,6
2026-09-08 08:54:23,2,Supply Bolt Piston [ML],HEARTBEAT,1,0,0,-110,3
2026-09-08 08:54:23,2,Supply Bolt Piston [ML],AUTO_MODE,1,0,0,-110,3
2026-09-08 08:54:34,2,Supply Bolt Piston [ML],HEARTBEAT,1,0,0,-111,2
2026-09-08 08:54:44,2,Supply Bolt Piston [ML],HEARTBEAT,1,0,0,-115,-1.5
2026-09-08 08:54:55,2,Supply Bolt Piston [ML],HEARTBEAT,1,0,0,-108,3.5
2026-09-08 08:55:05,2,Supply Bolt Piston [ML],HEARTBEAT,1,0,0,-120,-9
2026-09-08 08:55:15,2,Supply Bolt Piston [ML],HEARTBEAT,1,0,0,-116,-1.5
2026-09-08 08:55:26,2,Supply Bolt Piston [ML],HEARTBEAT,1,0,0,-113,1
2026-09-08 08:55:57,2,Supply Bolt Piston [ML],HEARTBEAT,1,0,0,-119,-5.5
2026-09-08 08:56:07,2,Supply Bolt Piston [ML],HEARTBEAT,1,0,0,-111,2.5
2026-09-08 08:56:28,2,Supply Bolt Piston [ML],HEARTBEAT,1,0,0,-106,-0.75
2026-09-08 08:56:39,2,Supply Bolt Piston [ML],HEARTBEAT,1,0,0,-109,3.25
2026-09-08 08:56:49,2,Supply Bolt Piston [ML],HEARTBEAT,1,0,0,-112,2
2026-09-08 08:56:59,2,Supply Bolt Piston [ML],HEARTBEAT,1,0,0,-104,7
2026-09-08 08:57:10,2,Supply Bolt Piston [ML],HEARTBEAT,1,0,0,-116,-4.5
2026-09-08 08:57:31,2,Supply Bolt Piston [ML],HEARTBEAT,1,0,0,-110,0.25
2026-09-08 08:57:41,2,Supply Bolt Piston [ML],HEARTBEAT,1,0,0,-111,1.75
2026-09-08 08:57:52,2,Supply Bolt Piston [ML],HEARTBEAT,1,0,0,-112,-0.5
2026-09-08 08:58:02,2,Supply Bolt Piston [ML],HEARTBEAT,1,0,0,-113,-2
2026-09-08 08:58:23,2,Supply Bolt Piston [ML],HEARTBEAT,1,0,0,-111,1.75
2026-09-08 08:58:33,2,Supply Bolt Piston [ML],HEARTBEAT,1,0,0,-107,5.75
2026-09-08 08:58:44,2,Supply Bolt Piston [ML],HEARTBEAT,1,0,0,-111,2.75
2026-09-08 08:58:54,2,Supply Bolt Piston [ML],HEARTBEAT,1,0,0,-114,-0.25
2026-09-08 08:59:04,2,Supply Bolt Piston [ML],HEARTBEAT,1,0,0,-112,0.75
2026-09-08 08:59:15,2,Supply Bolt Piston [ML],HEARTBEAT,1,0,0,-110,3
2026-09-08 08:59:25,2,Supply Bolt Piston [ML],HEARTBEAT,1,0,0,-111,3
2026-09-08 08:59:36,2,Supply Bolt Piston [ML],HEARTBEAT,1,0,0,-105,6
2026-09-08 08:59:46,2,Supply Bolt Piston [ML],HEARTBEAT,1,0,0,-103,4.5
2026-09-08 08:59:56,2,Supply Bolt Piston [ML],HEARTBEAT,1,0,0,-101,6.25
2026-09-08 09:00:07,2,Supply Bolt Piston [ML],HEARTBEAT,1,0,0,-113,-0.25
2026-09-08 09:00:17,2,Supply Bolt Piston [ML],HEARTBEAT,1,0,0,-112,-0.75
2026-09-08 09:00:28,2,Supply Bolt Piston [ML],HEARTBEAT,1,0,0,-108,2.25
2026-09-08 09:00:38,2,Supply Bolt Piston [ML],HEARTBEAT,1,0,0,-104,5
2026-09-08 09:00:48,2,Supply Bolt Piston [ML],HEARTBEAT,1,0,0,-108,4
2026-09-08 09:00:59,2,Supply Bolt Piston [ML],HEARTBEAT,1,0,0,-107,5.25
2026-09-08 09:01:09,2,Supply Bolt Piston [ML],HEARTBEAT,1,0,0,-102,6.75
2026-09-08 09:01:20,2,Supply Bolt Piston [ML],HEARTBEAT,1,0,0,-99,6.5
2026-09-08 09:01:30,2,Supply Bolt Piston [ML],HEARTBEAT,1,0,0,-104,6.5
2026-09-08 09:01:51,2,Supply Bolt Piston [ML],HEARTBEAT,1,0,0,-109,4.5
2026-09-08 09:02:01,2,Supply Bolt Piston [ML],HEARTBEAT,1,0,0,-104,6.25
2026-09-08 09:02:12,2,Supply Bolt Piston [ML],HEARTBEAT,1,0,0,-102,4.25
2026-09-08 09:02:22,2,Supply Bolt Piston [ML],HEARTBEAT,1,0,0,-104,3.5
2026-09-08 09:02:32,2,Supply Bolt Piston [ML],HEARTBEAT,1,0,0,-105,5.75
2026-09-08 09:02:43,2,Supply Bolt Piston [ML],HEARTBEAT,1,0,0,-103,7.5
2026-09-08 09:02:53,2,Supply Bolt Piston [ML],HEARTBEAT,1,0,0,-103,5
2026-09-08 09:03:04,2,Supply Bolt Piston [ML],HEARTBEAT,1,0,0,-104,4
2026-09-08 09:03:14,2,Supply Bolt Piston [ML],HEARTBEAT,1,0,0,-108,4.25
2026-09-08 09:03:24,2,Supply Bolt Piston [ML],HEARTBEAT,1,0,0,-108,3.75
2026-09-08 09:03:35,2,Supply Bolt Piston [ML],HEARTBEAT,1,0,0,-108,4.25
2026-09-08 09:03:45,2,Supply Bolt Piston [ML],HEARTBEAT,1,0,0,-108,3
2026-09-08 09:03:56,2,Supply Bolt Piston [ML],HEARTBEAT,1,0,0,-106,6.75
2026-09-08 09:04:06,2,Supply Bolt Piston [ML],HEARTBEAT,1,0,0,-107,3.25
2026-09-08 09:04:16,2,Supply Bolt Piston [ML],HEARTBEAT,1,0,0,-113,-2.5
2026-09-08 09:04:27,2,Supply Bolt Piston [ML],HEARTBEAT,1,0,0,-106,5
2026-09-08 09:04:37,2,Supply Bolt Piston [ML],HEARTBEAT,1,0,0,-107,5.75
2026-09-08 09:04:48,2,Supply Bolt Piston [ML],HEARTBEAT,1,0,0,-104,3.5
2026-09-08 09:04:58,2,Supply Bolt Piston [ML],HEARTBEAT,1,0,0,-114,-0.5
2026-09-08 09:05:09,2,Supply Bolt Piston [ML],HEARTBEAT,1,0,0,-108,4.75
2026-09-08 09:05:19,2,Supply Bolt Piston [ML],HEARTBEAT,1,0,0,-112,1
2026-09-08 09:05:29,2,Supply Bolt Piston [ML],HEARTBEAT,1,0,0,-107,4
2026-09-08 09:05:40,2,Supply Bolt Piston [ML],HEARTBEAT,1,0,0,-109,4
2026-09-08 09:05:50,2,Supply Bolt Piston [ML],HEARTBEAT,1,0,0,-108,3.5
2026-09-08 09:06:01,2,Supply Bolt Piston [ML],HEARTBEAT,1,0,0,-108,3.25
2026-09-08 09:06:11,2,Supply Bolt Piston [ML],HEARTBEAT,1,0,0,-110,2.75
2026-09-08 09:06:21,2,Supply Bolt Piston [ML],HEARTBEAT,1,0,0,-103,8
2026-09-08 09:06:32,2,Supply Bolt Piston [ML],HEARTBEAT,1,0,0,-108,3.5
2026-09-08 09:06:42,2,Supply Bolt Piston [ML],HEARTBEAT,1,0,0,-106,2.25
2026-09-08 09:06:53,2,Supply Bolt Piston [ML],HEARTBEAT,1,0,0,-111,1.25
2026-09-08 09:07:03,2,Supply Bolt Piston [ML],HEARTBEAT,1,0,0,-112,1.25
2026-09-08 09:07:13,2,Supply Bolt Piston [ML],HEARTBEAT,1,0,0,-110,0.75
2026-09-08 09:07:24,2,Supply Bolt Piston [ML],HEARTBEAT,1,0,0,-104,6
2026-09-08 09:07:34,2,Supply Bolt Piston [ML],HEARTBEAT,1,0,0,-105,7.25
2026-09-08 09:07:45,2,Supply Bolt Piston [ML],HEARTBEAT,1,0,0,-106,6.5
2026-09-08 09:07:55,2,Supply Bolt Piston [ML],HEARTBEAT,1,0,0,-109,3.25
2026-09-08 09:08:05,2,Supply Bolt Piston [ML],HEARTBEAT,1,0,0,-106,6.25
2026-09-08 09:08:16,2,Supply Bolt Piston [ML],HEARTBEAT,1,0,0,-110,0.75
2026-09-08 09:08:26,2,Supply Bolt Piston [ML],HEARTBEAT,1,0,0,-109,1.25
2026-09-08 09:08:37,2,Supply Bolt Piston [ML],HEARTBEAT,1,0,0,-111,0
2026-09-08 09:08:47,2,Supply Bolt Piston [ML],HEARTBEAT,1,0,0,-110,3.75
2026-09-08 09:08:57,2,Supply Bolt Piston [ML],HEARTBEAT,1,0,0,-113,1
2026-09-08 09:09:08,2,Supply Bolt Piston [ML],HEARTBEAT,1,0,0,-111,1
2026-09-08 09:09:18,2,Supply Bolt Piston [ML],HEARTBEAT,1,0,0,-108,3
2026-09-08 09:09:29,2,Supply Bolt Piston [ML],HEARTBEAT,1,0,0,-109,3.25
2026-09-08 09:09:39,2,Supply Bolt Piston [ML],HEARTBEAT,1,0,0,-114,-2.25
2026-09-08 09:09:49,2,Supply Bolt Piston [ML],HEARTBEAT,1,0,0,-106,5.25
2026-09-08 09:10:00,2,Supply Bolt Piston [ML],HEARTBEAT,1,0,0,-112,1.25
2026-09-08 09:10:10,2,Supply Bolt Piston [ML],HEARTBEAT,1,0,0,-104,4.5
2026-09-08 09:10:21,2,Supply Bolt Piston [ML],HEARTBEAT,1,0,0,-110,1.75
2026-09-08 09:10:31,2,Supply Bolt Piston [ML],HEARTBEAT,1,0,0,-110,2.5
2026-09-08 09:10:41,2,Supply Bolt Piston [ML],HEARTBEAT,1,0,0,-107,5
2026-09-08 09:10:52,2,Supply Bolt Piston [ML],HEARTBEAT,1,0,0,-103,5.5
2026-09-08 09:11:02,2,Supply Bolt Piston [ML],HEARTBEAT,1,0,0,-106,5.75
2026-09-08 09:11:13,2,Supply Bolt Piston [ML],HEARTBEAT,1,0,0,-114,-2.5
2026-09-08 09:11:23,2,Supply Bolt Piston [ML],HEARTBEAT,1,0,0,-112,1
2026-09-08 09:11:33,2,Supply Bolt Piston [ML],HEARTBEAT,1,0,0,-111,3
2026-09-08 09:11:44,2,Supply Bolt Piston [ML],HEARTBEAT,1,0,0,-109,1.5
2026-09-08 09:11:54,2,Supply Bolt Piston [ML],HEARTBEAT,1,0,0,-106,4.75
2026-09-08 09:12:05,2,Supply Bolt Piston [ML],HEARTBEAT,1,0,0,-110,3.75
2026-09-08 09:12:15,2,Supply Bolt Piston [ML],HEARTBEAT,1,0,0,-111,1.5
2026-09-08 09:12:36,2,Supply Bolt Piston [ML],HEARTBEAT,1,0,0,-107,5.75
2026-09-08 09:12:46,2,Supply Bolt Piston [ML],HEARTBEAT,1,0,0,-104,7
2026-09-08 09:12:57,2,Supply Bolt Piston [ML],HEARTBEAT,1,0,0,-110,3.25
2026-09-08 09:13:07,2,Supply Bolt Piston [ML],HEARTBEAT,1,0,0,-107,6
2026-09-08 09:13:18,2,Supply Bolt Piston [ML],HEARTBEAT,1,0,0,-106,3.25
2026-09-08 09:13:28,2,Supply Bolt Piston [ML],HEARTBEAT,1,0,0,-107,4
2026-09-08 09:13:38,2,Supply Bolt Piston [ML],HEARTBEAT,1,0,0,-105,4.75
2026-09-08 09:13:49,2,Supply Bolt Piston [ML],HEARTBEAT,1,0,0,-110,3.5
2026-09-08 09:13:59,2,Supply Bolt Piston [ML],HEARTBEAT,1,0,0,-105,4.5
2026-09-08 09:14:10,2,Supply Bolt Piston [ML],HEARTBEAT,1,0,0,-103,8.25
2026-09-08 09:14:20,2,Supply Bolt Piston [ML],HEARTBEAT,1,0,0,-103,1.5
2026-09-08 09:14:30,2,Supply Bolt Piston [ML],HEARTBEAT,1,0,0,-105,5.5
2026-09-08 09:14:41,2,Supply Bolt Piston [ML],HEARTBEAT,1,0,0,-108,5.25
2026-09-08 09:14:51,2,Supply Bolt Piston [ML],HEARTBEAT,1,0,0,-113,-1.25
2026-09-08 09:15:02,2,Supply Bolt Piston [ML],HEARTBEAT,1,0,0,-110,2.5
2026-09-08 09:15:12,2,Supply Bolt Piston [ML],HEARTBEAT,1,0,0,-106,6.25
2026-09-08 09:15:22,2,Supply Bolt Piston [ML],HEARTBEAT,1,0,0,-106,3.25
2026-09-08 09:15:33,2,Supply Bolt Piston [ML],HEARTBEAT,1,0,0,-119,-5.25
2026-09-08 09:15:43,2,Supply Bolt Piston [ML],HEARTBEAT,1,0,0,-107,3
2026-09-08 09:16:04,2,Supply Bolt Piston [ML],HEARTBEAT,1,0,0,-103,4.5
2026-09-08 09:16:14,2,Supply Bolt Piston [ML],HEARTBEAT,1,0,0,-103,6.25
2026-09-08 09:16:25,2,Supply Bolt Piston [ML],HEARTBEAT,1,0,0,-105,7
2026-09-08 09:16:35,2,Supply Bolt Piston [ML],HEARTBEAT,1,0,0,-104,6.25
2026-09-08 09:16:46,2,Supply Bolt Piston [ML],HEARTBEAT,1,0,0,-110,3.25
2026-09-08 09:16:56,2,Supply Bolt Piston [ML],HEARTBEAT,1,0,0,-119,-8.5
2026-09-08 09:17:06,2,Supply Bolt Piston [ML],HEARTBEAT,1,0,0,-108,5
2026-09-08 09:17:17,2,Supply Bolt Piston [ML],HEARTBEAT,1,0,0,-114,-1.25
2026-09-08 09:17:27,2,Supply Bolt Piston [ML],HEARTBEAT,1,0,0,-105,5.75
2026-09-08 09:17:38,2,Supply Bolt Piston [ML],HEARTBEAT,1,0,0,-102,3.75
2026-09-08 09:17:48,2,Supply Bolt Piston [ML],HEARTBEAT,1,0,0,-107,5.5
2026-09-08 09:17:58,2,Supply Bolt Piston [ML],HEARTBEAT,1,0,0,-106,6.25
2026-09-08 09:18:09,2,Supply Bolt Piston [ML],HEARTBEAT,1,0,0,-106,6.75
2026-09-08 09:18:19,2,Supply Bolt Piston [ML],HEARTBEAT,1,0,0,-107,5.25
2026-09-08 09:18:30,2,Supply Bolt Piston [ML],HEARTBEAT,1,0,0,-106,6.25
2026-09-08 09:18:40,2,Supply Bolt Piston [ML],HEARTBEAT,1,0,0,-107,5.5
2026-09-08 09:19:01,2,Supply Bolt Piston [ML],HEARTBEAT,1,0,0,-105,5.5
2026-09-08 09:19:11,2,Supply Bolt Piston [ML],HEARTBEAT,1,0,0,-101,6.25
2026-09-08 09:19:22,2,Supply Bolt Piston [ML],HEARTBEAT,1,0,0,-105,4
2026-09-08 09:19:32,2,Supply Bolt Piston [ML],HEARTBEAT,1,0,0,-105,4.75
2026-09-08 09:19:43,2,Supply Bolt Piston [ML],HEARTBEAT,1,0,0,-112,1
2026-09-08 09:19:53,2,Supply Bolt Piston [ML],HEARTBEAT,1,0,0,-104,4.25
2026-09-08 09:20:03,2,Supply Bolt Piston [ML],HEARTBEAT,1,0,0,-104,6.25
2026-09-08 09:20:14,2,Supply Bolt Piston [ML],HEARTBEAT,1,0,0,-106,2.5
2026-09-08 09:20:24,2,Supply Bolt Piston [ML],HEARTBEAT,1,0,0,-103,7
2026-09-08 09:20:35,2,Supply Bolt Piston [ML],HEARTBEAT,1,0,0,-107,4.75
2026-09-08 09:20:45,2,Supply Bolt Piston [ML],HEARTBEAT,1,0,0,-103,4.5
2026-09-08 09:20:55,2,Supply Bolt Piston [ML],HEARTBEAT,1,0,0,-105,5.75
2026-09-08 09:21:06,2,Supply Bolt Piston [ML],HEARTBEAT,1,0,0,-107,5
2026-09-08 09:21:16,2,Supply Bolt Piston [ML],HEARTBEAT,1,0,0,-106,6
2026-09-08 09:21:27,2,Supply Bolt Piston [ML],HEARTBEAT,1,0,0,-103,6.75
2026-09-08 09:21:37,2,Supply Bolt Piston [ML],HEARTBEAT,1,0,0,-107,5.25
2026-09-08 09:21:47,2,Supply Bolt Piston [ML],HEARTBEAT,1,0,0,-108,1.75
2026-09-08 09:21:58,2,Supply Bolt Piston [ML],HEARTBEAT,1,0,0,-107,5.5
2026-09-08 09:22:08,2,Supply Bolt Piston [ML],HEARTBEAT,1,0,0,-119,-9
2026-09-08 09:22:29,2,Supply Bolt Piston [ML],HEARTBEAT,1,0,0,-118,-5.5
2026-09-08 09:22:39,2,Supply Bolt Piston [ML],HEARTBEAT,1,0,0,-114,-1.75
2026-09-08 09:22:50,2,Supply Bolt Piston [ML],HEARTBEAT,1,0,0,-115,-0.5
2026-09-08 09:23:00,2,Supply Bolt Piston [ML],HEARTBEAT,1,0,0,-111,1.5
2026-09-08 09:23:11,2,Supply Bolt Piston [ML],HEARTBEAT,1,0,0,-106,3.5
2026-09-08 09:23:21,2,Supply Bolt Piston [ML],HEARTBEAT,1,0,0,-113,-4.5
2026-09-08 09:23:31,2,Supply Bolt Piston [ML],HEARTBEAT,1,0,0,-115,-2
2026-09-08 09:23:42,2,Supply Bolt Piston [ML],HEARTBEAT,1,0,0,-112,1.25
2026-09-08 09:23:52,2,Supply Bolt Piston [ML],HEARTBEAT,1,0,0,-112,-3
2026-09-08 09:24:03,2,Supply Bolt Piston [ML],HEARTBEAT,1,0,0,-119,-7.5
2026-09-08 09:24:13,2,Supply Bolt Piston [ML],HEARTBEAT,1,0,0,-106,3.25
2026-09-08 09:24:23,2,Supply Bolt Piston [ML],HEARTBEAT,1,0,0,-110,1.75
2026-09-08 09:24:34,2,Supply Bolt Piston [ML],HEARTBEAT,1,0,0,-106,6.25
2026-09-08 09:24:44,2,Supply Bolt Piston [ML],HEARTBEAT,1,0,0,-102,7.75
2026-09-08 09:24:55,2,Supply Bolt Piston [ML],HEARTBEAT,1,0,0,-112,-2.25
2026-09-08 09:25:05,2,Supply Bolt Piston [ML],HEARTBEAT,1,0,0,-110,3.5
2026-09-08 09:25:15,2,Supply Bolt Piston [ML],HEARTBEAT,1,0,0,-119,-8.5
2026-09-08 09:25:26,2,Supply Bolt Piston [ML],HEARTBEAT,1,0,0,-122,-8.25
2026-09-08 09:25:36,2,Supply Bolt Piston [ML],HEARTBEAT,1,0,0,-105,6.5
2026-09-08 09:25:47,2,Supply Bolt Piston [ML],HEARTBEAT,1,0,0,-114,-3.25
2026-09-08 09:25:57,2,Supply Bolt Piston [ML],HEARTBEAT,1,0,0,-110,3
2026-09-08 09:26:07,2,Supply Bolt Piston [ML],HEARTBEAT,1,0,0,-108,2.5
2026-09-08 09:26:18,2,Supply Bolt Piston [ML],HEARTBEAT,1,0,0,-116,-5
2026-09-08 09:26:28,2,Supply Bolt Piston [ML],HEARTBEAT,1,0,0,-112,-0.25
2026-09-08 09:26:39,2,Supply Bolt Piston [ML],HEARTBEAT,1,0,0,-110,3.75
2026-09-08 09:26:49,2,Supply Bolt Piston [ML],HEARTBEAT,1,0,0,-106,3.5
2026-09-08 09:27:00,2,Supply Bolt Piston [ML],HEARTBEAT,1,0,0,-110,3.25
2026-09-08 09:27:10,2,Supply Bolt Piston [ML],HEARTBEAT,1,0,0,-108,4.5
2026-09-08 09:27:20,2,Supply Bolt Piston [ML],HEARTBEAT,1,0,0,-111,3
2026-09-08 09:27:31,2,Supply Bolt Piston [ML],HEARTBEAT,1,0,0,-110,2.5
2026-09-08 09:27:41,2,Supply Bolt Piston [ML],HEARTBEAT,1,0,0,-106,6
2026-09-08 09:27:52,2,Supply Bolt Piston [ML],HEARTBEAT,1,0,0,-105,5.5
2026-09-08 09:28:02,2,Supply Bolt Piston [ML],HEARTBEAT,1,0,0,-103,2.5
2026-09-08 09:28:12,2,Supply Bolt Piston [ML],HEARTBEAT,1,0,0,-121,-8.75
2026-09-08 09:28:23,2,Supply Bolt Piston [ML],HEARTBEAT,1,0,0,-107,5.75
2026-09-08 09:28:33,2,Supply Bolt Piston [ML],HEARTBEAT,1,0,0,-110,0.75
2026-09-08 09:28:44,2,Supply Bolt Piston [ML],HEARTBEAT,1,0,0,-109,3.75
2026-09-08 09:28:54,2,Supply Bolt Piston [ML],HEARTBEAT,1,0,0,-112,0.5
2026-09-08 09:29:04,2,Supply Bolt Piston [ML],HEARTBEAT,1,0,0,-107,6
2026-09-08 09:29:15,2,Supply Bolt Piston [ML],HEARTBEAT,1,0,0,-104,6.5
2026-09-08 15:46:02,2,Supply Bolt Piston [ML],HEARTBEAT,1,0,0,-110,3.5
2026-09-08 15:46:13,2,Supply Bolt Piston [ML],HEARTBEAT,1,0,0,-112,1.5
2026-09-08 15:46:23,2,Supply Bolt Piston [ML],HEARTBEAT,1,0,0,-111,1.5
2026-09-08 15:46:34,2,Supply Bolt Piston [ML],HEARTBEAT,1,0,0,-113,1
2026-09-08 15:46:44,2,Supply Bolt Piston [ML],HEARTBEAT,1,0,0,-116,-2.5
2026-09-08 15:46:54,2,Supply Bolt Piston [ML],HEARTBEAT,1,0,0,-115,-3.25
2026-09-08 15:47:05,2,Supply Bolt Piston [ML],HEARTBEAT,1,0,0,-112,-3.75
2026-09-08 15:47:26,2,Supply Bolt Piston [ML],HEARTBEAT,1,0,0,-117,-4.25
2026-09-08 15:47:36,2,Supply Bolt Piston [ML],HEARTBEAT,1,0,0,-111,1
2026-09-08 15:47:46,2,Supply Bolt Piston [ML],HEARTBEAT,1,0,0,-116,-4.75
2026-09-08 15:47:57,2,Supply Bolt Piston [ML],HEARTBEAT,1,0,0,-111,1.75
2026-09-08 15:48:07,2,Supply Bolt Piston [ML],HEARTBEAT,1,0,0,-106,1
2026-09-08 15:48:18,2,Supply Bolt Piston [ML],HEARTBEAT,1,0,0,-115,-2.25
2026-09-08 15:48:28,2,Supply Bolt Piston [ML],HEARTBEAT,1,0,0,-119,-5.5
2026-09-08 15:48:38,2,Supply Bolt Piston [ML],HEARTBEAT,1,0,0,-113,-2
2026-09-08 15:48:49,2,Supply Bolt Piston [ML],HEARTBEAT,1,0,0,-112,1.5
2026-09-08 15:48:59,2,Supply Bolt Piston [ML],HEARTBEAT,1,0,0,-109,3.75
2026-09-08 15:49:10,2,Supply Bolt Piston [ML],HEARTBEAT,1,0,0,-109,3.75
2026-09-08 15:49:20,2,Supply Bolt Piston [ML],HEARTBEAT,1,0,0,-111,1.5
2026-09-08 15:49:30,2,Supply Bolt Piston [ML],HEARTBEAT,1,0,0,-111,2.5
2026-09-08 15:49:41,2,Supply Bolt Piston [ML],HEARTBEAT,1,0,0,-117,-3.5
2026-09-08 15:49:51,2,Supply Bolt Piston [ML],HEARTBEAT,1,0,0,-122,-9
2026-09-08 15:50:02,2,Supply Bolt Piston [ML],HEARTBEAT,1,0,0,-103,7.5
2026-09-08 15:50:12,2,Supply Bolt Piston [ML],HEARTBEAT,1,0,0,-106,6.5
2026-09-08 15:50:33,2,Supply Bolt Piston [ML],HEARTBEAT,1,0,0,-106,3.5
2026-09-08 15:50:43,2,Supply Bolt Piston [ML],HEARTBEAT,1,0,0,-111,2.25
2026-09-08 15:50:54,2,Supply Bolt Piston [ML],HEARTBEAT,1,0,0,-106,5.5
2026-09-08 15:51:04,2,Supply Bolt Piston [ML],HEARTBEAT,1,0,0,-109,3.5
2026-09-08 15:51:14,2,Supply Bolt Piston [ML],HEARTBEAT,1,0,0,-110,2.5
2026-09-08 15:51:25,2,Supply Bolt Piston [ML],HEARTBEAT,1,0,0,-111,0.75
2026-09-08 15:51:35,2,Supply Bolt Piston [ML],HEARTBEAT,1,0,0,-106,6.5
2026-09-08 15:51:46,2,Supply Bolt Piston [ML],HEARTBEAT,1,0,0,-109,3.25
2026-09-08 15:51:56,2,Supply Bolt Piston [ML],HEARTBEAT,1,0,0,-104,7
2026-09-08 15:52:07,2,Supply Bolt Piston [ML],HEARTBEAT,1,0,0,-109,4.25
2026-09-08 15:52:17,2,Supply Bolt Piston [ML],HEARTBEAT,1,0,0,-106,6.25
2026-09-08 15:52:27,2,Supply Bolt Piston [ML],HEARTBEAT,1,0,0,-106,6.25
2026-09-08 15:52:38,2,Supply Bolt Piston [ML],HEARTBEAT,1,0,0,-107,4.75
2026-09-08 15:52:48,2,Supply Bolt Piston [ML],HEARTBEAT,1,0,0,-103,6.25
2026-09-08 15:52:59,2,Supply Bolt Piston [ML],HEARTBEAT,1,0,0,-109,3
2026-09-08 15:53:09,2,Supply Bolt Piston [ML],HEARTBEAT,1,0,0,-106,5.5
2026-09-08 15:53:19,2,Supply Bolt Piston [ML],HEARTBEAT,1,0,0,-108,4.5
2026-09-08 15:53:30,2,Supply Bolt Piston [ML],HEARTBEAT,1,0,0,-107,4.75
2026-09-08 15:53:40,2,Supply Bolt Piston [ML],HEARTBEAT,1,0,0,-105,6.5
2026-09-08 15:53:51,2,Supply Bolt Piston [ML],HEARTBEAT,1,0,0,-105,6.75
2026-09-08 15:54:01,2,Supply Bolt Piston [ML],HEARTBEAT,1,0,0,-103,7.75
2026-09-08 15:54:11,2,Supply Bolt Piston [ML],HEARTBEAT,1,0,0,-104,4.25
2026-09-08 15:54:22,2,Supply Bolt Piston [ML],HEARTBEAT,1,0,0,-108,3.75
2026-09-08 15:54:32,2,Supply Bolt Piston [ML],HEARTBEAT,1,0,0,-104,7.75
2026-09-08 15:54:43,2,Supply Bolt Piston [ML],HEARTBEAT,1,0,0,-106,6
2026-09-08 15:54:53,2,Supply Bolt Piston [ML],HEARTBEAT,1,0,0,-106,5.25
2026-09-08 15:55:03,2,Supply Bolt Piston [ML],HEARTBEAT,1,0,0,-103,4.75
2026-09-08 15:55:14,2,Supply Bolt Piston [ML],HEARTBEAT,1,0,0,-106,6.75
2026-09-08 15:55:24,2,Supply Bolt Piston [ML],HEARTBEAT,1,0,0,-105,5.25
2026-09-08 15:55:35,2,Supply Bolt Piston [ML],HEARTBEAT,1,0,0,-105,6.75
2026-09-08 15:55:45,2,Supply Bolt Piston [ML],HEARTBEAT,1,0,0,-104,7.5
2026-09-08 15:55:55,2,Supply Bolt Piston [ML],HEARTBEAT,1,0,0,-101,7.25
2026-09-08 15:56:06,2,Supply Bolt Piston [ML],HEARTBEAT,1,0,0,-102,7.5
2026-09-08 15:56:16,2,Supply Bolt Piston [ML],HEARTBEAT,1,0,0,-100,7.25
2026-09-08 15:56:27,2,Supply Bolt Piston [ML],HEARTBEAT,1,0,0,-104,7.75
2026-09-08 15:56:37,2,Supply Bolt Piston [ML],HEARTBEAT,1,0,0,-102,8.25
2026-09-08 15:56:47,2,Supply Bolt Piston [ML],HEARTBEAT,1,0,0,-100,9.75
2026-09-08 15:56:58,2,Supply Bolt Piston [ML],HEARTBEAT,1,0,0,-97,7
2026-09-08 15:57:08,2,Supply Bolt Piston [ML],HEARTBEAT,1,0,0,-104,7
2026-09-08 15:57:19,2,Supply Bolt Piston [ML],HEARTBEAT,1,0,0,-102,6.75
2026-09-08 15:57:29,2,Supply Bolt Piston [ML],HEARTBEAT,1,0,0,-101,7.75
2026-09-08 15:57:39,2,Supply Bolt Piston [ML],HEARTBEAT,1,0,0,-101,9
2026-09-08 15:57:50,2,Supply Bolt Piston [ML],HEARTBEAT,1,0,0,-103,8.5
2026-09-08 15:58:00,2,Supply Bolt Piston [ML],HEARTBEAT,1,0,0,-103,5
2026-09-08 15:58:11,2,Supply Bolt Piston [ML],HEARTBEAT,1,0,0,-104,7.5
2026-09-08 15:58:21,2,Supply Bolt Piston [ML],HEARTBEAT,1,0,0,-102,8.5
2026-09-08 15:58:31,2,Supply Bolt Piston [ML],HEARTBEAT,1,0,0,-105,6.5
2026-09-08 15:58:42,2,Supply Bolt Piston [ML],HEARTBEAT,1,0,0,-103,7.25
2026-09-08 15:58:52,2,Supply Bolt Piston [ML],HEARTBEAT,1,0,0,-103,7.25
2026-09-08 15:59:03,2,Supply Bolt Piston [ML],HEARTBEAT,1,0,0,-102,6.25
2026-09-08 15:59:13,2,Supply Bolt Piston [ML],HEARTBEAT,1,0,0,-101,9.25
2026-09-08 15:59:24,2,Supply Bolt Piston [ML],HEARTBEAT,1,0,0,-101,5.75
2026-09-08 15:59:34,2,Supply Bolt Piston [ML],HEARTBEAT,1,0,0,-103,8
2026-09-08 15:59:44,2,Supply Bolt Piston [ML],HEARTBEAT,1,0,0,-101,8
2026-09-08 15:59:55,2,Supply Bolt Piston [ML],HEARTBEAT,1,0,0,-103,7.75
2026-09-08 16:00:05,2,Supply Bolt Piston [ML],HEARTBEAT,1,0,0,-103,8
2026-09-08 16:00:16,2,Supply Bolt Piston [ML],HEARTBEAT,1,0,0,-101,4.5
2026-09-08 16:00:26,2,Supply Bolt Piston [ML],HEARTBEAT,1,0,0,-106,4.5
2026-09-08 16:00:36,2,Supply Bolt Piston [ML],HEARTBEAT,1,0,0,-108,4.25
2026-09-08 16:00:47,2,Supply Bolt Piston [ML],HEARTBEAT,1,0,0,-102,8.5
2026-09-08 16:00:57,2,Supply Bolt Piston [ML],HEARTBEAT,1,0,0,-103,7.5
2026-09-08 16:01:08,2,Supply Bolt Piston [ML],HEARTBEAT,1,0,0,-103,7.5
2026-09-08 16:01:18,2,Supply Bolt Piston [ML],HEARTBEAT,1,0,0,-105,5.5
2026-09-08 16:01:28,2,Supply Bolt Piston [ML],HEARTBEAT,1,0,0,-103,8.5
2026-09-08 16:01:39,2,Supply Bolt Piston [ML],HEARTBEAT,1,0,0,-105,6.5
2026-09-08 16:01:49,2,Supply Bolt Piston [ML],HEARTBEAT,1,0,0,-105,7.25
2026-09-08 16:02:00,2,Supply Bolt Piston [ML],HEARTBEAT,1,0,0,-102,8.5
2026-09-08 16:02:10,2,Supply Bolt Piston [ML],HEARTBEAT,1,0,0,-103,6
2026-09-08 16:02:20,2,Supply Bolt Piston [ML],HEARTBEAT,1,0,0,-101,6.75
2026-09-08 16:02:31,2,Supply Bolt Piston [ML],HEARTBEAT,1,0,0,-102,7.75
2026-09-08 16:02:41,2,Supply Bolt Piston [ML],HEARTBEAT,1,0,0,-104,7.25
2026-09-08 16:02:52,2,Supply Bolt Piston [ML],HEARTBEAT,1,0,0,-101,6.5
2026-09-08 16:03:02,2,Supply Bolt Piston [ML],HEARTBEAT,1,0,0,-99,9
2026-09-08 16:03:12,2,Supply Bolt Piston [ML],HEARTBEAT,1,0,0,-100,8.75
2026-09-08 16:03:23,2,Supply Bolt Piston [ML],HEARTBEAT,1,0,0,-102,3.25
2026-09-08 16:03:33,2,Supply Bolt Piston [ML],HEARTBEAT,1,0,0,-105,5.75
2026-09-08 16:03:44,2,Supply Bolt Piston [ML],HEARTBEAT,1,0,0,-108,2.5
2026-09-08 16:03:54,2,Supply Bolt Piston [ML],HEARTBEAT,1,0,0,-108,2.75
2026-09-08 16:04:04,2,Supply Bolt Piston [ML],HEARTBEAT,1,0,0,-109,2.25
2026-09-08 16:04:15,2,Supply Bolt Piston [ML],HEARTBEAT,1,0,0,-109,3.25
2026-09-08 16:04:25,2,Supply Bolt Piston [ML],HEARTBEAT,1,0,0,-106,4.25
2026-09-08 16:04:36,2,Supply Bolt Piston [ML],HEARTBEAT,1,0,0,-107,5.75
2026-09-08 16:04:46,2,Supply Bolt Piston [ML],HEARTBEAT,1,0,0,-106,4
2026-09-08 16:04:56,2,Supply Bolt Piston [ML],HEARTBEAT,1,0,0,-107,5.5
2026-09-08 16:05:07,2,Supply Bolt Piston [ML],HEARTBEAT,1,0,0,-110,1.5
2026-09-08 16:05:17,2,Supply Bolt Piston [ML],HEARTBEAT,1,0,0,-106,1.75
2026-09-08 16:05:28,2,Supply Bolt Piston [ML],HEARTBEAT,1,0,0,-104,6.5
2026-09-08 16:05:38,2,Supply Bolt Piston [ML],HEARTBEAT,1,0,0,-103,4.75
2026-09-08 16:05:49,2,Supply Bolt Piston [ML],HEARTBEAT,1,0,0,-107,6
2026-09-08 16:05:59,2,Supply Bolt Piston [ML],HEARTBEAT,1,0,0,-105,4.75
2026-09-08 16:06:09,2,Supply Bolt Piston [ML],HEARTBEAT,1,0,0,-104,4.75
2026-09-08 16:06:20,2,Supply Bolt Piston [ML],HEARTBEAT,1,0,0,-105,5.25
2026-09-08 16:06:30,2,Supply Bolt Piston [ML],HEARTBEAT,1,0,0,-106,6.25
2026-09-08 16:06:41,2,Supply Bolt Piston [ML],HEARTBEAT,1,0,0,-105,5.75
2026-09-08 16:06:51,2,Supply Bolt Piston [ML],HEARTBEAT,1,0,0,-104,5.25
2026-09-08 16:07:01,2,Supply Bolt Piston [ML],HEARTBEAT,1,0,0,-104,7.25
2026-09-08 16:07:12,2,Supply Bolt Piston [ML],HEARTBEAT,1,0,0,-105,7.25
2026-09-08 16:07:22,2,Supply Bolt Piston [ML],HEARTBEAT,1,0,0,-104,4.5
2026-09-08 16:07:33,2,Supply Bolt Piston [ML],HEARTBEAT,1,0,0,-106,5.25
2026-09-08 16:07:43,2,Supply Bolt Piston [ML],HEARTBEAT,1,0,0,-106,4.75
2026-09-08 16:07:53,2,Supply Bolt Piston [ML],HEARTBEAT,1,0,0,-103,8
2026-09-08 16:08:04,2,Supply Bolt Piston [ML],HEARTBEAT,1,0,0,-105,5
2026-09-08 16:08:14,2,Supply Bolt Piston [ML],HEARTBEAT,1,0,0,-105,6.25
2026-09-08 16:08:25,2,Supply Bolt Piston [ML],HEARTBEAT,1,0,0,-104,4.25
2026-09-08 16:08:45,2,Supply Bolt Piston [ML],HEARTBEAT,1,0,0,-105,6.25
2026-09-08 16:08:56,2,Supply Bolt Piston [ML],HEARTBEAT,1,0,0,-105,4.75
2026-09-08 16:09:06,2,Supply Bolt Piston [ML],HEARTBEAT,1,0,0,-104,4.25
2026-09-08 16:09:17,2,Supply Bolt Piston [ML],HEARTBEAT,1,0,0,-105,7
2026-09-08 16:09:27,2,Supply Bolt Piston [ML],HEARTBEAT,1,0,0,-104,6.5
2026-09-08 16:09:37,2,Supply Bolt Piston [ML],HEARTBEAT,1,0,0,-104,6.25
2026-09-08 16:09:48,2,Supply Bolt Piston [ML],HEARTBEAT,1,0,0,-104,4
2026-09-08 16:09:58,2,Supply Bolt Piston [ML],HEARTBEAT,1,0,0,-105,6.75
2026-09-08 16:10:09,2,Supply Bolt Piston [ML],HEARTBEAT,1,0,0,-104,5.75
2026-09-08 16:10:19,2,Supply Bolt Piston [ML],HEARTBEAT,1,0,0,-106,5.75
2026-09-08 16:10:29,2,Supply Bolt Piston [ML],HEARTBEAT,1,0,0,-103,6.5
2026-09-08 16:10:40,2,Supply Bolt Piston [ML],HEARTBEAT,1,0,0,-104,6.25
2026-09-08 16:10:50,2,Supply Bolt Piston [ML],HEARTBEAT,1,0,0,-105,5
2026-09-08 16:11:01,2,Supply Bolt Piston [ML],HEARTBEAT,1,0,0,-105,7
2026-09-08 16:11:11,2,Supply Bolt Piston [ML],HEARTBEAT,1,0,0,-105,6.75
2026-09-08 16:11:21,2,Supply Bolt Piston [ML],HEARTBEAT,1,0,0,-104,7
2026-09-08 16:11:32,2,Supply Bolt Piston [ML],HEARTBEAT,1,0,0,-105,4.75
2026-09-08 16:11:42,2,Supply Bolt Piston [ML],HEARTBEAT,1,0,0,-104,6.5
2026-09-08 16:11:53,2,Supply Bolt Piston [ML],HEARTBEAT,1,0,0,-105,6
2026-09-08 16:12:03,2,Supply Bolt Piston [ML],HEARTBEAT,1,0,0,-106,6
2026-09-08 16:12:13,2,Supply Bolt Piston [ML],HEARTBEAT,1,0,0,-101,4.75
2026-09-08 16:12:24,2,Supply Bolt Piston [ML],HEARTBEAT,1,0,0,-105,5
2026-09-08 16:12:34,2,Supply Bolt Piston [ML],HEARTBEAT,1,0,0,-103,4.5
2026-09-08 16:12:45,2,Supply Bolt Piston [ML],HEARTBEAT,1,0,0,-107,4.75
2026-09-08 16:12:55,2,Supply Bolt Piston [ML],HEARTBEAT,1,0,0,-106,5.75
2026-09-08 16:13:05,2,Supply Bolt Piston [ML],HEARTBEAT,1,0,0,-103,6.5
2026-09-08 16:13:16,2,Supply Bolt Piston [ML],HEARTBEAT,1,0,0,-107,4.5
2026-09-08 16:13:26,2,Supply Bolt Piston [ML],HEARTBEAT,1,0,0,-104,6.25
2026-09-08 16:13:37,2,Supply Bolt Piston [ML],HEARTBEAT,1,0,0,-108,4.75
2026-09-08 16:13:47,2,Supply Bolt Piston [ML],HEARTBEAT,1,0,0,-104,5.75
2026-09-08 16:13:58,2,Supply Bolt Piston [ML],HEARTBEAT,1,0,0,-103,7.75
2026-09-08 16:14:08,2,Supply Bolt Piston [ML],HEARTBEAT,1,0,0,-107,5.25
2026-09-08 16:14:18,2,Supply Bolt Piston [ML],HEARTBEAT,1,0,0,-102,6
2026-09-08 16:14:29,2,Supply Bolt Piston [ML],HEARTBEAT,1,0,0,-102,6.75
2026-09-08 16:14:39,2,Supply Bolt Piston [ML],HEARTBEAT,1,0,0,-106,6.5
2026-09-08 16:14:50,2,Supply Bolt Piston [ML],HEARTBEAT,1,0,0,-105,5.75
2026-09-08 16:15:00,2,Supply Bolt Piston [ML],HEARTBEAT,1,0,0,-106,5.5
2026-09-08 16:15:10,2,Supply Bolt Piston [ML],HEARTBEAT,1,0,0,-104,5.75
2026-09-08 16:15:21,2,Supply Bolt Piston [ML],HEARTBEAT,1,0,0,-102,7.25
2026-09-08 16:15:31,2,Supply Bolt Piston [ML],HEARTBEAT,1,0,0,-105,6.75
2026-09-08 16:15:42,2,Supply Bolt Piston [ML],HEARTBEAT,1,0,0,-105,7
2026-09-08 16:15:52,2,Supply Bolt Piston [ML],HEARTBEAT,1,0,0,-103,5.5
2026-09-08 16:16:02,2,Supply Bolt Piston [ML],HEARTBEAT,1,0,0,-107,1.5
2026-09-08 16:16:13,2,Supply Bolt Piston [ML],HEARTBEAT,1,0,0,-105,6
2026-09-08 16:16:23,2,Supply Bolt Piston [ML],HEARTBEAT,1,0,0,-105,6.5
2026-09-08 16:16:34,2,Supply Bolt Piston [ML],HEARTBEAT,1,0,0,-107,5
2026-09-08 16:16:44,2,Supply Bolt Piston [ML],HEARTBEAT,1,0,0,-106,4.75
2026-09-08 16:16:54,2,Supply Bolt Piston [ML],HEARTBEAT,1,0,0,-107,4.75
2026-09-08 16:17:05,2,Supply Bolt Piston [ML],HEARTBEAT,1,0,0,-106,6
2026-09-08 16:17:15,2,Supply Bolt Piston [ML],HEARTBEAT,1,0,0,-107,4.75
2026-09-08 16:17:26,2,Supply Bolt Piston [ML],HEARTBEAT,1,0,0,-105,5.25
2026-09-08 16:17:36,2,Supply Bolt Piston [ML],HEARTBEAT,1,0,0,-106,6.25
2026-09-08 16:17:46,2,Supply Bolt Piston [ML],HEARTBEAT,1,0,0,-106,4.5
2026-09-08 16:17:57,2,Supply Bolt Piston [ML],HEARTBEAT,1,0,0,-109,4.25
2026-09-08 16:18:07,2,Supply Bolt Piston [ML],HEARTBEAT,1,0,0,-109,4
2026-09-08 16:18:18,2,Supply Bolt Piston [ML],HEARTBEAT,1,0,0,-109,4.25
2026-09-08 16:18:28,2,Supply Bolt Piston [ML],HEARTBEAT,1,0,0,-105,4.75
2026-09-08 16:18:38,2,Supply Bolt Piston [ML],HEARTBEAT,1,0,0,-106,6
2026-09-08 16:18:49,2,Supply Bolt Piston [ML],HEARTBEAT,1,0,0,-110,3.25
2026-09-08 16:18:59,2,Supply Bolt Piston [ML],HEARTBEAT,1,0,0,-105,5
2026-09-08 16:19:10,2,Supply Bolt Piston [ML],HEARTBEAT,1,0,0,-106,5.75
2026-09-08 16:19:20,2,Supply Bolt Piston [ML],HEARTBEAT,1,0,0,-106,6.75
2026-09-08 16:19:30,2,Supply Bolt Piston [ML],HEARTBEAT,1,0,0,-106,6.5
2026-09-08 16:19:41,2,Supply Bolt Piston [ML],HEARTBEAT,1,0,0,-109,4.25
2026-09-08 16:19:51,2,Supply Bolt Piston [ML],HEARTBEAT,1,0,0,-103,6.75
2026-09-08 16:20:02,2,Supply Bolt Piston [ML],HEARTBEAT,1,0,0,-105,5.5
2026-09-08 16:20:12,2,Supply Bolt Piston [ML],HEARTBEAT,1,0,0,-105,5.5
2026-09-08 16:20:33,2,Supply Bolt Piston [ML],HEARTBEAT,1,0,0,-105,5.75
2026-09-08 16:20:43,2,Supply Bolt Piston [ML],HEARTBEAT,1,0,0,-104,3.75
2026-09-08 16:20:54,2,Supply Bolt Piston [ML],HEARTBEAT,1,0,0,-106,6.75
2026-09-08 16:21:04,2,Supply Bolt Piston [ML],HEARTBEAT,1,0,0,-106,6.25
2026-09-08 16:21:15,2,Supply Bolt Piston [ML],HEARTBEAT,1,0,0,-106,5.25
2026-09-08 16:21:25,2,Supply Bolt Piston [ML],HEARTBEAT,1,0,0,-107,4.5
2026-09-08 16:21:35,2,Supply Bolt Piston [ML],HEARTBEAT,1,0,0,-105,4
2026-09-08 16:21:46,2,Supply Bolt Piston [ML],HEARTBEAT,1,0,0,-106,5.5
2026-09-08 16:21:56,2,Supply Bolt Piston [ML],HEARTBEAT,1,0,0,-108,4.75
2026-09-08 16:22:07,2,Supply Bolt Piston [ML],HEARTBEAT,1,0,0,-104,5.25
2026-09-08 16:22:17,2,Supply Bolt Piston [ML],HEARTBEAT,1,0,0,-106,6.5
2026-09-08 16:22:27,2,Supply Bolt Piston [ML],HEARTBEAT,1,0,0,-102,6.75
2026-09-08 16:22:38,2,Supply Bolt Piston [ML],HEARTBEAT,1,0,0,-101,4.75
2026-09-08 16:22:48,2,Supply Bolt Piston [ML],HEARTBEAT,1,0,0,-103,8.5
2026-09-08 16:22:59,2,Supply Bolt Piston [ML],HEARTBEAT,1,0,0,-102,7.75
2026-09-08 16:23:09,2,Supply Bolt Piston [ML],HEARTBEAT,1,0,0,-101,8
2026-09-08 16:23:19,2,Supply Bolt Piston [ML],HEARTBEAT,1,0,0,-101,7.25
2026-09-08 16:23:30,2,Supply Bolt Piston [ML],HEARTBEAT,1,0,0,-101,8.25
2026-09-08 16:23:40,2,Supply Bolt Piston [ML],HEARTBEAT,1,0,0,-103,6
2026-09-08 16:23:51,2,Supply Bolt Piston [ML],HEARTBEAT,1,0,0,-108,4.75
2026-09-08 16:24:01,2,Supply Bolt Piston [ML],HEARTBEAT,1,0,0,-105,4.75
2026-09-08 16:24:11,2,Supply Bolt Piston [ML],HEARTBEAT,1,0,0,-107,6
2026-09-08 16:24:22,2,Supply Bolt Piston [ML],HEARTBEAT,1,0,0,-104,5.5
2026-09-08 16:24:32,2,Supply Bolt Piston [ML],HEARTBEAT,1,0,0,-103,7
2026-09-08 16:24:43,2,Supply Bolt Piston [ML],HEARTBEAT,1,0,0,-106,6.25
2026-09-08 16:24:53,2,Supply Bolt Piston [ML],HEARTBEAT,1,0,0,-102,5.5
2026-09-08 16:25:03,2,Supply Bolt Piston [ML],HEARTBEAT,1,0,0,-106,4
2026-09-08 16:25:14,2,Supply Bolt Piston [ML],HEARTBEAT,1,0,0,-103,6.5
2026-09-08 16:25:24,2,Supply Bolt Piston [ML],HEARTBEAT,1,0,0,-106,5.75
2026-09-08 16:25:35,2,Supply Bolt Piston [ML],HEARTBEAT,1,0,0,-104,4.75
2026-09-08 16:25:45,2,Supply Bolt Piston [ML],HEARTBEAT,1,0,0,-106,6.5
2026-09-08 16:25:55,2,Supply Bolt Piston [ML],HEARTBEAT,1,0,0,-103,7
2026-09-08 16:26:06,2,Supply Bolt Piston [ML],HEARTBEAT,1,0,0,-103,6.75
2026-09-08 16:26:16,2,Supply Bolt Piston [ML],HEARTBEAT,1,0,0,-103,7.5
2026-09-08 16:26:27,2,Supply Bolt Piston [ML],HEARTBEAT,1,0,0,-105,7
2026-09-08 16:26:37,2,Supply Bolt Piston [ML],HEARTBEAT,1,0,0,-103,6.75
2026-09-08 16:26:47,2,Supply Bolt Piston [ML],HEARTBEAT,1,0,0,-108,4.5
2026-09-08 16:26:58,2,Supply Bolt Piston [ML],HEARTBEAT,1,0,0,-102,5
2026-09-08 16:27:08,2,Supply Bolt Piston [ML],HEARTBEAT,1,0,0,-105,7.25
2026-09-08 16:27:19,2,Supply Bolt Piston [ML],HEARTBEAT,1,0,0,-105,6.75
2026-09-08 16:27:29,2,Supply Bolt Piston [ML],HEARTBEAT,1,0,0,-101,5.75
2026-09-08 16:27:39,2,Supply Bolt Piston [ML],HEARTBEAT,1,0,0,-103,7.5
2026-09-08 16:27:50,2,Supply Bolt Piston [ML],HEARTBEAT,1,0,0,-103,7.25
2026-09-08 16:28:00,2,Supply Bolt Piston [ML],HEARTBEAT,1,0,0,-103,7.5
2026-09-08 16:28:11,2,Supply Bolt Piston [ML],HEARTBEAT,1,0,0,-103,7.75
2026-09-08 16:28:32,2,Supply Bolt Piston [ML],HEARTBEAT,1,0,0,-102,8.25
2026-09-08 16:28:42,2,Supply Bolt Piston [ML],HEARTBEAT,1,0,0,-106,2.5
2026-09-08 16:28:52,2,Supply Bolt Piston [ML],HEARTBEAT,1,0,0,-104,7.5
2026-09-08 16:29:03,2,Supply Bolt Piston [ML],HEARTBEAT,1,0,0,-104,7.25
2026-09-08 16:29:13,2,Supply Bolt Piston [ML],HEARTBEAT,1,0,0,-101,7
2026-09-08 16:29:24,2,Supply Bolt Piston [ML],HEARTBEAT,1,0,0,-104,6.75
2026-09-08 16:29:34,2,Supply Bolt Piston [ML],HEARTBEAT,1,0,0,-103,6.25
2026-09-08 16:29:44,2,Supply Bolt Piston [ML],HEARTBEAT,1,0,0,-105,6.75
2026-09-08 16:29:55,2,Supply Bolt Piston [ML],HEARTBEAT,1,0,0,-108,5.25
2026-09-08 16:30:05,2,Supply Bolt Piston [ML],HEARTBEAT,1,0,0,-108,4
2026-09-08 16:30:16,2,Supply Bolt Piston [ML],HEARTBEAT,1,0,0,-103,5.5
2026-09-08 16:30:26,2,Supply Bolt Piston [ML],HEARTBEAT,1,0,0,-104,5.5
2026-09-08 16:30:36,2,Supply Bolt Piston [ML],HEARTBEAT,1,0,0,-104,6.25
2026-09-08 16:30:47,2,Supply Bolt Piston [ML],HEARTBEAT,1,0,0,-106,6.5
2026-09-08 16:30:57,2,Supply Bolt Piston [ML],HEARTBEAT,1,0,0,-106,5
2026-09-08 16:31:08,2,Supply Bolt Piston [ML],HEARTBEAT,1,0,0,-105,5.25
2026-09-08 16:31:18,2,Supply Bolt Piston [ML],HEARTBEAT,1,0,0,-104,6
2026-09-08 16:31:28,2,Supply Bolt Piston [ML],HEARTBEAT,1,0,0,-105,7
2026-09-08 16:31:39,2,Supply Bolt Piston [ML],HEARTBEAT,1,0,0,-104,6.25
2026-09-08 16:31:49,2,Supply Bolt Piston [ML],HEARTBEAT,1,0,0,-102,5.5
2026-09-08 16:32:00,2,Supply Bolt Piston [ML],HEARTBEAT,1,0,0,-104,5.75
2026-09-08 16:32:10,2,Supply Bolt Piston [ML],HEARTBEAT,1,0,0,-105,3.75
2026-09-08 16:32:20,2,Supply Bolt Piston [ML],HEARTBEAT,1,0,0,-106,6.5
2026-09-08 16:32:31,2,Supply Bolt Piston [ML],HEARTBEAT,1,0,0,-107,4.5
2026-09-08 16:32:41,2,Supply Bolt Piston [ML],HEARTBEAT,1,0,0,-105,7
2026-09-08 16:32:52,2,Supply Bolt Piston [ML],HEARTBEAT,1,0,0,-108,3.75
2026-09-08 16:33:02,2,Supply Bolt Piston [ML],HEARTBEAT,1,0,0,-109,3.5
2026-09-08 16:33:12,2,Supply Bolt Piston [ML],HEARTBEAT,1,0,0,-106,5.5
2026-09-08 16:33:23,2,Supply Bolt Piston [ML],HEARTBEAT,1,0,0,-109,3.25
2026-09-08 16:33:33,2,Supply Bolt Piston [ML],HEARTBEAT,1,0,0,-106,4.5
2026-09-08 16:33:44,2,Supply Bolt Piston [ML],HEARTBEAT,1,0,0,-105,3
2026-09-08 16:33:54,2,Supply Bolt Piston [ML],HEARTBEAT,1,0,0,-106,5.75
2026-09-08 16:34:04,2,Supply Bolt Piston [ML],HEARTBEAT,1,0,0,-108,3.5
2026-09-08 16:34:15,2,Supply Bolt Piston [ML],HEARTBEAT,1,0,0,-109,2
2026-09-08 16:34:25,2,Supply Bolt Piston [ML],HEARTBEAT,1,0,0,-105,3
2026-09-08 16:34:36,2,Supply Bolt Piston [ML],HEARTBEAT,1,0,0,-108,3.25
2026-09-08 16:34:46,2,Supply Bolt Piston [ML],HEARTBEAT,1,0,0,-107,5.5
2026-09-08 16:34:56,2,Supply Bolt Piston [ML],HEARTBEAT,1,0,0,-107,6.25
2026-09-08 16:35:07,2,Supply Bolt Piston [ML],HEARTBEAT,1,0,0,-106,5
2026-09-08 16:35:17,2,Supply Bolt Piston [ML],HEARTBEAT,1,0,0,-105,6
2026-09-08 16:35:28,2,Supply Bolt Piston [ML],HEARTBEAT,1,0,0,-108,4
2026-09-08 16:35:38,2,Supply Bolt Piston [ML],HEARTBEAT,1,0,0,-105,7
2026-09-08 16:35:49,2,Supply Bolt Piston [ML],HEARTBEAT,1,0,0,-105,5.5
2026-09-08 16:35:59,2,Supply Bolt Piston [ML],HEARTBEAT,1,0,0,-103,3.75
2026-09-08 16:36:09,2,Supply Bolt Piston [ML],HEARTBEAT,1,0,0,-109,1.75
2026-09-08 16:36:20,2,Supply Bolt Piston [ML],HEARTBEAT,1,0,0,-108,4.5
2026-09-08 16:36:30,2,Supply Bolt Piston [ML],HEARTBEAT,1,0,0,-106,6.25
2026-09-08 16:36:41,2,Supply Bolt Piston [ML],HEARTBEAT,1,0,0,-105,6.5
2026-09-08 16:36:51,2,Supply Bolt Piston [ML],HEARTBEAT,1,0,0,-103,5.5
2026-09-08 16:37:01,2,Supply Bolt Piston [ML],HEARTBEAT,1,0,0,-105,6.75
2026-09-08 16:37:12,2,Supply Bolt Piston [ML],HEARTBEAT,1,0,0,-104,5
2026-09-08 16:37:22,2,Supply Bolt Piston [ML],HEARTBEAT,1,0,0,-106,4
2026-09-08 16:37:33,2,Supply Bolt Piston [ML],HEARTBEAT,1,0,0,-105,6.25
2026-09-08 16:37:43,2,Supply Bolt Piston [ML],HEARTBEAT,1,0,0,-104,7.5
2026-09-08 16:37:53,2,Supply Bolt Piston [ML],HEARTBEAT,1,0,0,-103,6.75
2026-09-08 16:38:04,2,Supply Bolt Piston [ML],HEARTBEAT,1,0,0,-100,5.5
2026-09-08 16:38:14,2,Supply Bolt Piston [ML],HEARTBEAT,1,0,0,-102,7.75
2026-09-08 16:38:25,2,Supply Bolt Piston [ML],HEARTBEAT,1,0,0,-102,5
2026-09-08 16:38:35,2,Supply Bolt Piston [ML],HEARTBEAT,1,0,0,-104,6.5
2026-09-08 16:38:45,2,Supply Bolt Piston [ML],HEARTBEAT,1,0,0,-102,7.5
2026-09-08 16:38:56,2,Supply Bolt Piston [ML],HEARTBEAT,1,0,0,-105,6.75
2026-09-08 16:39:06,2,Supply Bolt Piston [ML],HEARTBEAT,1,0,0,-106,6.25
2026-09-08 16:39:17,2,Supply Bolt Piston [ML],HEARTBEAT,1,0,0,-105,7
2026-09-08 16:39:27,2,Supply Bolt Piston [ML],HEARTBEAT,1,0,0,-106,5.75
2026-09-08 16:39:37,2,Supply Bolt Piston [ML],HEARTBEAT,1,0,0,-106,5.5
2026-09-08 16:39:48,2,Supply Bolt Piston [ML],HEARTBEAT,1,0,0,-107,3
2026-09-08 16:39:58,2,Supply Bolt Piston [ML],HEARTBEAT,1,0,0,-109,4.25
2026-09-08 16:40:09,2,Supply Bolt Piston [ML],HEARTBEAT,1,0,0,-103,7.75
2026-09-08 16:40:19,2,Supply Bolt Piston [ML],HEARTBEAT,1,0,0,-105,6.5
2026-09-08 16:40:29,2,Supply Bolt Piston [ML],HEARTBEAT,1,0,0,-105,5.75
2026-09-08 16:40:40,2,Supply Bolt Piston [ML],HEARTBEAT,1,0,0,-108,4.75
2026-09-08 16:40:50,2,Supply Bolt Piston [ML],HEARTBEAT,1,0,0,-106,5.25
2026-09-08 16:41:01,2,Supply Bolt Piston [ML],HEARTBEAT,1,0,0,-109,3.5
2026-09-08 16:41:11,2,Supply Bolt Piston [ML],HEARTBEAT,1,0,0,-106,6
2026-09-08 16:41:21,2,Supply Bolt Piston [ML],HEARTBEAT,1,0,0,-106,6
2026-09-08 16:41:32,2,Supply Bolt Piston [ML],HEARTBEAT,1,0,0,-108,-0.25
2026-09-08 16:41:42,2,Supply Bolt Piston [ML],HEARTBEAT,1,0,0,-108,3.5
2026-09-08 16:41:53,2,Supply Bolt Piston [ML],HEARTBEAT,1,0,0,-107,3.25
2026-09-08 16:42:03,2,Supply Bolt Piston [ML],HEARTBEAT,1,0,0,-107,4.75
2026-09-08 16:42:13,2,Supply Bolt Piston [ML],HEARTBEAT,1,0,0,-106,2
2026-09-08 16:42:24,2,Supply Bolt Piston [ML],HEARTBEAT,1,0,0,-108,4
2026-09-08 16:42:34,2,Supply Bolt Piston [ML],HEARTBEAT,1,0,0,-107,3.75
2026-09-08 16:42:45,2,Supply Bolt Piston [ML],HEARTBEAT,1,0,0,-106,5.25
2026-09-08 16:42:55,2,Supply Bolt Piston [ML],HEARTBEAT,1,0,0,-105,5
2026-09-08 16:43:06,2,Supply Bolt Piston [ML],HEARTBEAT,1,0,0,-107,4.25
2026-09-08 16:43:16,2,Supply Bolt Piston [ML],HEARTBEAT,1,0,0,-111,1
2026-09-08 16:43:26,2,Supply Bolt Piston [ML],HEARTBEAT,1,0,0,-109,3
2026-09-08 16:43:37,2,Supply Bolt Piston [ML],HEARTBEAT,1,0,0,-106,6
2026-09-08 16:43:47,2,Supply Bolt Piston [ML],HEARTBEAT,1,0,0,-107,5.25
2026-09-08 16:43:58,2,Supply Bolt Piston [ML],HEARTBEAT,1,0,0,-106,4.5
2026-09-08 16:44:08,2,Supply Bolt Piston [ML],HEARTBEAT,1,0,0,-108,3.5
2026-09-08 16:44:18,2,Supply Bolt Piston [ML],HEARTBEAT,1,0,0,-106,2.75
2026-09-08 16:44:29,2,Supply Bolt Piston [ML],HEARTBEAT,1,0,0,-110,1.5
2026-09-08 16:44:39,2,Supply Bolt Piston [ML],HEARTBEAT,1,0,0,-110,2.75
2026-09-08 16:44:50,2,Supply Bolt Piston [ML],HEARTBEAT,1,0,0,-107,3.25
2026-09-08 16:45:00,2,Supply Bolt Piston [ML],HEARTBEAT,1,0,0,-109,3
2026-09-08 16:45:10,2,Supply Bolt Piston [ML],HEARTBEAT,1,0,0,-107,3.75
2026-09-08 16:45:21,2,Supply Bolt Piston [ML],HEARTBEAT,1,0,0,-105,6.25
2026-09-08 16:45:31,2,Supply Bolt Piston [ML],HEARTBEAT,1,0,0,-104,7.5
2026-09-08 16:45:42,2,Supply Bolt Piston [ML],HEARTBEAT,1,0,0,-101,7.5
2026-09-08 16:45:52,2,Supply Bolt Piston [ML],HEARTBEAT,1,0,0,-104,4.5
2026-09-08 16:46:02,2,Supply Bolt Piston [ML],HEARTBEAT,1,0,0,-105,6.75
2026-09-08 16:46:13,2,Supply Bolt Piston [ML],HEARTBEAT,1,0,0,-105,5.75
2026-09-08 16:46:23,2,Supply Bolt Piston [ML],HEARTBEAT,1,0,0,-106,6.5
2026-09-08 16:46:34,2,Supply Bolt Piston [ML],HEARTBEAT,1,0,0,-106,6.75
2026-09-08 16:46:44,2,Supply Bolt Piston [ML],HEARTBEAT,1,0,0,-104,5.75
2026-09-08 16:46:54,2,Supply Bolt Piston [ML],HEARTBEAT,1,0,0,-103,7
2026-09-08 16:47:05,2,Supply Bolt Piston [ML],HEARTBEAT,1,0,0,-104,5
2026-09-08 16:47:15,2,Supply Bolt Piston [ML],HEARTBEAT,1,0,0,-105,5.5
2026-09-08 16:47:26,2,Supply Bolt Piston [ML],HEARTBEAT,1,0,0,-105,6.25
2026-09-08 16:47:36,2,Supply Bolt Piston [ML],HEARTBEAT,1,0,0,-106,2.5
2026-09-08 16:47:46,2,Supply Bolt Piston [ML],HEARTBEAT,1,0,0,-106,4.75
2026-09-08 16:47:57,2,Supply Bolt Piston [ML],HEARTBEAT,1,0,0,-108,4.5
2026-09-08 16:48:07,2,Supply Bolt Piston [ML],HEARTBEAT,1,0,0,-106,6
2026-09-08 16:48:18,2,Supply Bolt Piston [ML],HEARTBEAT,1,0,0,-103,7
2026-09-08 16:48:28,2,Supply Bolt Piston [ML],HEARTBEAT,1,0,0,-103,7.75
2026-09-08 16:48:38,2,Supply Bolt Piston [ML],HEARTBEAT,1,0,0,-106,6.75
2026-09-08 16:48:49,2,Supply Bolt Piston [ML],HEARTBEAT,1,0,0,-105,6.25
2026-09-08 16:48:59,2,Supply Bolt Piston [ML],HEARTBEAT,1,0,0,-103,5.25
2026-09-08 16:49:10,2,Supply Bolt Piston [ML],HEARTBEAT,1,0,0,-104,6.25
2026-09-08 16:49:20,2,Supply Bolt Piston [ML],HEARTBEAT,1,0,0,-105,4.25
2026-09-08 16:49:30,2,Supply Bolt Piston [ML],HEARTBEAT,1,0,0,-106,5.25
2026-09-08 16:49:41,2,Supply Bolt Piston [ML],HEARTBEAT,1,0,0,-105,4.5
2026-09-08 16:49:51,2,Supply Bolt Piston [ML],HEARTBEAT,1,0,0,-105,6
2026-09-08 16:50:02,2,Supply Bolt Piston [ML],HEARTBEAT,1,0,0,-106,5
2026-09-08 16:50:12,2,Supply Bolt Piston [ML],HEARTBEAT,1,0,0,-105,6.75
2026-09-08 16:50:23,2,Supply Bolt Piston [ML],HEARTBEAT,1,0,0,-104,7.5
2026-09-08 16:50:33,2,Supply Bolt Piston [ML],HEARTBEAT,1,0,0,-105,7
2026-09-08 16:50:43,2,Supply Bolt Piston [ML],HEARTBEAT,1,0,0,-103,5.25
2026-09-08 16:50:54,2,Supply Bolt Piston [ML],HEARTBEAT,1,0,0,-104,6
2026-09-08 16:51:04,2,Supply Bolt Piston [ML],HEARTBEAT,1,0,0,-103,8
2026-09-08 16:51:15,2,Supply Bolt Piston [ML],HEARTBEAT,1,0,0,-105,6
2026-09-08 16:51:25,2,Supply Bolt Piston [ML],HEARTBEAT,1,0,0,-106,6.25
2026-09-08 16:51:35,2,Supply Bolt Piston [ML],HEARTBEAT,1,0,0,-103,3.75
2026-09-08 16:51:46,2,Supply Bolt Piston [ML],HEARTBEAT,1,0,0,-108,5.25
2026-09-08 16:51:56,2,Supply Bolt Piston [ML],HEARTBEAT,1,0,0,-102,7.25
2026-09-08 16:52:07,2,Supply Bolt Piston [ML],HEARTBEAT,1,0,0,-106,5
2026-09-08 16:52:17,2,Supply Bolt Piston [ML],HEARTBEAT,1,0,0,-108,3.5
2026-09-08 16:52:27,2,Supply Bolt Piston [ML],HEARTBEAT,1,0,0,-106,6.25
2026-09-08 16:52:38,2,Supply Bolt Piston [ML],HEARTBEAT,1,0,0,-108,2.5
2026-09-08 16:52:48,2,Supply Bolt Piston [ML],HEARTBEAT,1,0,0,-109,4.25
2026-09-08 16:52:59,2,Supply Bolt Piston [ML],HEARTBEAT,1,0,0,-104,4
2026-09-08 16:53:09,2,Supply Bolt Piston [ML],HEARTBEAT,1,0,0,-108,2.75
2026-09-08 16:53:19,2,Supply Bolt Piston [ML],HEARTBEAT,1,0,0,-106,3.75
2026-09-08 16:53:30,2,Supply Bolt Piston [ML],HEARTBEAT,1,0,0,-107,2.75
2026-09-08 16:53:40,2,Supply Bolt Piston [ML],HEARTBEAT,1,0,0,-107,6
2026-09-08 16:53:51,2,Supply Bolt Piston [ML],HEARTBEAT,1,0,0,-106,5.25
2026-09-08 16:54:01,2,Supply Bolt Piston [ML],HEARTBEAT,1,0,0,-107,5.5
2026-09-08 16:54:11,2,Supply Bolt Piston [ML],HEARTBEAT,1,0,0,-106,6.25
2026-09-08 16:54:22,2,Supply Bolt Piston [ML],HEARTBEAT,1,0,0,-106,5.75
2026-09-08 16:54:32,2,Supply Bolt Piston [ML],HEARTBEAT,1,0,0,-106,6.25
2026-09-08 16:54:43,2,Supply Bolt Piston [ML],HEARTBEAT,1,0,0,-106,5
2026-09-08 16:54:53,2,Supply Bolt Piston [ML],HEARTBEAT,1,0,0,-107,3
2026-09-08 16:55:03,2,Supply Bolt Piston [ML],HEARTBEAT,1,0,0,-105,3.5
2026-09-08 16:55:14,2,Supply Bolt Piston [ML],HEARTBEAT,1,0,0,-104,2.25
2026-09-08 16:55:24,2,Supply Bolt Piston [ML],HEARTBEAT,1,0,0,-106,5.25
2026-09-08 16:55:35,2,Supply Bolt Piston [ML],HEARTBEAT,1,0,0,-104,4.5
2026-09-08 16:55:45,2,Supply Bolt Piston [ML],HEARTBEAT,1,0,0,-105,5.5
2026-09-08 16:55:55,2,Supply Bolt Piston [ML],HEARTBEAT,1,0,0,-105,6.25
2026-09-08 16:56:06,2,Supply Bolt Piston [ML],HEARTBEAT,1,0,0,-106,6.25
2026-09-08 16:56:16,2,Supply Bolt Piston [ML],HEARTBEAT,1,0,0,-105,6
2026-09-08 16:56:27,2,Supply Bolt Piston [ML],HEARTBEAT,1,0,0,-105,5
2026-09-08 16:56:37,2,Supply Bolt Piston [ML],HEARTBEAT,1,0,0,-106,5
2026-09-08 16:56:47,2,Supply Bolt Piston [ML],HEARTBEAT,1,0,0,-108,5
2026-09-08 16:56:58,2,Supply Bolt Piston [ML],HEARTBEAT,1,0,0,-111,-2.25
2026-09-08 16:57:08,2,Supply Bolt Piston [ML],HEARTBEAT,1,0,0,-115,-1.5
2026-09-08 16:57:19,2,Supply Bolt Piston [ML],HEARTBEAT,1,0,0,-113,-2.25
2026-09-08 16:57:29,2,Supply Bolt Piston [ML],HEARTBEAT,1,0,0,-107,0.75
2026-09-08 16:57:40,2,Supply Bolt Piston [ML],HEARTBEAT,1,0,0,-107,5.25
2026-09-08 16:57:50,2,Supply Bolt Piston [ML],HEARTBEAT,1,0,0,-108,4.5
2026-09-08 16:58:00,2,Supply Bolt Piston [ML],HEARTBEAT,1,0,0,-106,5.25
2026-09-08 16:58:11,2,Supply Bolt Piston [ML],HEARTBEAT,1,0,0,-105,4.75
2026-09-08 16:58:21,2,Supply Bolt Piston [ML],HEARTBEAT,1,0,0,-106,6.5
2026-09-08 16:58:32,2,Supply Bolt Piston [ML],HEARTBEAT,1,0,0,-106,6.5
2026-09-08 16:58:42,2,Supply Bolt Piston [ML],HEARTBEAT,1,0,0,-106,7
2026-09-08 16:58:52,2,Supply Bolt Piston [ML],HEARTBEAT,1,0,0,-108,4.5
2026-09-08 16:59:03,2,Supply Bolt Piston [ML],HEARTBEAT,1,0,0,-107,4
2026-09-08 16:59:13,2,Supply Bolt Piston [ML],HEARTBEAT,1,0,0,-104,6
2026-09-08 16:59:24,2,Supply Bolt Piston [ML],HEARTBEAT,1,0,0,-111,1
2026-09-08 16:59:34,2,Supply Bolt Piston [ML],HEARTBEAT,1,0,0,-106,3
2026-09-08 16:59:44,2,Supply Bolt Piston [ML],HEARTBEAT,1,0,0,-105,3.5
2026-09-08 16:59:55,2,Supply Bolt Piston [ML],HEARTBEAT,1,0,0,-108,4.25
2026-09-08 17:00:05,2,Supply Bolt Piston [ML],HEARTBEAT,1,0,0,-108,3.25
2026-09-08 17:00:16,2,Supply Bolt Piston [ML],HEARTBEAT,1,0,0,-107,4
2026-09-08 17:00:26,2,Supply Bolt Piston [ML],HEARTBEAT,1,0,0,-109,4.25
2026-09-08 17:00:36,2,Supply Bolt Piston [ML],HEARTBEAT,1,0,0,-108,4
2026-09-08 17:00:47,2,Supply Bolt Piston [ML],HEARTBEAT,1,0,0,-105,5.25
2026-09-08 17:00:57,2,Supply Bolt Piston [ML],HEARTBEAT,1,0,0,-107,4.75
2026-09-08 17:01:08,2,Supply Bolt Piston [ML],HEARTBEAT,1,0,0,-107,4
2026-09-08 17:01:18,2,Supply Bolt Piston [ML],HEARTBEAT,1,0,0,-108,5
2026-09-08 17:01:28,2,Supply Bolt Piston [ML],HEARTBEAT,1,0,0,-107,4.75
2026-09-08 17:01:39,2,Supply Bolt Piston [ML],HEARTBEAT,1,0,0,-108,4.25
2026-09-08 17:01:49,2,Supply Bolt Piston [ML],HEARTBEAT,1,0,0,-108,3.5
2026-09-08 17:02:00,2,Supply Bolt Piston [ML],HEARTBEAT,1,0,0,-109,4.5
2026-09-08 17:02:10,2,Supply Bolt Piston [ML],HEARTBEAT,1,0,0,-107,3.25
2026-09-08 17:02:20,2,Supply Bolt Piston [ML],HEARTBEAT,1,0,0,-107,4.5
2026-09-08 17:02:31,2,Supply Bolt Piston [ML],HEARTBEAT,1,0,0,-108,1.5
2026-09-08 17:02:41,2,Supply Bolt Piston [ML],HEARTBEAT,1,0,0,-106,4
2026-09-08 17:02:52,2,Supply Bolt Piston [ML],HEARTBEAT,1,0,0,-109,4.5
2026-09-08 17:03:02,2,Supply Bolt Piston [ML],HEARTBEAT,1,0,0,-108,5
2026-09-08 17:03:12,2,Supply Bolt Piston [ML],HEARTBEAT,1,0,0,-108,5.5
2026-09-08 17:03:23,2,Supply Bolt Piston [ML],HEARTBEAT,1,0,0,-107,4.25
2026-09-08 17:03:33,2,Supply Bolt Piston [ML],HEARTBEAT,1,0,0,-107,2.5
2026-09-08 17:03:44,2,Supply Bolt Piston [ML],HEARTBEAT,1,0,0,-107,2.75
2026-09-08 17:03:54,2,Supply Bolt Piston [ML],HEARTBEAT,1,0,0,-108,4.75
2026-09-08 17:04:04,2,Supply Bolt Piston [ML],HEARTBEAT,1,0,0,-105,4.25
2026-09-08 17:04:15,2,Supply Bolt Piston [ML],HEARTBEAT,1,0,0,-107,3.25
2026-09-08 17:04:25,2,Supply Bolt Piston [ML],HEARTBEAT,1,0,0,-106,4.5
2026-09-08 17:04:36,2,Supply Bolt Piston [ML],HEARTBEAT,1,0,0,-106,4
2026-09-08 17:04:46,2,Supply Bolt Piston [ML],HEARTBEAT,1,0,0,-108,3.75
2026-09-08 17:04:57,2,Supply Bolt Piston [ML],HEARTBEAT,1,0,0,-107,4.75
2026-09-08 17:05:07,2,Supply Bolt Piston [ML],HEARTBEAT,1,0,0,-109,3.5
2026-09-08 17:05:17,2,Supply Bolt Piston [ML],HEARTBEAT,1,0,0,-108,4.75
2026-09-08 17:05:28,2,Supply Bolt Piston [ML],HEARTBEAT,1,0,0,-108,1
2026-09-08 17:05:38,2,Supply Bolt Piston [ML],HEARTBEAT,1,0,0,-109,4.25
2026-09-08 17:05:49,2,Supply Bolt Piston [ML],HEARTBEAT,1,0,0,-108,5
2026-09-08 17:05:59,2,Supply Bolt Piston [ML],HEARTBEAT,1,0,0,-109,4.75
2026-09-08 17:06:09,2,Supply Bolt Piston [ML],HEARTBEAT,1,0,0,-107,2.5
2026-09-08 17:06:20,2,Supply Bolt Piston [ML],HEARTBEAT,1,0,0,-108,4
2026-09-08 17:06:30,2,Supply Bolt Piston [ML],HEARTBEAT,1,0,0,-108,4.75
2026-09-08 17:06:41,2,Supply Bolt Piston [ML],HEARTBEAT,1,0,0,-107,4.25
2026-09-08 17:06:51,2,Supply Bolt Piston [ML],HEARTBEAT,1,0,0,-108,3.75
2026-09-08 17:07:01,2,Supply Bolt Piston [ML],HEARTBEAT,1,0,0,-108,4.25
2026-09-08 17:07:12,2,Supply Bolt Piston [ML],HEARTBEAT,1,0,0,-107,4
2026-09-08 17:07:22,2,Supply Bolt Piston [ML],HEARTBEAT,1,0,0,-108,4.25
2026-09-08 17:07:33,2,Supply Bolt Piston [ML],HEARTBEAT,1,0,0,-108,5.25
2026-09-08 17:07:43,2,Supply Bolt Piston [ML],HEARTBEAT,1,0,0,-108,4.75
2026-09-08 17:07:53,2,Supply Bolt Piston [ML],HEARTBEAT,1,0,0,-107,3.25
2026-09-08 17:08:04,2,Supply Bolt Piston [ML],HEARTBEAT,1,0,0,-107,1.75
2026-09-08 17:08:14,2,Supply Bolt Piston [ML],HEARTBEAT,1,0,0,-105,2
2026-09-08 17:08:25,2,Supply Bolt Piston [ML],HEARTBEAT,1,0,0,-108,4.5
2026-09-08 17:08:35,2,Supply Bolt Piston [ML],HEARTBEAT,1,0,0,-108,3.75
2026-09-08 17:08:45,2,Supply Bolt Piston [ML],HEARTBEAT,1,0,0,-107,1.75
2026-09-08 17:08:56,2,Supply Bolt Piston [ML],HEARTBEAT,1,0,0,-109,4.5
2026-09-08 17:09:06,2,Supply Bolt Piston [ML],HEARTBEAT,1,0,0,-108,2
2026-09-08 17:09:17,2,Supply Bolt Piston [ML],HEARTBEAT,1,0,0,-108,4.75
2026-09-08 17:09:27,2,Supply Bolt Piston [ML],HEARTBEAT,1,0,0,-109,4.75
2026-09-08 17:09:37,2,Supply Bolt Piston [ML],HEARTBEAT,1,0,0,-108,4.25
2026-09-08 17:09:48,2,Supply Bolt Piston [ML],HEARTBEAT,1,0,0,-109,4.25
2026-09-08 17:09:58,2,Supply Bolt Piston [ML],HEARTBEAT,1,0,0,-108,4.5
2026-09-08 17:10:09,2,Supply Bolt Piston [ML],HEARTBEAT,1,0,0,-108,3.75
2026-09-08 17:10:19,2,Supply Bolt Piston [ML],HEARTBEAT,1,0,0,-109,4.25
2026-09-08 17:10:29,2,Supply Bolt Piston [ML],HEARTBEAT,1,0,0,-108,3.75
2026-09-08 17:10:40,2,Supply Bolt Piston [ML],HEARTBEAT,1,0,0,-109,3.75
2026-09-08 17:10:50,2,Supply Bolt Piston [ML],HEARTBEAT,1,0,0,-108,4.5
2026-09-08 17:11:01,2,Supply Bolt Piston [ML],HEARTBEAT,1,0,0,-108,4.75
2026-09-08 17:11:11,2,Supply Bolt Piston [ML],HEARTBEAT,1,0,0,-107,3.5
2026-09-08 17:11:21,2,Supply Bolt Piston [ML],HEARTBEAT,1,0,0,-108,4.75
2026-09-08 17:11:32,2,Supply Bolt Piston [ML],HEARTBEAT,1,0,0,-108,5
2026-09-08 17:11:42,2,Supply Bolt Piston [ML],HEARTBEAT,1,0,0,-107,5.75
2026-09-08 17:11:53,2,Supply Bolt Piston [ML],HEARTBEAT,1,0,0,-108,5
2026-09-08 17:12:03,2,Supply Bolt Piston [ML],HEARTBEAT,1,0,0,-108,4
2026-09-08 17:12:14,2,Supply Bolt Piston [ML],HEARTBEAT,1,0,0,-107,4.5
2026-09-08 17:12:24,2,Supply Bolt Piston [ML],HEARTBEAT,1,0,0,-107,4
2026-09-08 17:12:34,2,Supply Bolt Piston [ML],HEARTBEAT,1,0,0,-107,3
2026-09-08 17:12:45,2,Supply Bolt Piston [ML],HEARTBEAT,1,0,0,-107,4.5
2026-09-08 17:12:55,2,Supply Bolt Piston [ML],HEARTBEAT,1,0,0,-107,5.25
2026-09-08 17:13:06,2,Supply Bolt Piston [ML],HEARTBEAT,1,0,0,-107,4.5
2026-09-08 17:13:16,2,Supply Bolt Piston [ML],HEARTBEAT,1,0,0,-106,4.25
2026-09-08 17:13:26,2,Supply Bolt Piston [ML],HEARTBEAT,1,0,0,-105,4.5
2026-09-08 17:13:37,2,Supply Bolt Piston [ML],HEARTBEAT,1,0,0,-107,5
2026-09-08 17:13:47,2,Supply Bolt Piston [ML],HEARTBEAT,1,0,0,-107,5.5
2026-09-08 17:13:58,2,Supply Bolt Piston [ML],HEARTBEAT,1,0,0,-107,5.75
2026-09-08 17:14:08,2,Supply Bolt Piston [ML],HEARTBEAT,1,0,0,-108,4.75
2026-09-08 17:14:18,2,Supply Bolt Piston [ML],HEARTBEAT,1,0,0,-107,5
2026-09-08 17:14:29,2,Supply Bolt Piston [ML],HEARTBEAT,1,0,0,-106,4.5
2026-09-08 17:14:39,2,Supply Bolt Piston [ML],HEARTBEAT,1,0,0,-107,5.75
2026-09-08 17:14:50,2,Supply Bolt Piston [ML],HEARTBEAT,1,0,0,-107,5.25
2026-09-08 17:15:00,2,Supply Bolt Piston [ML],HEARTBEAT,1,0,0,-105,3.25
2026-09-08 17:15:10,2,Supply Bolt Piston [ML],HEARTBEAT,1,0,0,-103,4
2026-09-08 17:15:21,2,Supply Bolt Piston [ML],HEARTBEAT,1,0,0,-108,5
2026-09-08 17:15:31,2,Supply Bolt Piston [ML],HEARTBEAT,1,0,0,-108,4.5
2026-09-08 17:15:42,2,Supply Bolt Piston [ML],HEARTBEAT,1,0,0,-108,4.75
2026-09-08 17:15:52,2,Supply Bolt Piston [ML],HEARTBEAT,1,0,0,-108,4.25
2026-09-08 17:16:02,2,Supply Bolt Piston [ML],HEARTBEAT,1,0,0,-106,4.25
2026-09-08 17:16:13,2,Supply Bolt Piston [ML],HEARTBEAT,1,0,0,-108,4.75
2026-09-08 17:16:23,2,Supply Bolt Piston [ML],HEARTBEAT,1,0,0,-107,4.75
2026-09-08 17:16:34,2,Supply Bolt Piston [ML],HEARTBEAT,1,0,0,-109,4.25
2026-09-08 17:16:44,2,Supply Bolt Piston [ML],HEARTBEAT,1,0,0,-109,4.5
2026-09-08 17:16:54,2,Supply Bolt Piston [ML],HEARTBEAT,1,0,0,-108,4.75
2026-09-08 17:17:05,2,Supply Bolt Piston [ML],HEARTBEAT,1,0,0,-108,4.25
2026-09-08 17:17:15,2,Supply Bolt Piston [ML],HEARTBEAT,1,0,0,-108,3.75
2026-09-08 17:17:26,2,Supply Bolt Piston [ML],HEARTBEAT,1,0,0,-109,4.25
2026-09-08 17:17:36,2,Supply Bolt Piston [ML],HEARTBEAT,1,0,0,-108,3
2026-09-08 17:17:46,2,Supply Bolt Piston [ML],HEARTBEAT,1,0,0,-108,4.5
2026-09-08 17:17:57,2,Supply Bolt Piston [ML],HEARTBEAT,1,0,0,-107,3.75
2026-09-08 17:18:07,2,Supply Bolt Piston [ML],HEARTBEAT,1,0,0,-108,4.25
2026-09-08 17:18:18,2,Supply Bolt Piston [ML],HEARTBEAT,1,0,0,-108,4
2026-09-08 17:18:28,2,Supply Bolt Piston [ML],HEARTBEAT,1,0,0,-108,4.25
2026-09-08 17:18:38,2,Supply Bolt Piston [ML],HEARTBEAT,1,0,0,-108,4.75
2026-09-08 17:18:49,2,Supply Bolt Piston [ML],HEARTBEAT,1,0,0,-109,4.75
2026-09-08 17:18:59,2,Supply Bolt Piston [ML],HEARTBEAT,1,0,0,-108,4.75
2026-09-08 17:19:10,2,Supply Bolt Piston [ML],HEARTBEAT,1,0,0,-108,4.5
2026-09-08 17:19:20,2,Supply Bolt Piston [ML],HEARTBEAT,1,0,0,-108,4.75
2026-09-08 17:19:31,2,Supply Bolt Piston [ML],HEARTBEAT,1,0,0,-108,4
2026-09-08 17:19:41,2,Supply Bolt Piston [ML],HEARTBEAT,1,0,0,-109,4.5
2026-09-08 17:19:51,2,Supply Bolt Piston [ML],HEARTBEAT,1,0,0,-105,3.5
2026-09-08 17:20:02,2,Supply Bolt Piston [ML],HEARTBEAT,1,0,0,-108,4.25
2026-09-08 17:20:12,2,Supply Bolt Piston [ML],HEARTBEAT,1,0,0,-108,5.25
2026-09-08 17:20:23,2,Supply Bolt Piston [ML],HEARTBEAT,1,0,0,-108,4.75
2026-09-08 17:20:33,2,Supply Bolt Piston [ML],HEARTBEAT,1,0,0,-108,4.25
2026-09-08 17:20:43,2,Supply Bolt Piston [ML],HEARTBEAT,1,0,0,-107,5.5
2026-09-08 17:20:54,2,Supply Bolt Piston [ML],HEARTBEAT,1,0,0,-108,4.75
2026-09-08 17:21:04,2,Supply Bolt Piston [ML],HEARTBEAT,1,0,0,-108,4.75
2026-09-08 17:21:15,2,Supply Bolt Piston [ML],HEARTBEAT,1,0,0,-108,4.75
2026-09-08 17:21:25,2,Supply Bolt Piston [ML],HEARTBEAT,1,0,0,-106,4.75
2026-09-08 17:21:35,2,Supply Bolt Piston [ML],HEARTBEAT,1,0,0,-107,4.25
2026-09-08 17:21:46,2,Supply Bolt Piston [ML],HEARTBEAT,1,0,0,-108,3.5
2026-09-08 17:21:56,2,Supply Bolt Piston [ML],HEARTBEAT,1,0,0,-108,5
2026-09-08 17:22:07,2,Supply Bolt Piston [ML],HEARTBEAT,1,0,0,-108,4.75
2026-09-08 17:22:17,2,Supply Bolt Piston [ML],HEARTBEAT,1,0,0,-107,5.25
2026-09-08 17:22:27,2,Supply Bolt Piston [ML],HEARTBEAT,1,0,0,-108,5.5
2026-09-08 17:22:38,2,Supply Bolt Piston [ML],HEARTBEAT,1,0,0,-107,4.25
2026-09-08 17:22:48,2,Supply Bolt Piston [ML],HEARTBEAT,1,0,0,-107,4.5
2026-09-08 17:22:59,2,Supply Bolt Piston [ML],HEARTBEAT,1,0,0,-107,4.25
2026-09-08 17:23:09,2,Supply Bolt Piston [ML],HEARTBEAT,1,0,0,-108,5.25
2026-09-08 17:23:19,2,Supply Bolt Piston [ML],HEARTBEAT,1,0,0,-108,5.25
2026-09-08 17:23:30,2,Supply Bolt Piston [ML],HEARTBEAT,1,0,0,-107,4
2026-09-08 17:23:40,2,Supply Bolt Piston [ML],HEARTBEAT,1,0,0,-107,5.5
2026-09-08 17:23:51,2,Supply Bolt Piston [ML],HEARTBEAT,1,0,0,-107,2.25
2026-09-08 17:24:01,2,Supply Bolt Piston [ML],HEARTBEAT,1,0,0,-104,3
2026-09-08 17:24:11,2,Supply Bolt Piston [ML],HEARTBEAT,1,0,0,-107,5.75
2026-09-08 17:24:22,2,Supply Bolt Piston [ML],HEARTBEAT,1,0,0,-108,4.5
2026-09-08 17:24:32,2,Supply Bolt Piston [ML],HEARTBEAT,1,0,0,-107,5.25
2026-09-08 17:24:43,2,Supply Bolt Piston [ML],HEARTBEAT,1,0,0,-108,5
2026-09-08 17:24:53,2,Supply Bolt Piston [ML],HEARTBEAT,1,0,0,-108,4.25
2026-09-08 17:25:03,2,Supply Bolt Piston [ML],HEARTBEAT,1,0,0,-107,4.25
2026-09-08 17:25:14,2,Supply Bolt Piston [ML],HEARTBEAT,1,0,0,-108,5
2026-09-08 17:25:24,2,Supply Bolt Piston [ML],HEARTBEAT,1,0,0,-108,5
2026-09-08 17:25:35,2,Supply Bolt Piston [ML],HEARTBEAT,1,0,0,-106,3
2026-09-08 17:25:45,2,Supply Bolt Piston [ML],HEARTBEAT,1,0,0,-105,0
2026-09-08 17:25:55,2,Supply Bolt Piston [ML],HEARTBEAT,1,0,0,-107,4.75
2026-09-08 17:26:06,2,Supply Bolt Piston [ML],HEARTBEAT,1,0,0,-108,5.25
2026-09-08 17:26:16,2,Supply Bolt Piston [ML],HEARTBEAT,1,0,0,-108,5.25
2026-09-08 17:26:27,2,Supply Bolt Piston [ML],HEARTBEAT,1,0,0,-107,3.75
2026-09-08 17:26:37,2,Supply Bolt Piston [ML],HEARTBEAT,1,0,0,-108,4.75
2026-09-08 17:26:48,2,Supply Bolt Piston [ML],HEARTBEAT,1,0,0,-108,4.25
2026-09-08 17:26:58,2,Supply Bolt Piston [ML],HEARTBEAT,1,0,0,-107,5.25
2026-09-08 17:27:08,2,Supply Bolt Piston [ML],HEARTBEAT,1,0,0,-108,4.5
2026-09-08 17:27:19,2,Supply Bolt Piston [ML],HEARTBEAT,1,0,0,-108,4.75
2026-09-08 17:27:29,2,Supply Bolt Piston [ML],HEARTBEAT,1,0,0,-108,4.5
2026-09-08 17:27:40,2,Supply Bolt Piston [ML],HEARTBEAT,1,0,0,-105,3
2026-09-08 17:27:50,2,Supply Bolt Piston [ML],HEARTBEAT,1,0,0,-107,5.25
2026-09-08 17:28:00,2,Supply Bolt Piston [ML],HEARTBEAT,1,0,0,-107,4.25
2026-09-08 17:28:11,2,Supply Bolt Piston [ML],HEARTBEAT,1,0,0,-107,4.25
2026-09-08 17:28:21,2,Supply Bolt Piston [ML],HEARTBEAT,1,0,0,-106,3
2026-09-08 17:28:32,2,Supply Bolt Piston [ML],HEARTBEAT,1,0,0,-107,4
2026-09-08 17:28:42,2,Supply Bolt Piston [ML],HEARTBEAT,1,0,0,-108,4.75
2026-09-08 17:28:52,2,Supply Bolt Piston [ML],HEARTBEAT,1,0,0,-108,4.75
2026-09-08 17:29:03,2,Supply Bolt Piston [ML],HEARTBEAT,1,0,0,-108,3.25
2026-09-08 17:29:13,2,Supply Bolt Piston [ML],HEARTBEAT,1,0,0,-109,4.5
2026-09-08 17:29:24,2,Supply Bolt Piston [ML],HEARTBEAT,1,0,0,-108,5.25
2026-09-08 17:29:34,2,Supply Bolt Piston [ML],HEARTBEAT,1,0,0,-108,5
2026-09-08 17:29:44,2,Supply Bolt Piston [ML],HEARTBEAT,1,0,0,-107,4.75
2026-09-08 17:29:55,2,Supply Bolt Piston [ML],HEARTBEAT,1,0,0,-107,4.25
2026-09-08 17:30:05,2,Supply Bolt Piston [ML],HEARTBEAT,1,0,0,-108,4.75
2026-09-08 17:30:16,2,Supply Bolt Piston [ML],HEARTBEAT,1,0,0,-107,5
2026-09-08 17:30:26,2,Supply Bolt Piston [ML],HEARTBEAT,1,0,0,-107,2
2026-09-08 17:30:36,2,Supply Bolt Piston [ML],HEARTBEAT,1,0,0,-107,4
2026-09-08 17:30:47,2,Supply Bolt Piston [ML],HEARTBEAT,1,0,0,-108,4.75
2026-09-08 17:30:57,2,Supply Bolt Piston [ML],HEARTBEAT,1,0,0,-108,5
2026-09-08 17:31:08,2,Supply Bolt Piston [ML],HEARTBEAT,1,0,0,-107,5.25
2026-09-08 17:31:18,2,Supply Bolt Piston [ML],HEARTBEAT,1,0,0,-108,4.75
2026-09-08 17:31:28,2,Supply Bolt Piston [ML],HEARTBEAT,1,0,0,-108,5.25
2026-09-08 17:31:39,2,Supply Bolt Piston [ML],HEARTBEAT,1,0,0,-108,4.5
2026-09-08 17:31:49,2,Supply Bolt Piston [ML],HEARTBEAT,1,0,0,-107,4.75
2026-09-08 17:32:00,2,Supply Bolt Piston [ML],HEARTBEAT,1,0,0,-108,4
2026-09-08 17:32:10,2,Supply Bolt Piston [ML],HEARTBEAT,1,0,0,-107,4.25
2026-09-08 17:32:20,2,Supply Bolt Piston [ML],HEARTBEAT,1,0,0,-105,3
2026-09-08 17:32:31,2,Supply Bolt Piston [ML],HEARTBEAT,1,0,0,-106,2.25
2026-09-08 17:32:41,2,Supply Bolt Piston [ML],HEARTBEAT,1,0,0,-105,5.25
2026-09-08 17:32:52,2,Supply Bolt Piston [ML],HEARTBEAT,1,0,0,-107,4.75
2026-09-08 17:33:02,2,Supply Bolt Piston [ML],HEARTBEAT,1,0,0,-107,5
2026-09-08 17:33:12,2,Supply Bolt Piston [ML],HEARTBEAT,1,0,0,-105,5
2026-09-08 17:33:23,2,Supply Bolt Piston [ML],HEARTBEAT,1,0,0,-108,5.25
2026-09-08 17:33:33,2,Supply Bolt Piston [ML],HEARTBEAT,1,0,0,-107,5.5
2026-09-08 17:33:44,2,Supply Bolt Piston [ML],HEARTBEAT,1,0,0,-107,4.25
2026-09-08 17:33:54,2,Supply Bolt Piston [ML],HEARTBEAT,1,0,0,-108,4
2026-09-08 17:34:04,2,Supply Bolt Piston [ML],HEARTBEAT,1,0,0,-108,5
2026-09-08 17:34:15,2,Supply Bolt Piston [ML],HEARTBEAT,1,0,0,-106,4.5
2026-09-08 17:34:25,2,Supply Bolt Piston [ML],HEARTBEAT,1,0,0,-107,2.75
2026-09-08 17:34:36,2,Supply Bolt Piston [ML],HEARTBEAT,1,0,0,-107,2
2026-09-08 17:34:46,2,Supply Bolt Piston [ML],HEARTBEAT,1,0,0,-108,5.25
2026-09-08 17:34:57,2,Supply Bolt Piston [ML],HEARTBEAT,1,0,0,-107,4.25
2026-09-08 17:35:07,2,Supply Bolt Piston [ML],HEARTBEAT,1,0,0,-108,3.25
2026-09-08 17:35:17,2,Supply Bolt Piston [ML],HEARTBEAT,1,0,0,-108,4.25
2026-09-08 17:35:28,2,Supply Bolt Piston [ML],HEARTBEAT,1,0,0,-107,3.75
2026-09-08 17:35:38,2,Supply Bolt Piston [ML],HEARTBEAT,1,0,0,-107,3.5
2026-09-08 17:35:49,2,Supply Bolt Piston [ML],HEARTBEAT,1,0,0,-108,5
2026-09-08 17:35:59,2,Supply Bolt Piston [ML],HEARTBEAT,1,0,0,-109,3.5
2026-09-08 17:36:09,2,Supply Bolt Piston [ML],HEARTBEAT,1,0,0,-103,1.5
2026-09-08 17:36:20,2,Supply Bolt Piston [ML],HEARTBEAT,1,0,0,-106,2.25
2026-09-08 17:36:30,2,Supply Bolt Piston [ML],HEARTBEAT,1,0,0,-107,5.25
2026-09-08 17:36:41,2,Supply Bolt Piston [ML],HEARTBEAT,1,0,0,-108,5
2026-09-08 17:36:51,2,Supply Bolt Piston [ML],HEARTBEAT,1,0,0,-107,4.75
2026-09-08 17:37:01,2,Supply Bolt Piston [ML],HEARTBEAT,1,0,0,-108,2.5
2026-09-08 17:37:12,2,Supply Bolt Piston [ML],HEARTBEAT,1,0,0,-110,4
2026-09-08 17:37:22,2,Supply Bolt Piston [ML],HEARTBEAT,1,0,0,-108,4.25
2026-09-08 17:37:33,2,Supply Bolt Piston [ML],HEARTBEAT,1,0,0,-109,4.5
2026-09-08 17:37:43,2,Supply Bolt Piston [ML],HEARTBEAT,1,0,0,-110,4
2026-09-08 17:37:53,2,Supply Bolt Piston [ML],HEARTBEAT,1,0,0,-109,3.5
2026-09-08 17:38:04,2,Supply Bolt Piston [ML],HEARTBEAT,1,0,0,-109,2.5
2026-09-08 17:38:14,2,Supply Bolt Piston [ML],HEARTBEAT,1,0,0,-109,3.75
2026-09-08 17:38:25,2,Supply Bolt Piston [ML],HEARTBEAT,1,0,0,-109,4
2026-09-08 17:38:35,2,Supply Bolt Piston [ML],HEARTBEAT,1,0,0,-110,3.25
2026-09-08 17:38:45,2,Supply Bolt Piston [ML],HEARTBEAT,1,0,0,-108,2.25
2026-09-08 17:38:56,2,Supply Bolt Piston [ML],HEARTBEAT,1,0,0,-109,3.25
2026-09-08 17:39:06,2,Supply Bolt Piston [ML],HEARTBEAT,1,0,0,-109,4.25
2026-09-08 17:39:17,2,Supply Bolt Piston [ML],HEARTBEAT,1,0,0,-108,3.75
2026-09-08 17:39:27,2,Supply Bolt Piston [ML],HEARTBEAT,1,0,0,-109,2.25
2026-09-08 17:39:37,2,Supply Bolt Piston [ML],HEARTBEAT,1,0,0,-108,4
2026-09-08 17:39:48,2,Supply Bolt Piston [ML],HEARTBEAT,1,0,0,-109,4.5
2026-09-08 17:39:58,2,Supply Bolt Piston [ML],HEARTBEAT,1,0,0,-109,4.25
2026-09-08 17:40:09,2,Supply Bolt Piston [ML],HEARTBEAT,1,0,0,-109,3.75
2026-09-08 17:40:19,2,Supply Bolt Piston [ML],HEARTBEAT,1,0,0,-108,3
2026-09-08 17:40:29,2,Supply Bolt Piston [ML],HEARTBEAT,1,0,0,-109,3.5
2026-09-08 17:40:40,2,Supply Bolt Piston [ML],HEARTBEAT,1,0,0,-108,1.75
2026-09-08 17:40:50,2,Supply Bolt Piston [ML],HEARTBEAT,1,0,0,-107,5.25
2026-09-08 17:41:01,2,Supply Bolt Piston [ML],HEARTBEAT,1,0,0,-108,3.75
2026-09-08 17:41:21,2,Supply Bolt Piston [ML],HEARTBEAT,1,0,0,-107,3.75
2026-09-08 17:41:32,2,Supply Bolt Piston [ML],HEARTBEAT,1,0,0,-109,3.25
2026-09-08 17:41:42,2,Supply Bolt Piston [ML],HEARTBEAT,1,0,0,-108,4.75
2026-09-08 17:41:53,2,Supply Bolt Piston [ML],HEARTBEAT,1,0,0,-109,4
2026-09-08 17:42:03,2,Supply Bolt Piston [ML],HEARTBEAT,1,0,0,-108,3.25
2026-09-08 17:42:14,2,Supply Bolt Piston [ML],HEARTBEAT,1,0,0,-109,4
2026-09-08 17:42:24,2,Supply Bolt Piston [ML],HEARTBEAT,1,0,0,-110,3.75
2026-09-08 17:42:34,2,Supply Bolt Piston [ML],HEARTBEAT,1,0,0,-109,3.5
2026-09-08 17:42:45,2,Supply Bolt Piston [ML],HEARTBEAT,1,0,0,-108,3.25
2026-09-08 17:42:55,2,Supply Bolt Piston [ML],HEARTBEAT,1,0,0,-110,4
2026-09-08 17:43:06,2,Supply Bolt Piston [ML],HEARTBEAT,1,0,0,-109,4
2026-09-08 17:43:16,2,Supply Bolt Piston [ML],HEARTBEAT,1,0,0,-109,4.25
2026-09-08 17:43:26,2,Supply Bolt Piston [ML],HEARTBEAT,1,0,0,-108,4.25
2026-09-08 17:43:37,2,Supply Bolt Piston [ML],HEARTBEAT,1,0,0,-110,4
2026-09-08 17:43:47,2,Supply Bolt Piston [ML],HEARTBEAT,1,0,0,-109,3.5
2026-09-08 17:43:58,2,Supply Bolt Piston [ML],HEARTBEAT,1,0,0,-109,4.25
2026-09-08 17:44:08,2,Supply Bolt Piston [ML],HEARTBEAT,1,0,0,-109,2.75
2026-09-08 17:44:18,2,Supply Bolt Piston [ML],HEARTBEAT,1,0,0,-108,3
2026-09-08 17:44:29,2,Supply Bolt Piston [ML],HEARTBEAT,1,0,0,-109,3.75
2026-09-08 17:44:39,2,Supply Bolt Piston [ML],HEARTBEAT,1,0,0,-108,4
2026-09-08 17:44:50,2,Supply Bolt Piston [ML],HEARTBEAT,1,0,0,-107,4
2026-09-08 17:45:00,2,Supply Bolt Piston [ML],HEARTBEAT,1,0,0,-110,4
2026-09-08 17:45:10,2,Supply Bolt Piston [ML],HEARTBEAT,1,0,0,-108,4.5
2026-09-08 17:45:21,2,Supply Bolt Piston [ML],HEARTBEAT,1,0,0,-110,2.25
2026-09-08 17:45:31,2,Supply Bolt Piston [ML],HEARTBEAT,1,0,0,-109,2.75
2026-09-08 17:45:42,2,Supply Bolt Piston [ML],HEARTBEAT,1,0,0,-109,3.5
2026-09-08 17:45:52,2,Supply Bolt Piston [ML],HEARTBEAT,1,0,0,-109,2.5
2026-09-08 17:46:02,2,Supply Bolt Piston [ML],HEARTBEAT,1,0,0,-108,4
2026-09-08 17:46:13,2,Supply Bolt Piston [ML],HEARTBEAT,1,0,0,-109,4.5
2026-09-08 17:46:23,2,Supply Bolt Piston [ML],HEARTBEAT,1,0,0,-108,3.75
2026-09-08 17:46:34,2,Supply Bolt Piston [ML],HEARTBEAT,1,0,0,-108,3.25
2026-09-08 17:46:44,2,Supply Bolt Piston [ML],HEARTBEAT,1,0,0,-108,2.25
2026-09-08 17:46:54,2,Supply Bolt Piston [ML],HEARTBEAT,1,0,0,-108,4.75
2026-09-08 17:47:05,2,Supply Bolt Piston [ML],HEARTBEAT,1,0,0,-110,3
2026-09-08 17:47:15,2,Supply Bolt Piston [ML],HEARTBEAT,1,0,0,-110,2.5
2026-09-08 17:47:26,2,Supply Bolt Piston [ML],HEARTBEAT,1,0,0,-109,3
2026-09-08 17:47:36,2,Supply Bolt Piston [ML],HEARTBEAT,1,0,0,-110,3
2026-09-08 17:47:46,2,Supply Bolt Piston [ML],HEARTBEAT,1,0,0,-109,3.25
2026-09-08 17:48:07,2,Supply Bolt Piston [ML],HEARTBEAT,1,0,0,-109,3
2026-09-08 17:48:18,2,Supply Bolt Piston [ML],HEARTBEAT,1,0,0,-110,3.5
2026-09-08 17:48:28,2,Supply Bolt Piston [ML],HEARTBEAT,1,0,0,-105,2.5
2026-09-08 17:48:49,2,Supply Bolt Piston [ML],HEARTBEAT,1,0,0,-110,2.75
2026-09-08 17:48:59,2,Supply Bolt Piston [ML],HEARTBEAT,1,0,0,-110,3.75
2026-09-08 17:49:10,2,Supply Bolt Piston [ML],HEARTBEAT,1,0,0,-109,3
2026-09-08 17:49:20,2,Supply Bolt Piston [ML],HEARTBEAT,1,0,0,-110,3.25
2026-09-08 17:49:31,2,Supply Bolt Piston [ML],HEARTBEAT,1,0,0,-109,4.5
2026-09-08 17:49:41,2,Supply Bolt Piston [ML],HEARTBEAT,1,0,0,-109,3.5
2026-09-08 17:49:51,2,Supply Bolt Piston [ML],HEARTBEAT,1,0,0,-110,3.5
2026-09-08 17:50:02,2,Supply Bolt Piston [ML],HEARTBEAT,1,0,0,-109,2.75
2026-09-08 17:50:12,2,Supply Bolt Piston [ML],HEARTBEAT,1,0,0,-110,3.5
2026-09-08 17:50:23,2,Supply Bolt Piston [ML],HEARTBEAT,1,0,0,-110,2.5
2026-09-08 17:50:33,2,Supply Bolt Piston [ML],HEARTBEAT,1,0,0,-111,2.75
2026-09-08 17:50:43,2,Supply Bolt Piston [ML],HEARTBEAT,1,0,0,-109,4
2026-09-08 17:50:54,2,Supply Bolt Piston [ML],HEARTBEAT,1,0,0,-110,3
2026-09-08 17:51:04,2,Supply Bolt Piston [ML],HEARTBEAT,1,0,0,-106,2.75
2026-09-08 17:51:15,2,Supply Bolt Piston [ML],HEARTBEAT,1,0,0,-110,1.75
2026-09-08 17:51:25,2,Supply Bolt Piston [ML],HEARTBEAT,1,0,0,-110,3
2026-09-08 17:51:35,2,Supply Bolt Piston [ML],HEARTBEAT,1,0,0,-108,4.5
2026-09-08 17:51:46,2,Supply Bolt Piston [ML],HEARTBEAT,1,0,0,-107,2.5
2026-09-08 17:51:56,2,Supply Bolt Piston [ML],HEARTBEAT,1,0,0,-108,4
2026-09-08 17:52:07,2,Supply Bolt Piston [ML],HEARTBEAT,1,0,0,-107,1.75
2026-09-08 17:52:17,2,Supply Bolt Piston [ML],HEARTBEAT,1,0,0,-109,3.5
2026-09-08 17:52:27,2,Supply Bolt Piston [ML],HEARTBEAT,1,0,0,-108,4.75
2026-09-08 17:52:38,2,Supply Bolt Piston [ML],HEARTBEAT,1,0,0,-110,2.75
2026-09-08 17:52:48,2,Supply Bolt Piston [ML],HEARTBEAT,1,0,0,-108,4.5
2026-09-08 17:52:59,2,Supply Bolt Piston [ML],HEARTBEAT,1,0,0,-109,4
2026-09-08 17:53:09,2,Supply Bolt Piston [ML],HEARTBEAT,1,0,0,-109,3.25
2026-09-08 17:53:19,2,Supply Bolt Piston [ML],HEARTBEAT,1,0,0,-109,4.5
2026-09-08 17:53:30,2,Supply Bolt Piston [ML],HEARTBEAT,1,0,0,-109,4
2026-09-08 17:53:40,2,Supply Bolt Piston [ML],HEARTBEAT,1,0,0,-109,4
2026-09-08 17:53:51,2,Supply Bolt Piston [ML],HEARTBEAT,1,0,0,-109,3.25
2026-09-08 17:54:01,2,Supply Bolt Piston [ML],HEARTBEAT,1,0,0,-107,2
2026-09-08 17:54:11,2,Supply Bolt Piston [ML],HEARTBEAT,1,0,0,-109,2.5
2026-09-08 17:54:22,2,Supply Bolt Piston [ML],HEARTBEAT,1,0,0,-109,4.25
2026-09-08 17:54:32,2,Supply Bolt Piston [ML],HEARTBEAT,1,0,0,-109,3.75
2026-09-08 17:54:43,2,Supply Bolt Piston [ML],HEARTBEAT,1,0,0,-110,1.75
2026-09-08 17:54:53,2,Supply Bolt Piston [ML],HEARTBEAT,1,0,0,-110,3.25
2026-09-08 17:55:03,2,Supply Bolt Piston [ML],HEARTBEAT,1,0,0,-109,3.5
2026-09-08 17:55:14,2,Supply Bolt Piston [ML],HEARTBEAT,1,0,0,-109,3.25
2026-09-08 17:55:24,2,Supply Bolt Piston [ML],HEARTBEAT,1,0,0,-109,4
2026-09-08 17:55:35,2,Supply Bolt Piston [ML],HEARTBEAT,1,0,0,-110,3.25
2026-09-08 17:55:45,2,Supply Bolt Piston [ML],HEARTBEAT,1,0,0,-109,3.5
2026-09-08 17:55:55,2,Supply Bolt Piston [ML],HEARTBEAT,1,0,0,-109,4
2026-09-08 17:56:06,2,Supply Bolt Piston [ML],HEARTBEAT,1,0,0,-109,4
2026-09-08 17:56:16,2,Supply Bolt Piston [ML],HEARTBEAT,1,0,0,-108,3.5
2026-09-08 17:56:27,2,Supply Bolt Piston [ML],HEARTBEAT,1,0,0,-109,2.5
2026-09-08 17:56:37,2,Supply Bolt Piston [ML],HEARTBEAT,1,0,0,-109,2.75
2026-09-08 17:56:47,2,Supply Bolt Piston [ML],HEARTBEAT,1,0,0,-108,3.75
2026-09-08 17:56:58,2,Supply Bolt Piston [ML],HEARTBEAT,1,0,0,-110,3.5
2026-09-08 17:57:08,2,Supply Bolt Piston [ML],HEARTBEAT,1,0,0,-108,4.75
2026-09-08 17:57:19,2,Supply Bolt Piston [ML],HEARTBEAT,1,0,0,-109,3.25
2026-09-08 17:57:29,2,Supply Bolt Piston [ML],HEARTBEAT,1,0,0,-107,3
2026-09-08 17:57:40,2,Supply Bolt Piston [ML],HEARTBEAT,1,0,0,-109,4.75
2026-09-08 17:57:50,2,Supply Bolt Piston [ML],HEARTBEAT,1,0,0,-110,3.5
2026-09-08 17:58:00,2,Supply Bolt Piston [ML],HEARTBEAT,1,0,0,-108,4.5
2026-09-08 17:58:11,2,Supply Bolt Piston [ML],HEARTBEAT,1,0,0,-110,2.25
2026-09-08 17:58:21,2,Supply Bolt Piston [ML],HEARTBEAT,1,0,0,-108,4
2026-09-08 17:58:32,2,Supply Bolt Piston [ML],HEARTBEAT,1,0,0,-106,2.75
2026-09-08 17:58:42,2,Supply Bolt Piston [ML],HEARTBEAT,1,0,0,-108,0.75
2026-09-08 17:58:52,2,Supply Bolt Piston [ML],HEARTBEAT,1,0,0,-109,3.75
2026-09-08 17:59:03,2,Supply Bolt Piston [ML],HEARTBEAT,1,0,0,-109,3.25
2026-09-08 17:59:13,2,Supply Bolt Piston [ML],HEARTBEAT,1,0,0,-108,4.75
2026-09-08 17:59:24,2,Supply Bolt Piston [ML],HEARTBEAT,1,0,0,-109,4.25
2026-09-08 17:59:34,2,Supply Bolt Piston [ML],HEARTBEAT,1,0,0,-108,3.75
2026-09-08 17:59:44,2,Supply Bolt Piston [ML],HEARTBEAT,1,0,0,-109,4.5
2026-09-08 17:59:55,2,Supply Bolt Piston [ML],HEARTBEAT,1,0,0,-109,4
2026-09-08 18:00:05,2,Supply Bolt Piston [ML],HEARTBEAT,1,0,0,-107,3.5
2026-09-08 18:00:16,2,Supply Bolt Piston [ML],HEARTBEAT,1,0,0,-109,2.75
2026-09-08 18:00:26,2,Supply Bolt Piston [ML],HEARTBEAT,1,0,0,-107,1.5
2026-09-08 18:00:36,2,Supply Bolt Piston [ML],HEARTBEAT,1,0,0,-107,2.75
2026-09-08 18:00:47,2,Supply Bolt Piston [ML],HEARTBEAT,1,0,0,-109,4.25
2026-09-08 18:00:57,2,Supply Bolt Piston [ML],HEARTBEAT,1,0,0,-109,4.5
2026-09-08 18:01:08,2,Supply Bolt Piston [ML],HEARTBEAT,1,0,0,-110,3
2026-09-08 18:01:18,2,Supply Bolt Piston [ML],HEARTBEAT,1,0,0,-108,3.75
2026-09-08 18:01:28,2,Supply Bolt Piston [ML],HEARTBEAT,1,0,0,-109,3.75
2026-09-08 18:01:39,2,Supply Bolt Piston [ML],HEARTBEAT,1,0,0,-109,4
2026-09-08 18:01:49,2,Supply Bolt Piston [ML],HEARTBEAT,1,0,0,-109,4.5
2026-09-08 18:02:00,2,Supply Bolt Piston [ML],HEARTBEAT,1,0,0,-111,2.5
2026-09-08 18:02:10,2,Supply Bolt Piston [ML],HEARTBEAT,1,0,0,-110,3.5
2026-09-08 18:02:20,2,Supply Bolt Piston [ML],HEARTBEAT,1,0,0,-109,4.5
2026-09-08 18:02:31,2,Supply Bolt Piston [ML],HEARTBEAT,1,0,0,-110,3.25
2026-09-08 18:02:41,2,Supply Bolt Piston [ML],HEARTBEAT,1,0,0,-109,4
2026-09-08 18:02:52,2,Supply Bolt Piston [ML],HEARTBEAT,1,0,0,-109,4.25
2026-09-08 18:03:02,2,Supply Bolt Piston [ML],HEARTBEAT,1,0,0,-109,3.5
2026-09-08 18:03:12,2,Supply Bolt Piston [ML],HEARTBEAT,1,0,0,-108,4
2026-09-08 18:03:23,2,Supply Bolt Piston [ML],HEARTBEAT,1,0,0,-108,2.5
2026-09-08 18:03:33,2,Supply Bolt Piston [ML],HEARTBEAT,1,0,0,-108,4
2026-09-08 18:03:44,2,Supply Bolt Piston [ML],HEARTBEAT,1,0,0,-110,3.25
2026-09-08 18:03:54,2,Supply Bolt Piston [ML],HEARTBEAT,1,0,0,-108,4.75
2026-09-08 18:04:04,2,Supply Bolt Piston [ML],HEARTBEAT,1,0,0,-109,4
2026-09-08 18:04:15,2,Supply Bolt Piston [ML],HEARTBEAT,1,0,0,-107,2.5
2026-09-08 18:04:25,2,Supply Bolt Piston [ML],HEARTBEAT,1,0,0,-108,4.25
2026-09-08 18:04:36,2,Supply Bolt Piston [ML],HEARTBEAT,1,0,0,-109,2.5
2026-09-08 18:04:46,2,Supply Bolt Piston [ML],HEARTBEAT,1,0,0,-109,3.75
2026-09-08 18:04:57,2,Supply Bolt Piston [ML],HEARTBEAT,1,0,0,-109,4.5
2026-09-08 18:05:07,2,Supply Bolt Piston [ML],HEARTBEAT,1,0,0,-109,3.5
2026-09-08 18:05:17,2,Supply Bolt Piston [ML],HEARTBEAT,1,0,0,-107,2.25
2026-09-08 18:05:28,2,Supply Bolt Piston [ML],HEARTBEAT,1,0,0,-110,3.5
2026-09-08 18:05:38,2,Supply Bolt Piston [ML],HEARTBEAT,1,0,0,-109,3
2026-09-08 18:05:49,2,Supply Bolt Piston [ML],HEARTBEAT,1,0,0,-109,3.75
2026-09-08 18:05:59,2,Supply Bolt Piston [ML],HEARTBEAT,1,0,0,-109,4
2026-09-08 18:06:09,2,Supply Bolt Piston [ML],HEARTBEAT,1,0,0,-109,2.5
2026-09-08 18:06:20,2,Supply Bolt Piston [ML],HEARTBEAT,1,0,0,-110,3.5
2026-09-08 18:06:30,2,Supply Bolt Piston [ML],HEARTBEAT,1,0,0,-108,3.75
2026-09-08 18:06:41,2,Supply Bolt Piston [ML],HEARTBEAT,1,0,0,-109,4.75
2026-09-08 18:06:51,2,Supply Bolt Piston [ML],HEARTBEAT,1,0,0,-109,3
2026-09-08 18:07:01,2,Supply Bolt Piston [ML],HEARTBEAT,1,0,0,-108,2
2026-09-08 18:07:12,2,Supply Bolt Piston [ML],HEARTBEAT,1,0,0,-109,3.75
2026-09-08 18:07:22,2,Supply Bolt Piston [ML],HEARTBEAT,1,0,0,-109,4
2026-09-08 18:07:33,2,Supply Bolt Piston [ML],HEARTBEAT,1,0,0,-108,2.5
2026-09-08 18:07:43,2,Supply Bolt Piston [ML],HEARTBEAT,1,0,0,-109,3.75
2026-09-08 18:07:53,2,Supply Bolt Piston [ML],HEARTBEAT,1,0,0,-109,4.25
2026-09-08 18:08:04,2,Supply Bolt Piston [ML],HEARTBEAT,1,0,0,-109,2
2026-09-08 18:08:14,2,Supply Bolt Piston [ML],HEARTBEAT,1,0,0,-108,4.5
2026-09-08 18:08:25,2,Supply Bolt Piston [ML],HEARTBEAT,1,0,0,-110,3.5
2026-09-08 18:08:35,2,Supply Bolt Piston [ML],HEARTBEAT,1,0,0,-109,3.5
2026-09-08 18:08:45,2,Supply Bolt Piston [ML],HEARTBEAT,1,0,0,-107,1.75
2026-09-08 18:08:56,2,Supply Bolt Piston [ML],HEARTBEAT,1,0,0,-107,1.75
2026-09-08 18:09:06,2,Supply Bolt Piston [ML],HEARTBEAT,1,0,0,-109,4.5
2026-09-08 18:09:17,2,Supply Bolt Piston [ML],HEARTBEAT,1,0,0,-109,4
2026-09-08 18:09:27,2,Supply Bolt Piston [ML],HEARTBEAT,1,0,0,-109,3.5
2026-09-08 18:09:37,2,Supply Bolt Piston [ML],HEARTBEAT,1,0,0,-109,4.25
2026-09-08 18:09:48,2,Supply Bolt Piston [ML],HEARTBEAT,1,0,0,-109,3.5
2026-09-08 18:09:58,2,Supply Bolt Piston [ML],HEARTBEAT,1,0,0,-109,4.5
2026-09-08 18:10:09,2,Supply Bolt Piston [ML],HEARTBEAT,1,0,0,-109,4
2026-09-08 18:10:19,2,Supply Bolt Piston [ML],HEARTBEAT,1,0,0,-110,4.25
2026-09-08 18:10:29,2,Supply Bolt Piston [ML],HEARTBEAT,1,0,0,-109,4.25
2026-09-08 18:10:40,2,Supply Bolt Piston [ML],HEARTBEAT,1,0,0,-110,3.5
2026-09-08 18:10:50,2,Supply Bolt Piston [ML],HEARTBEAT,1,0,0,-109,2.5
2026-09-08 18:11:01,2,Supply Bolt Piston [ML],HEARTBEAT,1,0,0,-109,3
2026-09-08 18:11:11,2,Supply Bolt Piston [ML],HEARTBEAT,1,0,0,-109,4.25
2026-09-08 18:11:22,2,Supply Bolt Piston [ML],HEARTBEAT,1,0,0,-108,3.75
2026-09-08 18:11:32,2,Supply Bolt Piston [ML],HEARTBEAT,1,0,0,-110,2.25
2026-09-08 18:11:42,2,Supply Bolt Piston [ML],HEARTBEAT,1,0,0,-108,4.25
2026-09-08 18:11:53,2,Supply Bolt Piston [ML],HEARTBEAT,1,0,0,-110,4
2026-09-08 18:12:03,2,Supply Bolt Piston [ML],HEARTBEAT,1,0,0,-108,2
2026-09-08 18:12:14,2,Supply Bolt Piston [ML],HEARTBEAT,1,0,0,-108,3.75
2026-09-08 18:12:24,2,Supply Bolt Piston [ML],HEARTBEAT,1,0,0,-109,3
2026-09-08 18:12:34,2,Supply Bolt Piston [ML],HEARTBEAT,1,0,0,-109,4.25
2026-09-08 18:12:45,2,Supply Bolt Piston [ML],HEARTBEAT,1,0,0,-109,4.5
2026-09-08 18:12:55,2,Supply Bolt Piston [ML],HEARTBEAT,1,0,0,-109,3.75
2026-09-08 18:13:06,2,Supply Bolt Piston [ML],HEARTBEAT,1,0,0,-109,4.5
2026-09-08 18:13:16,2,Supply Bolt Piston [ML],HEARTBEAT,1,0,0,-109,3.5
2026-09-08 18:13:26,2,Supply Bolt Piston [ML],HEARTBEAT,1,0,0,-107,3.5
2026-09-08 18:13:37,2,Supply Bolt Piston [ML],HEARTBEAT,1,0,0,-109,2.75
2026-09-08 18:13:47,2,Supply Bolt Piston [ML],HEARTBEAT,1,0,0,-107,4.25
2026-09-08 18:13:58,2,Supply Bolt Piston [ML],HEARTBEAT,1,0,0,-109,4.25
2026-09-08 18:14:08,2,Supply Bolt Piston [ML],HEARTBEAT,1,0,0,-106,3.75
2026-09-08 18:14:18,2,Supply Bolt Piston [ML],HEARTBEAT,1,0,0,-109,4.25
2026-09-08 18:14:29,2,Supply Bolt Piston [ML],HEARTBEAT,1,0,0,-109,4.5
2026-09-08 18:14:39,2,Supply Bolt Piston [ML],HEARTBEAT,1,0,0,-108,4.25
2026-09-08 18:14:50,2,Supply Bolt Piston [ML],HEARTBEAT,1,0,0,-106,2.75
2026-09-08 18:15:00,2,Supply Bolt Piston [ML],HEARTBEAT,1,0,0,-108,4.25
2026-09-08 18:15:10,2,Supply Bolt Piston [ML],HEARTBEAT,1,0,0,-108,3.75
2026-09-08 18:15:21,2,Supply Bolt Piston [ML],HEARTBEAT,1,0,0,-109,3.25
2026-09-08 18:15:31,2,Supply Bolt Piston [ML],HEARTBEAT,1,0,0,-108,3.25
2026-09-08 18:15:42,2,Supply Bolt Piston [ML],HEARTBEAT,1,0,0,-103,2.5
2026-09-08 18:15:52,2,Supply Bolt Piston [ML],HEARTBEAT,1,0,0,-108,3.5
2026-09-08 18:16:02,2,Supply Bolt Piston [ML],HEARTBEAT,1,0,0,-109,2.5
2026-09-08 18:16:13,2,Supply Bolt Piston [ML],HEARTBEAT,1,0,0,-109,4
2026-09-08 18:16:23,2,Supply Bolt Piston [ML],HEARTBEAT,1,0,0,-108,4.5
2026-09-08 18:16:34,2,Supply Bolt Piston [ML],HEARTBEAT,1,0,0,-109,3.5
2026-09-08 18:16:44,2,Supply Bolt Piston [ML],HEARTBEAT,1,0,0,-108,3.25
2026-09-08 18:16:54,2,Supply Bolt Piston [ML],HEARTBEAT,1,0,0,-109,3.5
2026-09-08 18:17:05,2,Supply Bolt Piston [ML],HEARTBEAT,1,0,0,-108,3.75
2026-09-08 18:17:15,2,Supply Bolt Piston [ML],HEARTBEAT,1,0,0,-110,4.25
2026-09-08 18:17:26,2,Supply Bolt Piston [ML],HEARTBEAT,1,0,0,-108,3.5
2026-09-08 18:17:36,2,Supply Bolt Piston [ML],HEARTBEAT,1,0,0,-109,2.5
2026-09-08 18:17:46,2,Supply Bolt Piston [ML],HEARTBEAT,1,0,0,-110,3
2026-09-08 18:17:57,2,Supply Bolt Piston [ML],HEARTBEAT,1,0,0,-108,4.5
2026-09-08 18:18:07,2,Supply Bolt Piston [ML],HEARTBEAT,1,0,0,-109,4.25
2026-09-08 18:18:18,2,Supply Bolt Piston [ML],HEARTBEAT,1,0,0,-109,4
2026-09-08 18:18:28,2,Supply Bolt Piston [ML],HEARTBEAT,1,0,0,-109,3.75
2026-09-08 18:18:39,2,Supply Bolt Piston [ML],HEARTBEAT,1,0,0,-108,3.75
2026-09-08 18:18:49,2,Supply Bolt Piston [ML],HEARTBEAT,1,0,0,-108,4.5
2026-09-08 18:18:59,2,Supply Bolt Piston [ML],HEARTBEAT,1,0,0,-109,4.25
2026-09-08 18:19:10,2,Supply Bolt Piston [ML],HEARTBEAT,1,0,0,-106,2
2026-09-08 18:19:20,2,Supply Bolt Piston [ML],HEARTBEAT,1,0,0,-107,1.25
2026-09-08 18:19:31,2,Supply Bolt Piston [ML],HEARTBEAT,1,0,0,-113,-0.25
2026-09-08 18:19:41,2,Supply Bolt Piston [ML],HEARTBEAT,1,0,0,-109,4.5
2026-09-08 18:19:51,2,Supply Bolt Piston [ML],HEARTBEAT,1,0,0,-109,4.5
2026-09-08 18:20:02,2,Supply Bolt Piston [ML],HEARTBEAT,1,0,0,-108,4.75
2026-09-08 18:20:12,2,Supply Bolt Piston [ML],HEARTBEAT,1,0,0,-114,-0.75
2026-09-08 18:20:23,2,Supply Bolt Piston [ML],HEARTBEAT,1,0,0,-112,0.25
2026-09-08 18:20:33,2,Supply Bolt Piston [ML],HEARTBEAT,1,0,0,-101,6.75
2026-09-08 18:20:43,2,Supply Bolt Piston [ML],HEARTBEAT,1,0,0,-108,4.5
2026-09-08 18:20:54,2,Supply Bolt Piston [ML],HEARTBEAT,1,0,0,-110,2.25
2026-09-08 18:21:04,2,Supply Bolt Piston [ML],HEARTBEAT,1,0,0,-115,-5.25
2026-09-08 18:21:15,2,Supply Bolt Piston [ML],HEARTBEAT,1,0,0,-118,-5.25
2026-09-08 18:21:25,2,Supply Bolt Piston [ML],HEARTBEAT,1,0,0,-116,-2.5
2026-09-08 18:21:35,2,Supply Bolt Piston [ML],HEARTBEAT,1,0,0,-113,0
2026-09-08 18:21:56,2,Supply Bolt Piston [ML],HEARTBEAT,1,0,0,-110,1.75
2026-09-08 18:22:07,2,Supply Bolt Piston [ML],HEARTBEAT,1,0,0,-114,-2
2026-09-08 18:22:27,2,Supply Bolt Piston [ML],HEARTBEAT,1,0,0,-107,4.5
2026-09-08 18:22:38,2,Supply Bolt Piston [ML],HEARTBEAT,1,0,0,-110,3.25
2026-09-08 18:22:48,2,Supply Bolt Piston [ML],HEARTBEAT,1,0,0,-105,7
2026-09-08 18:22:59,2,Supply Bolt Piston [ML],HEARTBEAT,1,0,0,-103,4.75
2026-09-08 18:23:09,2,Supply Bolt Piston [ML],HEARTBEAT,1,0,0,-103,7.5
2026-09-08 18:23:19,2,Supply Bolt Piston [ML],HEARTBEAT,1,0,0,-103,6.75
2026-09-08 18:23:30,2,Supply Bolt Piston [ML],HEARTBEAT,1,0,0,-103,6.5
2026-09-08 18:23:40,2,Supply Bolt Piston [ML],HEARTBEAT,1,0,0,-103,7.5
2026-09-08 18:23:51,2,Supply Bolt Piston [ML],HEARTBEAT,1,0,0,-102,6.5
2026-09-08 18:24:01,2,Supply Bolt Piston [ML],HEARTBEAT,1,0,0,-103,6
2026-09-08 18:24:11,2,Supply Bolt Piston [ML],HEARTBEAT,1,0,0,-104,6.75
2026-09-08 18:24:22,2,Supply Bolt Piston [ML],HEARTBEAT,1,0,0,-104,6.5
2026-09-08 18:24:32,2,Supply Bolt Piston [ML],HEARTBEAT,1,0,0,-104,6.5
2026-09-08 18:24:43,2,Supply Bolt Piston [ML],HEARTBEAT,1,0,0,-105,6
2026-09-08 18:24:53,2,Supply Bolt Piston [ML],HEARTBEAT,1,0,0,-103,3.75
2026-09-08 18:25:03,2,Supply Bolt Piston [ML],HEARTBEAT,1,0,0,-104,7.25
2026-09-08 18:25:14,2,Supply Bolt Piston [ML],HEARTBEAT,1,0,0,-105,7.5
2026-09-08 18:25:24,2,Supply Bolt Piston [ML],HEARTBEAT,1,0,0,-103,7.5
2026-09-08 18:25:35,2,Supply Bolt Piston [ML],HEARTBEAT,1,0,0,-103,7.5
2026-09-08 18:25:45,2,Supply Bolt Piston [ML],HEARTBEAT,1,0,0,-102,6.25
2026-09-08 18:25:56,2,Supply Bolt Piston [ML],HEARTBEAT,1,0,0,-103,7.75
2026-09-08 18:26:06,2,Supply Bolt Piston [ML],HEARTBEAT,1,0,0,-104,7.25
2026-09-08 18:26:16,2,Supply Bolt Piston [ML],HEARTBEAT,1,0,0,-104,7.25
2026-09-08 18:26:27,2,Supply Bolt Piston [ML],HEARTBEAT,1,0,0,-104,7.5
2026-09-08 18:26:37,2,Supply Bolt Piston [ML],HEARTBEAT,1,0,0,-104,8
2026-09-08 18:26:48,2,Supply Bolt Piston [ML],HEARTBEAT,1,0,0,-104,7
2026-09-08 18:26:58,2,Supply Bolt Piston [ML],HEARTBEAT,1,0,0,-103,4.25
2026-09-08 18:27:08,2,Supply Bolt Piston [ML],HEARTBEAT,1,0,0,-103,7.25
2026-09-08 18:27:19,2,Supply Bolt Piston [ML],HEARTBEAT,1,0,0,-102,6.75
2026-09-08 18:27:29,2,Supply Bolt Piston [ML],HEARTBEAT,1,0,0,-104,7.25
2026-09-08 18:27:40,2,Supply Bolt Piston [ML],HEARTBEAT,1,0,0,-103,6.5
2026-09-08 18:27:50,2,Supply Bolt Piston [ML],HEARTBEAT,1,0,0,-103,6.5
2026-09-08 18:28:00,2,Supply Bolt Piston [ML],HEARTBEAT,1,0,0,-103,8
2026-09-08 18:28:11,2,Supply Bolt Piston [ML],HEARTBEAT,1,0,0,-102,7
2026-09-08 18:28:21,2,Supply Bolt Piston [ML],HEARTBEAT,1,0,0,-102,6
2026-09-08 18:28:32,2,Supply Bolt Piston [ML],HEARTBEAT,1,0,0,-103,7.5
2026-09-08 18:28:42,2,Supply Bolt Piston [ML],HEARTBEAT,1,0,0,-103,7
2026-09-08 18:28:52,2,Supply Bolt Piston [ML],HEARTBEAT,1,0,0,-103,7.25
2026-09-08 18:29:03,2,Supply Bolt Piston [ML],HEARTBEAT,1,0,0,-104,7.75
2026-09-08 18:29:13,2,Supply Bolt Piston [ML],HEARTBEAT,1,0,0,-102,6.5
2026-09-08 18:29:24,2,Supply Bolt Piston [ML],HEARTBEAT,1,0,0,-104,6.25
2026-09-08 18:29:34,2,Supply Bolt Piston [ML],HEARTBEAT,1,0,0,-102,6.25
2026-09-08 18:29:44,2,Supply Bolt Piston [ML],HEARTBEAT,1,0,0,-102,5.75
2026-09-08 18:29:55,2,Supply Bolt Piston [ML],HEARTBEAT,1,0,0,-104,7
2026-09-08 18:30:05,2,Supply Bolt Piston [ML],HEARTBEAT,1,0,0,-101,6.75
2026-09-08 18:30:16,2,Supply Bolt Piston [ML],HEARTBEAT,1,0,0,-104,7.5
2026-09-08 18:30:26,2,Supply Bolt Piston [ML],HEARTBEAT,1,0,0,-103,7.5
2026-09-08 18:30:36,2,Supply Bolt Piston [ML],HEARTBEAT,1,0,0,-104,7.25
2026-09-08 18:30:47,2,Supply Bolt Piston [ML],HEARTBEAT,1,0,0,-105,7
2026-09-08 18:30:57,2,Supply Bolt Piston [ML],HEARTBEAT,1,0,0,-104,7.75
2026-09-08 18:31:08,2,Supply Bolt Piston [ML],HEARTBEAT,1,0,0,-102,6
2026-09-08 18:31:18,2,Supply Bolt Piston [ML],HEARTBEAT,1,0,0,-102,5.25
2026-09-08 18:31:28,2,Supply Bolt Piston [ML],HEARTBEAT,1,0,0,-101,6
2026-09-08 18:31:39,2,Supply Bolt Piston [ML],HEARTBEAT,1,0,0,-103,4.25
2026-09-08 18:31:49,2,Supply Bolt Piston [ML],HEARTBEAT,1,0,0,-103,7.75
2026-09-08 18:32:00,2,Supply Bolt Piston [ML],HEARTBEAT,1,0,0,-103,7.75
2026-09-08 18:32:10,2,Supply Bolt Piston [ML],HEARTBEAT,1,0,0,-103,7.75
2026-09-08 18:32:20,2,Supply Bolt Piston [ML],HEARTBEAT,1,0,0,-102,7
2026-09-08 18:32:31,2,Supply Bolt Piston [ML],HEARTBEAT,1,0,0,-102,7.75
2026-09-08 18:32:41,2,Supply Bolt Piston [ML],HEARTBEAT,1,0,0,-103,8
2026-09-08 18:32:52,2,Supply Bolt Piston [ML],HEARTBEAT,1,0,0,-101,6.75
2026-09-08 18:33:02,2,Supply Bolt Piston [ML],HEARTBEAT,1,0,0,-103,7.5
2026-09-08 18:33:13,2,Supply Bolt Piston [ML],HEARTBEAT,1,0,0,-102,6.5
2026-09-08 18:33:23,2,Supply Bolt Piston [ML],HEARTBEAT,1,0,0,-103,7.75
2026-09-08 18:33:33,2,Supply Bolt Piston [ML],HEARTBEAT,1,0,0,-100,4.75
2026-09-08 18:33:44,2,Supply Bolt Piston [ML],HEARTBEAT,1,0,0,-103,7
2026-09-08 18:33:54,2,Supply Bolt Piston [ML],HEARTBEAT,1,0,0,-104,7.25
2026-09-08 18:34:05,2,Supply Bolt Piston [ML],HEARTBEAT,1,0,0,-103,6.5
2026-09-08 18:34:15,2,Supply Bolt Piston [ML],HEARTBEAT,1,0,0,-103,6.25
2026-09-08 18:34:25,2,Supply Bolt Piston [ML],HEARTBEAT,1,0,0,-105,6.75
2026-09-08 18:34:36,2,Supply Bolt Piston [ML],HEARTBEAT,1,0,0,-104,7
2026-09-08 18:34:46,2,Supply Bolt Piston [ML],HEARTBEAT,1,0,0,-102,6.75
2026-09-08 18:34:57,2,Supply Bolt Piston [ML],HEARTBEAT,1,0,0,-102,5
2026-09-08 18:35:07,2,Supply Bolt Piston [ML],HEARTBEAT,1,0,0,-102,3.75
2026-09-08 18:35:17,2,Supply Bolt Piston [ML],HEARTBEAT,1,0,0,-103,7.25
2026-09-08 18:35:28,2,Supply Bolt Piston [ML],HEARTBEAT,1,0,0,-105,5.75
2026-09-08 18:35:38,2,Supply Bolt Piston [ML],HEARTBEAT,1,0,0,-103,5.25
2026-09-08 18:35:49,2,Supply Bolt Piston [ML],HEARTBEAT,1,0,0,-103,6.25
2026-09-08 18:35:59,2,Supply Bolt Piston [ML],HEARTBEAT,1,0,0,-104,6.75
2026-09-08 18:36:09,2,Supply Bolt Piston [ML],HEARTBEAT,1,0,0,-105,6.5
2026-09-08 18:36:20,2,Supply Bolt Piston [ML],HEARTBEAT,1,0,0,-105,6.25
2026-09-08 18:36:30,2,Supply Bolt Piston [ML],HEARTBEAT,1,0,0,-103,6.25
2026-09-08 18:36:41,2,Supply Bolt Piston [ML],HEARTBEAT,1,0,0,-104,6
2026-09-08 18:36:51,2,Supply Bolt Piston [ML],HEARTBEAT,1,0,0,-104,7.5
2026-09-08 18:37:01,2,Supply Bolt Piston [ML],HEARTBEAT,1,0,0,-104,5
2026-09-08 18:37:12,2,Supply Bolt Piston [ML],HEARTBEAT,1,0,0,-104,4
2026-09-08 18:37:22,2,Supply Bolt Piston [ML],HEARTBEAT,1,0,0,-105,7
2026-09-08 18:37:33,2,Supply Bolt Piston [ML],HEARTBEAT,1,0,0,-105,6.75
2026-09-08 18:37:43,2,Supply Bolt Piston [ML],HEARTBEAT,1,0,0,-105,6.75
2026-09-08 18:37:53,2,Supply Bolt Piston [ML],HEARTBEAT,1,0,0,-104,6.25
2026-09-08 18:38:04,2,Supply Bolt Piston [ML],HEARTBEAT,1,0,0,-104,6.75
2026-09-08 18:38:14,2,Supply Bolt Piston [ML],HEARTBEAT,1,0,0,-105,6.5
2026-09-08 18:38:25,2,Supply Bolt Piston [ML],HEARTBEAT,1,0,0,-105,7
2026-09-08 18:38:35,2,Supply Bolt Piston [ML],HEARTBEAT,1,0,0,-104,5.75
2026-09-08 18:38:45,2,Supply Bolt Piston [ML],HEARTBEAT,1,0,0,-104,5.75
2026-09-08 18:38:56,2,Supply Bolt Piston [ML],HEARTBEAT,1,0,0,-105,6
2026-09-08 18:39:06,2,Supply Bolt Piston [ML],HEARTBEAT,1,0,0,-105,6.25
2026-09-08 18:39:17,2,Supply Bolt Piston [ML],HEARTBEAT,1,0,0,-105,6.25
2026-09-08 18:39:27,2,Supply Bolt Piston [ML],HEARTBEAT,1,0,0,-104,7
2026-09-08 18:39:37,2,Supply Bolt Piston [ML],HEARTBEAT,1,0,0,-103,6
2026-09-08 18:39:48,2,Supply Bolt Piston [ML],HEARTBEAT,1,0,0,-104,7.25
2026-09-08 18:39:58,2,Supply Bolt Piston [ML],HEARTBEAT,1,0,0,-104,7
2026-09-08 18:40:09,2,Supply Bolt Piston [ML],HEARTBEAT,1,0,0,-105,6
2026-09-08 18:40:19,2,Supply Bolt Piston [ML],HEARTBEAT,1,0,0,-103,5.75
2026-09-08 18:40:30,2,Supply Bolt Piston [ML],HEARTBEAT,1,0,0,-106,4.5
2026-09-08 18:40:40,2,Supply Bolt Piston [ML],HEARTBEAT,1,0,0,-104,7.5
2026-09-08 18:40:50,2,Supply Bolt Piston [ML],HEARTBEAT,1,0,0,-104,7.5
2026-09-08 18:41:01,2,Supply Bolt Piston [ML],HEARTBEAT,1,0,0,-104,7.25
2026-09-08 18:41:11,2,Supply Bolt Piston [ML],HEARTBEAT,1,0,0,-104,7.25
2026-09-08 18:41:22,2,Supply Bolt Piston [ML],HEARTBEAT,1,0,0,-104,7.25
2026-09-08 18:41:32,2,Supply Bolt Piston [ML],HEARTBEAT,1,0,0,-104,7.25
2026-09-08 18:41:42,2,Supply Bolt Piston [ML],HEARTBEAT,1,0,0,-103,5.5
2026-09-08 18:41:53,2,Supply Bolt Piston [ML],HEARTBEAT,1,0,0,-104,6.25
2026-09-08 18:42:03,2,Supply Bolt Piston [ML],HEARTBEAT,1,0,0,-103,6.5
2026-09-08 18:42:14,2,Supply Bolt Piston [ML],HEARTBEAT,1,0,0,-103,7.25
2026-09-08 18:42:24,2,Supply Bolt Piston [ML],HEARTBEAT,1,0,0,-102,6.75
2026-09-08 18:42:34,2,Supply Bolt Piston [ML],HEARTBEAT,1,0,0,-104,7.5
2026-09-08 18:42:45,2,Supply Bolt Piston [ML],HEARTBEAT,1,0,0,-104,7.25
2026-09-08 18:42:55,2,Supply Bolt Piston [ML],HEARTBEAT,1,0,0,-103,6.5
2026-09-08 18:43:06,2,Supply Bolt Piston [ML],HEARTBEAT,1,0,0,-103,6.25
2026-09-08 18:43:16,2,Supply Bolt Piston [ML],HEARTBEAT,1,0,0,-105,6.25
2026-09-08 18:43:26,2,Supply Bolt Piston [ML],HEARTBEAT,1,0,0,-103,7.5
2026-09-08 18:43:37,2,Supply Bolt Piston [ML],HEARTBEAT,1,0,0,-103,7
2026-09-08 18:43:47,2,Supply Bolt Piston [ML],HEARTBEAT,1,0,0,-105,7.25
2026-09-08 18:43:58,2,Supply Bolt Piston [ML],HEARTBEAT,1,0,0,-104,7.5
2026-09-08 18:44:08,2,Supply Bolt Piston [ML],HEARTBEAT,1,0,0,-103,7.25
2026-09-08 18:44:18,2,Supply Bolt Piston [ML],HEARTBEAT,1,0,0,-102,4.25
2026-09-08 18:44:29,2,Supply Bolt Piston [ML],HEARTBEAT,1,0,0,-104,7.5
2026-09-08 18:44:39,2,Supply Bolt Piston [ML],HEARTBEAT,1,0,0,-104,7.25
2026-09-08 18:44:50,2,Supply Bolt Piston [ML],HEARTBEAT,1,0,0,-104,7.5
2026-09-08 18:45:00,2,Supply Bolt Piston [ML],HEARTBEAT,1,0,0,-101,5
2026-09-08 18:45:10,2,Supply Bolt Piston [ML],HEARTBEAT,1,0,0,-104,5.5
2026-09-08 18:45:21,2,Supply Bolt Piston [ML],HEARTBEAT,1,0,0,-105,5.75
2026-09-08 18:45:31,2,Supply Bolt Piston [ML],HEARTBEAT,1,0,0,-104,6.75
2026-09-08 18:45:42,2,Supply Bolt Piston [ML],HEARTBEAT,1,0,0,-104,7
2026-09-08 18:45:52,2,Supply Bolt Piston [ML],HEARTBEAT,1,0,0,-105,6.5
2026-09-08 18:46:02,2,Supply Bolt Piston [ML],HEARTBEAT,1,0,0,-105,7.25
2026-09-08 18:46:13,2,Supply Bolt Piston [ML],HEARTBEAT,1,0,0,-105,6.75
2026-09-08 18:46:23,2,Supply Bolt Piston [ML],HEARTBEAT,1,0,0,-102,4.5
2026-09-08 18:46:34,2,Supply Bolt Piston [ML],HEARTBEAT,1,0,0,-104,7.25
2026-09-08 18:46:44,2,Supply Bolt Piston [ML],HEARTBEAT,1,0,0,-104,6.75
2026-09-08 18:46:54,2,Supply Bolt Piston [ML],HEARTBEAT,1,0,0,-105,6.5
2026-09-08 18:47:05,2,Supply Bolt Piston [ML],HEARTBEAT,1,0,0,-104,6.5
2026-09-08 18:47:15,2,Supply Bolt Piston [ML],HEARTBEAT,1,0,0,-105,6.75
2026-09-08 18:47:26,2,Supply Bolt Piston [ML],HEARTBEAT,1,0,0,-104,7.25
2026-09-08 18:47:36,2,Supply Bolt Piston [ML],HEARTBEAT,1,0,0,-104,6.25
2026-09-08 18:47:47,2,Supply Bolt Piston [ML],HEARTBEAT,1,0,0,-104,7.25
2026-09-08 18:47:57,2,Supply Bolt Piston [ML],HEARTBEAT,1,0,0,-105,6.75
2026-09-08 18:48:07,2,Supply Bolt Piston [ML],HEARTBEAT,1,0,0,-104,7
2026-09-08 18:48:18,2,Supply Bolt Piston [ML],HEARTBEAT,1,0,0,-104,5.75
2026-09-08 18:48:28,2,Supply Bolt Piston [ML],HEARTBEAT,1,0,0,-104,7.5
2026-09-08 18:48:39,2,Supply Bolt Piston [ML],HEARTBEAT,1,0,0,-103,6
2026-09-08 18:48:49,2,Supply Bolt Piston [ML],HEARTBEAT,1,0,0,-101,4.75
2026-09-08 18:48:59,2,Supply Bolt Piston [ML],HEARTBEAT,1,0,0,-104,7.75
2026-09-08 18:49:10,2,Supply Bolt Piston [ML],HEARTBEAT,1,0,0,-103,6.75
2026-09-08 18:49:20,2,Supply Bolt Piston [ML],HEARTBEAT,1,0,0,-104,6
2026-09-08 18:49:31,2,Supply Bolt Piston [ML],HEARTBEAT,1,0,0,-105,7
2026-09-08 18:49:41,2,Supply Bolt Piston [ML],HEARTBEAT,1,0,0,-105,5.5
2026-09-08 18:49:51,2,Supply Bolt Piston [ML],HEARTBEAT,1,0,0,-103,4.5
2026-09-08 18:50:02,2,Supply Bolt Piston [ML],HEARTBEAT,1,0,0,-104,4.75
2026-09-08 18:50:12,2,Supply Bolt Piston [ML],HEARTBEAT,1,0,0,-104,7.5
2026-09-08 18:50:23,2,Supply Bolt Piston [ML],HEARTBEAT,1,0,0,-103,7.25
2026-09-08 18:50:33,2,Supply Bolt Piston [ML],HEARTBEAT,1,0,0,-103,7
2026-09-08 18:50:43,2,Supply Bolt Piston [ML],HEARTBEAT,1,0,0,-103,7.5
2026-09-08 18:50:54,2,Supply Bolt Piston [ML],HEARTBEAT,1,0,0,-103,7.25
2026-09-08 18:51:04,2,Supply Bolt Piston [ML],HEARTBEAT,1,0,0,-104,7.5
2026-09-08 18:51:15,2,Supply Bolt Piston [ML],HEARTBEAT,1,0,0,-104,7.5
2026-09-08 18:51:25,2,Supply Bolt Piston [ML],HEARTBEAT,1,0,0,-105,7.25
2026-09-08 18:51:35,2,Supply Bolt Piston [ML],HEARTBEAT,1,0,0,-105,7.5
2026-09-08 18:51:46,2,Supply Bolt Piston [ML],HEARTBEAT,1,0,0,-103,6.25
2026-09-08 18:51:56,2,Supply Bolt Piston [ML],HEARTBEAT,1,0,0,-103,7
2026-09-08 18:52:07,2,Supply Bolt Piston [ML],HEARTBEAT,1,0,0,-105,6
2026-09-08 18:52:17,2,Supply Bolt Piston [ML],HEARTBEAT,1,0,0,-106,6.25
2026-09-08 18:52:27,2,Supply Bolt Piston [ML],HEARTBEAT,1,0,0,-105,7
2026-09-08 18:52:38,2,Supply Bolt Piston [ML],HEARTBEAT,1,0,0,-105,6.5
2026-09-08 18:52:48,2,Supply Bolt Piston [ML],HEARTBEAT,1,0,0,-105,6.75
2026-09-08 18:52:59,2,Supply Bolt Piston [ML],HEARTBEAT,1,0,0,-105,6.75
2026-09-08 18:53:09,2,Supply Bolt Piston [ML],HEARTBEAT,1,0,0,-104,6.5
2026-09-08 18:53:19,2,Supply Bolt Piston [ML],HEARTBEAT,1,0,0,-105,7
2026-09-08 18:53:30,2,Supply Bolt Piston [ML],HEARTBEAT,1,0,0,-104,6.5
2026-09-08 18:53:40,2,Supply Bolt Piston [ML],HEARTBEAT,1,0,0,-105,6.5
2026-09-08 18:53:51,2,Supply Bolt Piston [ML],HEARTBEAT,1,0,0,-105,7
2026-09-08 18:54:01,2,Supply Bolt Piston [ML],HEARTBEAT,1,0,0,-103,6.5
2026-09-08 18:54:11,2,Supply Bolt Piston [ML],HEARTBEAT,1,0,0,-105,6.75
2026-09-08 18:54:22,2,Supply Bolt Piston [ML],HEARTBEAT,1,0,0,-104,6.5
2026-09-08 18:54:32,2,Supply Bolt Piston [ML],HEARTBEAT,1,0,0,-105,6.75
2026-09-08 18:54:43,2,Supply Bolt Piston [ML],HEARTBEAT,1,0,0,-105,6.75
2026-09-08 18:54:53,2,Supply Bolt Piston [ML],HEARTBEAT,1,0,0,-104,6.75
2026-09-08 18:55:04,2,Supply Bolt Piston [ML],HEARTBEAT,1,0,0,-105,6.25
2026-09-08 18:55:14,2,Supply Bolt Piston [ML],HEARTBEAT,1,0,0,-103,6.25
2026-09-08 18:55:24,2,Supply Bolt Piston [ML],HEARTBEAT,1,0,0,-103,8.25
2026-09-08 18:55:35,2,Supply Bolt Piston [ML],HEARTBEAT,1,0,0,-102,6.75
2026-09-08 18:55:45,2,Supply Bolt Piston [ML],HEARTBEAT,1,0,0,-104,6.75
2026-09-08 18:55:56,2,Supply Bolt Piston [ML],HEARTBEAT,1,0,0,-104,7.25
2026-09-08 18:56:06,2,Supply Bolt Piston [ML],HEARTBEAT,1,0,0,-102,6.5
2026-09-08 18:56:16,2,Supply Bolt Piston [ML],HEARTBEAT,1,0,0,-104,7.25
2026-09-08 18:56:27,2,Supply Bolt Piston [ML],HEARTBEAT,1,0,0,-102,6.25
2026-09-08 18:56:37,2,Supply Bolt Piston [ML],HEARTBEAT,1,0,0,-102,7.25
2026-09-08 18:56:48,2,Supply Bolt Piston [ML],HEARTBEAT,1,0,0,-102,7.25
2026-09-08 18:56:58,2,Supply Bolt Piston [ML],HEARTBEAT,1,0,0,-103,7.75
2026-09-08 18:57:08,2,Supply Bolt Piston [ML],HEARTBEAT,1,0,0,-102,7.25
2026-09-08 18:57:19,2,Supply Bolt Piston [ML],HEARTBEAT,1,0,0,-102,7.75
2026-09-08 18:57:29,2,Supply Bolt Piston [ML],HEARTBEAT,1,0,0,-102,6.5
2026-09-08 18:57:40,2,Supply Bolt Piston [ML],HEARTBEAT,1,0,0,-103,7.75
2026-09-08 18:57:50,2,Supply Bolt Piston [ML],HEARTBEAT,1,0,0,-102,7.5
2026-09-08 18:58:00,2,Supply Bolt Piston [ML],HEARTBEAT,1,0,0,-102,5.75
2026-09-08 18:58:11,2,Supply Bolt Piston [ML],HEARTBEAT,1,0,0,-103,7.75
2026-09-08 18:58:21,2,Supply Bolt Piston [ML],HEARTBEAT,1,0,0,-104,7.5
2026-09-08 18:58:32,2,Supply Bolt Piston [ML],HEARTBEAT,1,0,0,-104,4.75
2026-09-08 18:58:42,2,Supply Bolt Piston [ML],HEARTBEAT,1,0,0,-103,7.25
2026-09-08 18:58:52,2,Supply Bolt Piston [ML],HEARTBEAT,1,0,0,-104,6.75
2026-09-08 18:59:03,2,Supply Bolt Piston [ML],HEARTBEAT,1,0,0,-103,6.5
2026-09-08 18:59:13,2,Supply Bolt Piston [ML],HEARTBEAT,1,0,0,-104,7
2026-09-08 18:59:24,2,Supply Bolt Piston [ML],HEARTBEAT,1,0,0,-103,6.25
2026-09-08 18:59:34,2,Supply Bolt Piston [ML],HEARTBEAT,1,0,0,-104,7.5
2026-09-08 18:59:44,2,Supply Bolt Piston [ML],HEARTBEAT,1,0,0,-102,5
2026-09-08 18:59:55,2,Supply Bolt Piston [ML],HEARTBEAT,1,0,0,-104,7
2026-09-08 19:00:05,2,Supply Bolt Piston [ML],HEARTBEAT,1,0,0,-103,8
2026-09-08 19:00:16,2,Supply Bolt Piston [ML],HEARTBEAT,1,0,0,-104,7.5
2026-09-08 19:00:26,2,Supply Bolt Piston [ML],HEARTBEAT,1,0,0,-104,4.25
2026-09-08 19:00:36,2,Supply Bolt Piston [ML],HEARTBEAT,1,0,0,-104,6.75
2026-09-08 19:00:47,2,Supply Bolt Piston [ML],HEARTBEAT,1,0,0,-103,6.75
2026-09-08 19:00:57,2,Supply Bolt Piston [ML],HEARTBEAT,1,0,0,-103,7.25
2026-09-08 19:01:08,2,Supply Bolt Piston [ML],HEARTBEAT,1,0,0,-103,6.25
2026-09-08 19:01:18,2,Supply Bolt Piston [ML],HEARTBEAT,1,0,0,-102,6.25
2026-09-08 19:01:28,2,Supply Bolt Piston [ML],HEARTBEAT,1,0,0,-100,5.75
2026-09-08 19:01:39,2,Supply Bolt Piston [ML],HEARTBEAT,1,0,0,-104,7.75
2026-09-08 19:01:49,2,Supply Bolt Piston [ML],HEARTBEAT,1,0,0,-102,7.5
2026-09-08 19:02:00,2,Supply Bolt Piston [ML],HEARTBEAT,1,0,0,-103,8
2026-09-08 19:02:10,2,Supply Bolt Piston [ML],HEARTBEAT,1,0,0,-103,5.5
2026-09-08 19:02:20,2,Supply Bolt Piston [ML],HEARTBEAT,1,0,0,-103,7.25
2026-09-08 19:02:31,2,Supply Bolt Piston [ML],HEARTBEAT,1,0,0,-103,7.5
2026-09-08 19:02:41,2,Supply Bolt Piston [ML],HEARTBEAT,1,0,0,-103,8.25
2026-09-08 19:02:52,2,Supply Bolt Piston [ML],HEARTBEAT,1,0,0,-103,8.75
2026-09-08 19:03:02,2,Supply Bolt Piston [ML],HEARTBEAT,1,0,0,-101,5.5
2026-09-08 19:03:13,2,Supply Bolt Piston [ML],HEARTBEAT,1,0,0,-103,8
2026-09-08 19:03:23,2,Supply Bolt Piston [ML],HEARTBEAT,1,0,0,-103,7.75
2026-09-08 19:03:33,2,Supply Bolt Piston [ML],HEARTBEAT,1,0,0,-103,8
2026-09-08 19:03:44,2,Supply Bolt Piston [ML],HEARTBEAT,1,0,0,-103,6.25
2026-09-08 19:03:54,2,Supply Bolt Piston [ML],HEARTBEAT,1,0,0,-103,7.25
2026-09-08 19:04:05,2,Supply Bolt Piston [ML],HEARTBEAT,1,0,0,-102,7.75
2026-09-08 19:04:15,2,Supply Bolt Piston [ML],HEARTBEAT,1,0,0,-102,8.25
2026-09-08 19:04:25,2,Supply Bolt Piston [ML],HEARTBEAT,1,0,0,-103,8
2026-09-08 19:04:36,2,Supply Bolt Piston [ML],HEARTBEAT,1,0,0,-102,6.25
2026-09-08 19:04:46,2,Supply Bolt Piston [ML],HEARTBEAT,1,0,0,-102,6.5
2026-09-08 19:04:57,2,Supply Bolt Piston [ML],HEARTBEAT,1,0,0,-102,6.75
2026-09-08 19:05:07,2,Supply Bolt Piston [ML],HEARTBEAT,1,0,0,-103,8
2026-09-08 19:05:17,2,Supply Bolt Piston [ML],HEARTBEAT,1,0,0,-100,5.5
2026-09-08 19:05:28,2,Supply Bolt Piston [ML],HEARTBEAT,1,0,0,-102,7.25
2026-09-08 19:05:38,2,Supply Bolt Piston [ML],HEARTBEAT,1,0,0,-103,7.75
2026-09-08 19:05:49,2,Supply Bolt Piston [ML],HEARTBEAT,1,0,0,-103,8.25
2026-09-08 19:05:59,2,Supply Bolt Piston [ML],HEARTBEAT,1,0,0,-103,7.75
2026-09-08 19:06:09,2,Supply Bolt Piston [ML],HEARTBEAT,1,0,0,-103,7.5
2026-09-08 19:06:20,2,Supply Bolt Piston [ML],HEARTBEAT,1,0,0,-103,5.25
2026-09-08 19:06:30,2,Supply Bolt Piston [ML],HEARTBEAT,1,0,0,-103,8
2026-09-08 19:06:41,2,Supply Bolt Piston [ML],HEARTBEAT,1,0,0,-103,8
2026-09-08 19:06:51,2,Supply Bolt Piston [ML],HEARTBEAT,1,0,0,-103,8
2026-09-08 19:07:01,2,Supply Bolt Piston [ML],HEARTBEAT,1,0,0,-102,7.5
2026-09-08 19:07:12,2,Supply Bolt Piston [ML],HEARTBEAT,1,0,0,-102,6.5
2026-09-08 19:07:22,2,Supply Bolt Piston [ML],HEARTBEAT,1,0,0,-103,7.5
2026-09-08 19:07:33,2,Supply Bolt Piston [ML],HEARTBEAT,1,0,0,-102,6.5
2026-09-08 19:07:43,2,Supply Bolt Piston [ML],HEARTBEAT,1,0,0,-105,7
2026-09-08 19:07:53,2,Supply Bolt Piston [ML],HEARTBEAT,1,0,0,-104,6.5
2026-09-08 19:08:04,2,Supply Bolt Piston [ML],HEARTBEAT,1,0,0,-103,6.75
2026-09-08 19:08:14,2,Supply Bolt Piston [ML],HEARTBEAT,1,0,0,-104,7
2026-09-08 19:08:25,2,Supply Bolt Piston [ML],HEARTBEAT,1,0,0,-105,6.5
2026-09-08 19:08:35,2,Supply Bolt Piston [ML],HEARTBEAT,1,0,0,-100,4
2026-09-08 19:08:45,2,Supply Bolt Piston [ML],HEARTBEAT,1,0,0,-104,7
2026-09-08 19:08:56,2,Supply Bolt Piston [ML],HEARTBEAT,1,0,0,-104,6.5
2026-09-08 19:09:06,2,Supply Bolt Piston [ML],HEARTBEAT,1,0,0,-104,6.25
2026-09-08 19:09:17,2,Supply Bolt Piston [ML],HEARTBEAT,1,0,0,-104,7.25
2026-09-08 19:09:27,2,Supply Bolt Piston [ML],HEARTBEAT,1,0,0,-103,7
2026-09-08 19:09:37,2,Supply Bolt Piston [ML],HEARTBEAT,1,0,0,-104,6.75
2026-09-08 19:09:48,2,Supply Bolt Piston [ML],HEARTBEAT,1,0,0,-104,6.25
2026-09-08 19:09:58,2,Supply Bolt Piston [ML],HEARTBEAT,1,0,0,-105,5.5
2026-09-08 19:10:09,2,Supply Bolt Piston [ML],HEARTBEAT,1,0,0,-104,6.75
2026-09-08 19:10:19,2,Supply Bolt Piston [ML],HEARTBEAT,1,0,0,-104,6.5
2026-09-08 19:10:30,2,Supply Bolt Piston [ML],HEARTBEAT,1,0,0,-104,7.5
2026-09-08 19:10:40,2,Supply Bolt Piston [ML],HEARTBEAT,1,0,0,-102,6
2026-09-08 19:10:50,2,Supply Bolt Piston [ML],HEARTBEAT,1,0,0,-106,6.75
2026-09-08 19:11:01,2,Supply Bolt Piston [ML],HEARTBEAT,1,0,0,-103,7
2026-09-08 19:11:11,2,Supply Bolt Piston [ML],HEARTBEAT,1,0,0,-103,5.5
2026-09-08 19:11:22,2,Supply Bolt Piston [ML],HEARTBEAT,1,0,0,-102,6.25
2026-09-08 19:11:32,2,Supply Bolt Piston [ML],HEARTBEAT,1,0,0,-101,5.75
2026-09-08 19:11:42,2,Supply Bolt Piston [ML],HEARTBEAT,1,0,0,-104,7
2026-09-08 19:11:53,2,Supply Bolt Piston [ML],HEARTBEAT,1,0,0,-103,6.75
2026-09-08 19:12:03,2,Supply Bolt Piston [ML],HEARTBEAT,1,0,0,-104,7.5
2026-09-08 19:12:14,2,Supply Bolt Piston [ML],HEARTBEAT,1,0,0,-105,6.75
2026-09-08 19:12:24,2,Supply Bolt Piston [ML],HEARTBEAT,1,0,0,-103,7.5
2026-09-08 19:12:34,2,Supply Bolt Piston [ML],HEARTBEAT,1,0,0,-102,7
2026-09-08 19:12:45,2,Supply Bolt Piston [ML],HEARTBEAT,1,0,0,-104,7.5
2026-09-08 19:12:55,2,Supply Bolt Piston [ML],HEARTBEAT,1,0,0,-103,7.25
2026-09-08 19:13:06,2,Supply Bolt Piston [ML],HEARTBEAT,1,0,0,-102,7
2026-09-08 19:13:16,2,Supply Bolt Piston [ML],HEARTBEAT,1,0,0,-101,5
2026-09-08 19:13:26,2,Supply Bolt Piston [ML],HEARTBEAT,1,0,0,-102,6.5
2026-09-08 19:13:37,2,Supply Bolt Piston [ML],HEARTBEAT,1,0,0,-101,4.75
2026-09-08 19:13:47,2,Supply Bolt Piston [ML],HEARTBEAT,1,0,0,-103,7.5
2026-09-08 19:13:58,2,Supply Bolt Piston [ML],HEARTBEAT,1,0,0,-102,7
2026-09-08 19:14:08,2,Supply Bolt Piston [ML],HEARTBEAT,1,0,0,-102,7.5
2026-09-08 19:14:18,2,Supply Bolt Piston [ML],HEARTBEAT,1,0,0,-103,7.5
2026-09-08 19:14:29,2,Supply Bolt Piston [ML],HEARTBEAT,1,0,0,-102,7.25
2026-09-08 19:14:39,2,Supply Bolt Piston [ML],HEARTBEAT,1,0,0,-103,6.25
2026-09-08 19:14:50,2,Supply Bolt Piston [ML],HEARTBEAT,1,0,0,-103,6.75
2026-09-08 19:15:00,2,Supply Bolt Piston [ML],HEARTBEAT,1,0,0,-103,8
2026-09-08 19:15:10,2,Supply Bolt Piston [ML],HEARTBEAT,1,0,0,-102,7.25
2026-09-08 19:15:21,2,Supply Bolt Piston [ML],HEARTBEAT,1,0,0,-104,5.75
2026-09-08 19:15:31,2,Supply Bolt Piston [ML],HEARTBEAT,1,0,0,-104,6.75
2026-09-08 19:15:42,2,Supply Bolt Piston [ML],HEARTBEAT,1,0,0,-104,6.75
2026-09-08 19:15:52,2,Supply Bolt Piston [ML],HEARTBEAT,1,0,0,-104,6
2026-09-08 19:16:02,2,Supply Bolt Piston [ML],HEARTBEAT,1,0,0,-103,7
2026-09-08 19:16:13,2,Supply Bolt Piston [ML],HEARTBEAT,1,0,0,-103,7
2026-09-08 19:16:23,2,Supply Bolt Piston [ML],HEARTBEAT,1,0,0,-103,7.5
2026-09-08 19:16:34,2,Supply Bolt Piston [ML],HEARTBEAT,1,0,0,-104,6.5
2026-09-08 19:16:44,2,Supply Bolt Piston [ML],HEARTBEAT,1,0,0,-104,7
2026-09-08 19:16:55,2,Supply Bolt Piston [ML],HEARTBEAT,1,0,0,-104,3.25
2026-09-08 19:17:05,2,Supply Bolt Piston [ML],HEARTBEAT,1,0,0,-103,7
2026-09-08 19:17:15,2,Supply Bolt Piston [ML],HEARTBEAT,1,0,0,-104,7.5
2026-09-08 19:17:26,2,Supply Bolt Piston [ML],HEARTBEAT,1,0,0,-102,3.75
2026-09-08 19:17:36,2,Supply Bolt Piston [ML],HEARTBEAT,1,0,0,-103,7.75
2026-09-08 19:17:47,2,Supply Bolt Piston [ML],HEARTBEAT,1,0,0,-103,8.25
2026-09-08 19:17:57,2,Supply Bolt Piston [ML],HEARTBEAT,1,0,0,-103,6
2026-09-08 19:18:07,2,Supply Bolt Piston [ML],HEARTBEAT,1,0,0,-103,5.5
2026-09-08 19:18:18,2,Supply Bolt Piston [ML],HEARTBEAT,1,0,0,-103,8
2026-09-08 19:18:28,2,Supply Bolt Piston [ML],HEARTBEAT,1,0,0,-104,7
2026-09-08 19:18:39,2,Supply Bolt Piston [ML],HEARTBEAT,1,0,0,-102,7.75
2026-09-08 19:18:49,2,Supply Bolt Piston [ML],HEARTBEAT,1,0,0,-104,5.5
2026-09-08 19:18:59,2,Supply Bolt Piston [ML],HEARTBEAT,1,0,0,-104,7
2026-09-08 19:19:10,2,Supply Bolt Piston [ML],HEARTBEAT,1,0,0,-104,7.25
2026-09-08 19:19:20,2,Supply Bolt Piston [ML],HEARTBEAT,1,0,0,-104,7.25
2026-09-08 19:19:31,2,Supply Bolt Piston [ML],HEARTBEAT,1,0,0,-103,5.75
2026-09-08 19:19:41,2,Supply Bolt Piston [ML],HEARTBEAT,1,0,0,-104,6.75
2026-09-08 19:19:51,2,Supply Bolt Piston [ML],HEARTBEAT,1,0,0,-105,6.5
2026-09-08 19:20:02,2,Supply Bolt Piston [ML],HEARTBEAT,1,0,0,-104,6.25
2026-09-08 19:20:12,2,Supply Bolt Piston [ML],HEARTBEAT,1,0,0,-104,5.75
2026-09-08 19:20:23,2,Supply Bolt Piston [ML],HEARTBEAT,1,0,0,-104,5.5
2026-09-08 19:20:33,2,Supply Bolt Piston [ML],HEARTBEAT,1,0,0,-104,7
2026-09-08 19:20:43,2,Supply Bolt Piston [ML],HEARTBEAT,1,0,0,-105,6.75
2026-09-08 19:20:54,2,Supply Bolt Piston [ML],HEARTBEAT,1,0,0,-105,5.5
2026-09-08 19:21:04,2,Supply Bolt Piston [ML],HEARTBEAT,1,0,0,-102,6.75
2026-09-08 19:21:15,2,Supply Bolt Piston [ML],HEARTBEAT,1,0,0,-104,7
2026-09-08 19:21:25,2,Supply Bolt Piston [ML],HEARTBEAT,1,0,0,-105,6.75
2026-09-08 19:21:35,2,Supply Bolt Piston [ML],HEARTBEAT,1,0,0,-104,6.5
2026-09-08 19:21:46,2,Supply Bolt Piston [ML],HEARTBEAT,1,0,0,-105,6.75
2026-09-08 19:21:56,2,Supply Bolt Piston [ML],HEARTBEAT,1,0,0,-103,5.25
2026-09-08 19:22:07,2,Supply Bolt Piston [ML],HEARTBEAT,1,0,0,-105,5.5
2026-09-08 19:22:17,2,Supply Bolt Piston [ML],HEARTBEAT,1,0,0,-105,6.5
2026-09-08 19:22:27,2,Supply Bolt Piston [ML],HEARTBEAT,1,0,0,-106,7
2026-09-08 19:22:38,2,Supply Bolt Piston [ML],HEARTBEAT,1,0,0,-104,6.5
2026-09-08 19:22:48,2,Supply Bolt Piston [ML],HEARTBEAT,1,0,0,-105,7.25
2026-09-08 19:22:59,2,Supply Bolt Piston [ML],HEARTBEAT,1,0,0,-105,7
2026-09-08 19:23:09,2,Supply Bolt Piston [ML],HEARTBEAT,1,0,0,-105,7
2026-09-08 19:23:19,2,Supply Bolt Piston [ML],HEARTBEAT,1,0,0,-104,6
2026-09-08 19:23:30,2,Supply Bolt Piston [ML],HEARTBEAT,1,0,0,-105,5.5
2026-09-08 19:23:40,2,Supply Bolt Piston [ML],HEARTBEAT,1,0,0,-104,7
2026-09-08 19:23:51,2,Supply Bolt Piston [ML],HEARTBEAT,1,0,0,-104,6.25
2026-09-08 19:24:01,2,Supply Bolt Piston [ML],HEARTBEAT,1,0,0,-105,7.25
2026-09-08 19:24:12,2,Supply Bolt Piston [ML],HEARTBEAT,1,0,0,-103,6.5
2026-09-08 19:24:22,2,Supply Bolt Piston [ML],HEARTBEAT,1,0,0,-104,7.25
2026-09-08 19:24:32,2,Supply Bolt Piston [ML],HEARTBEAT,1,0,0,-105,7
2026-09-08 19:24:43,2,Supply Bolt Piston [ML],HEARTBEAT,1,0,0,-104,6.25
2026-09-08 19:24:53,2,Supply Bolt Piston [ML],HEARTBEAT,1,0,0,-104,6.25
2026-09-08 19:25:04,2,Supply Bolt Piston [ML],HEARTBEAT,1,0,0,-101,5.75
2026-09-08 19:25:14,2,Supply Bolt Piston [ML],HEARTBEAT,1,0,0,-106,7
2026-09-08 19:25:24,2,Supply Bolt Piston [ML],HEARTBEAT,1,0,0,-105,5.5
2026-09-08 19:25:35,2,Supply Bolt Piston [ML],HEARTBEAT,1,0,0,-103,7.25
2026-09-08 19:25:45,2,Supply Bolt Piston [ML],HEARTBEAT,1,0,0,-106,5.25
2026-09-08 19:25:56,2,Supply Bolt Piston [ML],HEARTBEAT,1,0,0,-105,6.75
2026-09-08 19:26:06,2,Supply Bolt Piston [ML],HEARTBEAT,1,0,0,-108,0.75
2026-09-08 19:26:16,2,Supply Bolt Piston [ML],HEARTBEAT,1,0,0,-105,5.75
2026-09-08 19:26:27,2,Supply Bolt Piston [ML],HEARTBEAT,1,0,0,-105,6.25
2026-09-08 19:26:37,2,Supply Bolt Piston [ML],HEARTBEAT,1,0,0,-106,6.25
2026-09-08 19:26:48,2,Supply Bolt Piston [ML],HEARTBEAT,1,0,0,-106,5.75
2026-09-08 19:26:58,2,Supply Bolt Piston [ML],HEARTBEAT,1,0,0,-107,5.5
2026-09-08 19:27:08,2,Supply Bolt Piston [ML],HEARTBEAT,1,0,0,-106,5.5
2026-09-08 19:27:19,2,Supply Bolt Piston [ML],HEARTBEAT,1,0,0,-106,3.25
2026-09-08 19:27:29,2,Supply Bolt Piston [ML],HEARTBEAT,1,0,0,-106,6.25
2026-09-08 19:27:40,2,Supply Bolt Piston [ML],HEARTBEAT,1,0,0,-105,5.5
2026-09-08 19:27:50,2,Supply Bolt Piston [ML],HEARTBEAT,1,0,0,-105,6.5
2026-09-08 19:28:00,2,Supply Bolt Piston [ML],HEARTBEAT,1,0,0,-105,2.5
2026-09-08 19:28:11,2,Supply Bolt Piston [ML],HEARTBEAT,1,0,0,-103,5
2026-09-08 19:28:21,2,Supply Bolt Piston [ML],HEARTBEAT,1,0,0,-114,-1
2026-09-08 19:28:32,2,Supply Bolt Piston [ML],HEARTBEAT,1,0,0,-107,5
2026-09-08 19:28:42,2,Supply Bolt Piston [ML],HEARTBEAT,1,0,0,-107,4.75
2026-09-08 19:28:52,2,Supply Bolt Piston [ML],HEARTBEAT,1,0,0,-107,4.75
2026-09-08 19:29:03,2,Supply Bolt Piston [ML],HEARTBEAT,1,0,0,-105,4.75
2026-09-08 19:29:13,2,Supply Bolt Piston [ML],HEARTBEAT,1,0,0,-109,4.75
2026-09-08 19:29:24,2,Supply Bolt Piston [ML],HEARTBEAT,1,0,0,-107,5
2026-09-08 19:29:34,2,Supply Bolt Piston [ML],HEARTBEAT,1,0,0,-105,4.5
2026-09-08 19:29:44,2,Supply Bolt Piston [ML],HEARTBEAT,1,0,0,-109,4.25
2026-09-08 19:29:55,2,Supply Bolt Piston [ML],HEARTBEAT,1,0,0,-107,6
2026-09-08 19:30:05,2,Supply Bolt Piston [ML],HEARTBEAT,1,0,0,-108,2.75
2026-09-08 19:30:16,2,Supply Bolt Piston [ML],HEARTBEAT,1,0,0,-107,5.25
2026-09-08 19:30:26,2,Supply Bolt Piston [ML],HEARTBEAT,1,0,0,-106,4.5
2026-09-08 19:30:36,2,Supply Bolt Piston [ML],HEARTBEAT,1,0,0,-107,3
2026-09-08 19:30:47,2,Supply Bolt Piston [ML],HEARTBEAT,1,0,0,-107,5.25
2026-09-08 19:30:57,2,Supply Bolt Piston [ML],HEARTBEAT,1,0,0,-108,5
2026-09-08 19:31:08,2,Supply Bolt Piston [ML],HEARTBEAT,1,0,0,-105,4.5
2026-09-08 19:31:18,2,Supply Bolt Piston [ML],HEARTBEAT,1,0,0,-106,4
2026-09-08 19:31:29,2,Supply Bolt Piston [ML],HEARTBEAT,1,0,0,-108,4.5
2026-09-08 19:31:39,2,Supply Bolt Piston [ML],HEARTBEAT,1,0,0,-106,5.25
2026-09-08 19:31:49,2,Supply Bolt Piston [ML],HEARTBEAT,1,0,0,-103,2.25
2026-09-08 19:32:00,2,Supply Bolt Piston [ML],HEARTBEAT,1,0,0,-107,5.75
2026-09-08 19:32:10,2,Supply Bolt Piston [ML],HEARTBEAT,1,0,0,-108,5.25
2026-09-08 19:32:21,2,Supply Bolt Piston [ML],HEARTBEAT,1,0,0,-105,5.25
2026-09-08 19:32:31,2,Supply Bolt Piston [ML],HEARTBEAT,1,0,0,-106,5.75
2026-09-08 19:32:41,2,Supply Bolt Piston [ML],HEARTBEAT,1,0,0,-107,4.75
2026-09-08 19:32:52,2,Supply Bolt Piston [ML],HEARTBEAT,1,0,0,-106,5.75
2026-09-08 19:33:02,2,Supply Bolt Piston [ML],HEARTBEAT,1,0,0,-108,3
2026-09-08 19:33:13,2,Supply Bolt Piston [ML],HEARTBEAT,1,0,0,-108,5
2026-09-08 19:33:23,2,Supply Bolt Piston [ML],HEARTBEAT,1,0,0,-107,6
2026-09-08 19:33:33,2,Supply Bolt Piston [ML],HEARTBEAT,1,0,0,-106,3.5
2026-09-08 19:33:44,2,Supply Bolt Piston [ML],HEARTBEAT,1,0,0,-106,5.75
2026-09-08 19:33:54,2,Supply Bolt Piston [ML],HEARTBEAT,1,0,0,-107,5.75
2026-09-08 19:34:05,2,Supply Bolt Piston [ML],HEARTBEAT,1,0,0,-108,5.75
2026-09-08 19:34:15,2,Supply Bolt Piston [ML],HEARTBEAT,1,0,0,-106,3
2026-09-08 19:34:25,2,Supply Bolt Piston [ML],HEARTBEAT,1,0,0,-107,5.75
2026-09-08 19:34:36,2,Supply Bolt Piston [ML],HEARTBEAT,1,0,0,-106,5.75
2026-09-08 19:34:46,2,Supply Bolt Piston [ML],HEARTBEAT,1,0,0,-107,4.75
2026-09-08 19:34:57,2,Supply Bolt Piston [ML],HEARTBEAT,1,0,0,-107,2.75
2026-09-08 19:35:07,2,Supply Bolt Piston [ML],HEARTBEAT,1,0,0,-106,5.5
2026-09-08 19:35:17,2,Supply Bolt Piston [ML],HEARTBEAT,1,0,0,-107,3.75
2026-09-08 19:35:28,2,Supply Bolt Piston [ML],HEARTBEAT,1,0,0,-106,4.5
2026-09-08 19:35:38,2,Supply Bolt Piston [ML],HEARTBEAT,1,0,0,-107,5
2026-09-08 19:35:49,2,Supply Bolt Piston [ML],HEARTBEAT,1,0,0,-106,4.75
2026-09-08 19:35:59,2,Supply Bolt Piston [ML],HEARTBEAT,1,0,0,-105,6
2026-09-08 19:36:09,2,Supply Bolt Piston [ML],HEARTBEAT,1,0,0,-106,4.75
2026-09-08 19:36:20,2,Supply Bolt Piston [ML],HEARTBEAT,1,0,0,-107,5.75
2026-09-08 19:36:30,2,Supply Bolt Piston [ML],HEARTBEAT,1,0,0,-107,5.25
2026-09-08 19:36:41,2,Supply Bolt Piston [ML],HEARTBEAT,1,0,0,-107,4.5
2026-09-08 19:36:51,2,Supply Bolt Piston [ML],HEARTBEAT,1,0,0,-105,5.5
2026-09-08 19:37:01,2,Supply Bolt Piston [ML],HEARTBEAT,1,0,0,-107,5
2026-09-08 19:37:12,2,Supply Bolt Piston [ML],HEARTBEAT,1,0,0,-104,5
2026-09-08 19:37:22,2,Supply Bolt Piston [ML],HEARTBEAT,1,0,0,-107,6
2026-09-08 19:37:33,2,Supply Bolt Piston [ML],HEARTBEAT,1,0,0,-105,6.25
2026-09-08 19:37:43,2,Supply Bolt Piston [ML],HEARTBEAT,1,0,0,-107,5.5
2026-09-08 19:37:54,2,Supply Bolt Piston [ML],HEARTBEAT,1,0,0,-106,5
2026-09-08 19:38:04,2,Supply Bolt Piston [ML],HEARTBEAT,1,0,0,-106,6.5
2026-09-08 19:38:14,2,Supply Bolt Piston [ML],HEARTBEAT,1,0,0,-108,3.75
2026-09-08 19:38:25,2,Supply Bolt Piston [ML],HEARTBEAT,1,0,0,-104,6.25
2026-09-08 19:38:35,2,Supply Bolt Piston [ML],HEARTBEAT,1,0,0,-105,3.5
2026-09-08 19:38:46,2,Supply Bolt Piston [ML],HEARTBEAT,1,0,0,-106,4.75
2026-09-08 19:38:56,2,Supply Bolt Piston [ML],HEARTBEAT,1,0,0,-105,6
2026-09-08 19:39:06,2,Supply Bolt Piston [ML],HEARTBEAT,1,0,0,-106,6
2026-09-08 19:39:17,2,Supply Bolt Piston [ML],HEARTBEAT,1,0,0,-105,6.25
2026-09-08 19:39:27,2,Supply Bolt Piston [ML],HEARTBEAT,1,0,0,-105,4.75
2026-09-08 19:39:38,2,Supply Bolt Piston [ML],HEARTBEAT,1,0,0,-106,5.75
2026-09-08 19:39:48,2,Supply Bolt Piston [ML],HEARTBEAT,1,0,0,-105,5.5
2026-09-08 19:39:58,2,Supply Bolt Piston [ML],HEARTBEAT,1,0,0,-106,6
2026-09-08 19:40:09,2,Supply Bolt Piston [ML],HEARTBEAT,1,0,0,-106,5.5
2026-09-08 19:40:19,2,Supply Bolt Piston [ML],HEARTBEAT,1,0,0,-106,5.5
2026-09-08 19:40:30,2,Supply Bolt Piston [ML],HEARTBEAT,1,0,0,-106,5.75
2026-09-08 19:40:40,2,Supply Bolt Piston [ML],HEARTBEAT,1,0,0,-106,5.75
2026-09-08 19:40:50,2,Supply Bolt Piston [ML],HEARTBEAT,1,0,0,-107,5.25
2026-09-08 19:41:01,2,Supply Bolt Piston [ML],HEARTBEAT,1,0,0,-105,4.5
2026-09-08 19:41:11,2,Supply Bolt Piston [ML],HEARTBEAT,1,0,0,-106,5
2026-09-08 19:41:22,2,Supply Bolt Piston [ML],HEARTBEAT,1,0,0,-107,5.75
2026-09-08 19:41:32,2,Supply Bolt Piston [ML],HEARTBEAT,1,0,0,-104,4.75
2026-09-08 19:41:42,2,Supply Bolt Piston [ML],HEARTBEAT,1,0,0,-106,4.5
2026-09-08 19:41:53,2,Supply Bolt Piston [ML],HEARTBEAT,1,0,0,-106,5.5
2026-09-08 19:42:03,2,Supply Bolt Piston [ML],HEARTBEAT,1,0,0,-107,6.25
2026-09-08 19:42:14,2,Supply Bolt Piston [ML],HEARTBEAT,1,0,0,-105,3.75
2026-09-08 19:42:24,2,Supply Bolt Piston [ML],HEARTBEAT,1,0,0,-107,6.25
2026-09-08 19:42:34,2,Supply Bolt Piston [ML],HEARTBEAT,1,0,0,-107,5.5
2026-09-08 19:42:45,2,Supply Bolt Piston [ML],HEARTBEAT,1,0,0,-105,4.5
2026-09-08 19:42:55,2,Supply Bolt Piston [ML],HEARTBEAT,1,0,0,-106,5
2026-09-08 19:43:06,2,Supply Bolt Piston [ML],HEARTBEAT,1,0,0,-107,4.75
2026-09-08 19:43:16,2,Supply Bolt Piston [ML],HEARTBEAT,1,0,0,-104,4.75
2026-09-08 19:43:26,2,Supply Bolt Piston [ML],HEARTBEAT,1,0,0,-107,5
2026-09-08 19:43:37,2,Supply Bolt Piston [ML],HEARTBEAT,1,0,0,-106,6.25
2026-09-08 19:43:47,2,Supply Bolt Piston [ML],HEARTBEAT,1,0,0,-106,4.25
2026-09-08 19:43:58,2,Supply Bolt Piston [ML],HEARTBEAT,1,0,0,-105,5.25
2026-09-08 19:44:08,2,Supply Bolt Piston [ML],HEARTBEAT,1,0,0,-104,3.75
2026-09-08 19:44:18,2,Supply Bolt Piston [ML],HEARTBEAT,1,0,0,-106,5.25
2026-09-08 19:44:29,2,Supply Bolt Piston [ML],HEARTBEAT,1,0,0,-105,5.5
2026-09-08 19:44:39,2,Supply Bolt Piston [ML],HEARTBEAT,1,0,0,-107,5.25
2026-09-08 19:44:50,2,Supply Bolt Piston [ML],HEARTBEAT,1,0,0,-105,4.25
2026-09-08 19:45:00,2,Supply Bolt Piston [ML],HEARTBEAT,1,0,0,-104,4.75
2026-09-08 19:45:10,2,Supply Bolt Piston [ML],HEARTBEAT,1,0,0,-106,5
2026-09-08 19:45:21,2,Supply Bolt Piston [ML],HEARTBEAT,1,0,0,-106,6.25
2026-09-08 19:45:31,2,Supply Bolt Piston [ML],HEARTBEAT,1,0,0,-107,5.25
2026-09-08 19:45:42,2,Supply Bolt Piston [ML],HEARTBEAT,1,0,0,-107,4
2026-09-08 19:45:52,2,Supply Bolt Piston [ML],HEARTBEAT,1,0,0,-106,6
2026-09-08 19:46:03,2,Supply Bolt Piston [ML],HEARTBEAT,1,0,0,-106,5.5
2026-09-08 19:46:13,2,Supply Bolt Piston [ML],HEARTBEAT,1,0,0,-106,6.5
2026-09-08 19:46:23,2,Supply Bolt Piston [ML],HEARTBEAT,1,0,0,-106,5.75
2026-09-08 19:46:34,2,Supply Bolt Piston [ML],HEARTBEAT,1,0,0,-104,5
2026-09-08 19:46:44,2,Supply Bolt Piston [ML],HEARTBEAT,1,0,0,-106,5
2026-09-08 19:46:55,2,Supply Bolt Piston [ML],HEARTBEAT,1,0,0,-104,5.5
2026-09-08 19:47:05,2,Supply Bolt Piston [ML],HEARTBEAT,1,0,0,-108,4.5
2026-09-08 19:47:15,2,Supply Bolt Piston [ML],HEARTBEAT,1,0,0,-108,3.75
2026-09-08 19:47:26,2,Supply Bolt Piston [ML],HEARTBEAT,1,0,0,-109,4.5
2026-09-08 19:47:36,2,Supply Bolt Piston [ML],HEARTBEAT,1,0,0,-107,5
2026-09-08 19:47:47,2,Supply Bolt Piston [ML],HEARTBEAT,1,0,0,-104,3.25
2026-09-08 19:47:57,2,Supply Bolt Piston [ML],HEARTBEAT,1,0,0,-105,4.5
2026-09-08 19:48:07,2,Supply Bolt Piston [ML],HEARTBEAT,1,0,0,-107,5.25
2026-09-08 19:48:18,2,Supply Bolt Piston [ML],HEARTBEAT,1,0,0,-106,4.75
2026-09-08 19:48:28,2,Supply Bolt Piston [ML],HEARTBEAT,1,0,0,-105,6
2026-09-08 19:48:39,2,Supply Bolt Piston [ML],HEARTBEAT,1,0,0,-107,2.5
2026-09-08 19:48:49,2,Supply Bolt Piston [ML],HEARTBEAT,1,0,0,-106,6
2026-09-08 19:48:59,2,Supply Bolt Piston [ML],HEARTBEAT,1,0,0,-104,6.5
2026-09-08 19:49:10,2,Supply Bolt Piston [ML],HEARTBEAT,1,0,0,-104,6.5
2026-09-08 19:49:20,2,Supply Bolt Piston [ML],HEARTBEAT,1,0,0,-104,6.25
2026-09-08 19:49:31,2,Supply Bolt Piston [ML],HEARTBEAT,1,0,0,-105,7
2026-09-08 19:49:41,2,Supply Bolt Piston [ML],HEARTBEAT,1,0,0,-104,7
2026-09-08 19:49:51,2,Supply Bolt Piston [ML],HEARTBEAT,1,0,0,-105,6.75
2026-09-08 19:50:02,2,Supply Bolt Piston [ML],HEARTBEAT,1,0,0,-104,6
2026-09-08 19:50:12,2,Supply Bolt Piston [ML],HEARTBEAT,1,0,0,-106,6.25
2026-09-08 19:50:23,2,Supply Bolt Piston [ML],HEARTBEAT,1,0,0,-106,6
2026-09-08 19:50:33,2,Supply Bolt Piston [ML],HEARTBEAT,1,0,0,-106,4.5
2026-09-08 19:50:43,2,Supply Bolt Piston [ML],HEARTBEAT,1,0,0,-107,4.25
2026-09-08 19:50:54,2,Supply Bolt Piston [ML],HEARTBEAT,1,0,0,-105,5.5
2026-09-08 19:51:04,2,Supply Bolt Piston [ML],HEARTBEAT,1,0,0,-109,4.5
2026-09-08 19:51:15,2,Supply Bolt Piston [ML],HEARTBEAT,1,0,0,-108,5
2026-09-08 19:51:25,2,Supply Bolt Piston [ML],HEARTBEAT,1,0,0,-106,5.5
2026-09-08 19:51:35,2,Supply Bolt Piston [ML],HEARTBEAT,1,0,0,-107,4
2026-09-08 19:51:46,2,Supply Bolt Piston [ML],HEARTBEAT,1,0,0,-105,6.25
2026-09-08 19:51:56,2,Supply Bolt Piston [ML],HEARTBEAT,1,0,0,-106,6
2026-09-08 19:52:07,2,Supply Bolt Piston [ML],HEARTBEAT,1,0,0,-105,4.75
2026-09-08 19:52:17,2,Supply Bolt Piston [ML],HEARTBEAT,1,0,0,-106,6.25
2026-09-08 19:52:27,2,Supply Bolt Piston [ML],HEARTBEAT,1,0,0,-106,5.25
2026-09-08 19:52:38,2,Supply Bolt Piston [ML],HEARTBEAT,1,0,0,-106,6.75
2026-09-08 19:52:48,2,Supply Bolt Piston [ML],HEARTBEAT,1,0,0,-107,6.25
2026-09-08 19:52:59,2,Supply Bolt Piston [ML],HEARTBEAT,1,0,0,-106,5.5
2026-09-08 19:53:09,2,Supply Bolt Piston [ML],HEARTBEAT,1,0,0,-104,5.75
2026-09-08 19:53:20,2,Supply Bolt Piston [ML],HEARTBEAT,1,0,0,-106,5.75
2026-09-08 19:53:30,2,Supply Bolt Piston [ML],HEARTBEAT,1,0,0,-105,6.75
2026-09-08 19:53:40,2,Supply Bolt Piston [ML],HEARTBEAT,1,0,0,-106,5
2026-09-08 19:53:51,2,Supply Bolt Piston [ML],HEARTBEAT,1,0,0,-105,5.5
2026-09-08 19:54:01,2,Supply Bolt Piston [ML],HEARTBEAT,1,0,0,-104,5
2026-09-08 19:54:12,2,Supply Bolt Piston [ML],HEARTBEAT,1,0,0,-107,5.25
2026-09-08 19:54:22,2,Supply Bolt Piston [ML],HEARTBEAT,1,0,0,-104,3.25
2026-09-08 19:54:32,2,Supply Bolt Piston [ML],HEARTBEAT,1,0,0,-106,3.75
2026-09-08 19:54:43,2,Supply Bolt Piston [ML],HEARTBEAT,1,0,0,-106,6.75
2026-09-08 19:54:53,2,Supply Bolt Piston [ML],HEARTBEAT,1,0,0,-107,5.75
2026-09-08 19:55:04,2,Supply Bolt Piston [ML],HEARTBEAT,1,0,0,-108,4.25
2026-09-08 19:55:14,2,Supply Bolt Piston [ML],HEARTBEAT,1,0,0,-107,4.25
2026-09-08 19:55:24,2,Supply Bolt Piston [ML],HEARTBEAT,1,0,0,-108,4.75
2026-09-08 19:55:35,2,Supply Bolt Piston [ML],HEARTBEAT,1,0,0,-105,3.75
2026-09-08 19:55:45,2,Supply Bolt Piston [ML],HEARTBEAT,1,0,0,-107,5
2026-09-08 19:55:56,2,Supply Bolt Piston [ML],HEARTBEAT,1,0,0,-107,2.75
2026-09-08 19:56:06,2,Supply Bolt Piston [ML],HEARTBEAT,1,0,0,-106,6
2026-09-08 19:56:16,2,Supply Bolt Piston [ML],HEARTBEAT,1,0,0,-106,3.75
2026-09-08 19:56:27,2,Supply Bolt Piston [ML],HEARTBEAT,1,0,0,-106,5.5
2026-09-08 19:56:37,2,Supply Bolt Piston [ML],HEARTBEAT,1,0,0,-107,4
2026-09-08 19:56:48,2,Supply Bolt Piston [ML],HEARTBEAT,1,0,0,-108,5.25
2026-09-08 19:56:58,2,Supply Bolt Piston [ML],HEARTBEAT,1,0,0,-107,5.25
2026-09-08 19:57:08,2,Supply Bolt Piston [ML],HEARTBEAT,1,0,0,-107,5.75
2026-09-08 19:57:19,2,Supply Bolt Piston [ML],HEARTBEAT,1,0,0,-105,6.75
2026-09-08 19:57:29,2,Supply Bolt Piston [ML],HEARTBEAT,1,0,0,-108,5.5
2026-09-08 19:57:40,2,Supply Bolt Piston [ML],HEARTBEAT,1,0,0,-106,4.5
2026-09-08 19:57:50,2,Supply Bolt Piston [ML],HEARTBEAT,1,0,0,-106,4.5
2026-09-08 19:58:00,2,Supply Bolt Piston [ML],HEARTBEAT,1,0,0,-106,5.75
2026-09-08 19:58:11,2,Supply Bolt Piston [ML],HEARTBEAT,1,0,0,-106,6.5
2026-09-08 19:58:21,2,Supply Bolt Piston [ML],HEARTBEAT,1,0,0,-107,6.25
2026-09-08 19:58:32,2,Supply Bolt Piston [ML],HEARTBEAT,1,0,0,-104,3.75
2026-09-08 19:58:42,2,Supply Bolt Piston [ML],HEARTBEAT,1,0,0,-106,6.5
2026-09-08 19:58:52,2,Supply Bolt Piston [ML],HEARTBEAT,1,0,0,-106,5.25
2026-09-08 19:59:03,2,Supply Bolt Piston [ML],HEARTBEAT,1,0,0,-106,5
2026-09-08 19:59:13,2,Supply Bolt Piston [ML],HEARTBEAT,1,0,0,-106,5.75
2026-09-08 19:59:24,2,Supply Bolt Piston [ML],HEARTBEAT,1,0,0,-107,4
2026-09-08 19:59:34,2,Supply Bolt Piston [ML],HEARTBEAT,1,0,0,-105,4.25
2026-09-08 19:59:44,2,Supply Bolt Piston [ML],HEARTBEAT,1,0,0,-108,4.75
2026-09-08 19:59:55,2,Supply Bolt Piston [ML],HEARTBEAT,1,0,0,-106,3
2026-09-08 20:00:05,2,Supply Bolt Piston [ML],HEARTBEAT,1,0,0,-105,3.75
2026-09-08 20:00:16,2,Supply Bolt Piston [ML],HEARTBEAT,1,0,0,-106,6.25
2026-09-08 20:00:26,2,Supply Bolt Piston [ML],HEARTBEAT,1,0,0,-106,6.75
2026-09-08 20:00:36,2,Supply Bolt Piston [ML],HEARTBEAT,1,0,0,-104,5.25
2026-09-08 20:00:47,2,Supply Bolt Piston [ML],HEARTBEAT,1,0,0,-105,6.75
2026-09-08 20:00:57,2,Supply Bolt Piston [ML],HEARTBEAT,1,0,0,-107,5
2026-09-08 20:01:18,2,Supply Bolt Piston [ML],HEARTBEAT,1,0,0,-104,6
2026-09-08 20:01:29,2,Supply Bolt Piston [ML],HEARTBEAT,1,0,0,-106,6
2026-09-08 20:01:39,2,Supply Bolt Piston [ML],HEARTBEAT,1,0,0,-106,6
2026-09-08 20:01:49,2,Supply Bolt Piston [ML],HEARTBEAT,1,0,0,-103,2.75
2026-09-08 20:02:00,2,Supply Bolt Piston [ML],HEARTBEAT,1,0,0,-105,5
2026-09-08 20:02:10,2,Supply Bolt Piston [ML],HEARTBEAT,1,0,0,-106,5.25
2026-09-08 20:02:21,2,Supply Bolt Piston [ML],HEARTBEAT,1,0,0,-107,5.5
2026-09-08 20:02:31,2,Supply Bolt Piston [ML],HEARTBEAT,1,0,0,-106,5.75
2026-09-08 20:02:41,2,Supply Bolt Piston [ML],HEARTBEAT,1,0,0,-106,4
2026-09-08 20:02:52,2,Supply Bolt Piston [ML],HEARTBEAT,1,0,0,-106,6
2026-09-08 20:03:02,2,Supply Bolt Piston [ML],HEARTBEAT,1,0,0,-106,5
2026-09-08 20:03:13,2,Supply Bolt Piston [ML],HEARTBEAT,1,0,0,-105,4
2026-09-08 20:03:23,2,Supply Bolt Piston [ML],HEARTBEAT,1,0,0,-107,5.75
2026-09-08 20:03:33,2,Supply Bolt Piston [ML],HEARTBEAT,1,0,0,-107,3.25
2026-09-08 20:03:44,2,Supply Bolt Piston [ML],HEARTBEAT,1,0,0,-108,1.75
2026-09-08 20:03:54,2,Supply Bolt Piston [ML],HEARTBEAT,1,0,0,-107,5.5
2026-09-08 20:04:05,2,Supply Bolt Piston [ML],HEARTBEAT,1,0,0,-107,3.5
2026-09-08 20:04:15,2,Supply Bolt Piston [ML],HEARTBEAT,1,0,0,-107,5.75
2026-09-08 20:04:25,2,Supply Bolt Piston [ML],HEARTBEAT,1,0,0,-106,3.25
2026-09-08 20:04:36,2,Supply Bolt Piston [ML],HEARTBEAT,1,0,0,-107,5.25
2026-09-08 20:04:46,2,Supply Bolt Piston [ML],HEARTBEAT,1,0,0,-108,4.75
2026-09-08 20:04:57,2,Supply Bolt Piston [ML],HEARTBEAT,1,0,0,-107,4.25
2026-09-08 20:05:07,2,Supply Bolt Piston [ML],HEARTBEAT,1,0,0,-104,3.75
2026-09-08 20:05:17,2,Supply Bolt Piston [ML],HEARTBEAT,1,0,0,-106,5.5
2026-09-08 20:05:28,2,Supply Bolt Piston [ML],HEARTBEAT,1,0,0,-108,3.75
2026-09-08 20:05:38,2,Supply Bolt Piston [ML],HEARTBEAT,1,0,0,-109,3
2026-09-08 20:05:49,2,Supply Bolt Piston [ML],HEARTBEAT,1,0,0,-108,2.75
2026-09-08 20:05:59,2,Supply Bolt Piston [ML],HEARTBEAT,1,0,0,-108,4
2026-09-08 20:06:09,2,Supply Bolt Piston [ML],HEARTBEAT,1,0,0,-107,5
2026-09-08 20:06:20,2,Supply Bolt Piston [ML],HEARTBEAT,1,0,0,-110,3.5
2026-09-08 20:06:30,2,Supply Bolt Piston [ML],HEARTBEAT,1,0,0,-105,3.75
2026-09-08 20:06:41,2,Supply Bolt Piston [ML],HEARTBEAT,1,0,0,-106,6.25
2026-09-08 20:06:51,2,Supply Bolt Piston [ML],HEARTBEAT,1,0,0,-109,-1.5
2026-09-08 20:07:01,2,Supply Bolt Piston [ML],HEARTBEAT,1,0,0,-111,1.25
2026-09-08 20:07:12,2,Supply Bolt Piston [ML],HEARTBEAT,1,0,0,-110,2
2026-09-08 20:07:22,2,Supply Bolt Piston [ML],HEARTBEAT,1,0,0,-110,2.25
2026-09-08 20:07:33,2,Supply Bolt Piston [ML],HEARTBEAT,1,0,0,-111,2.5
2026-09-08 20:07:43,2,Supply Bolt Piston [ML],HEARTBEAT,1,0,0,-113,0.5
2026-09-08 20:07:53,2,Supply Bolt Piston [ML],HEARTBEAT,1,0,0,-109,2
2026-09-08 20:08:04,2,Supply Bolt Piston [ML],HEARTBEAT,1,0,0,-110,3.25
2026-09-08 20:08:14,2,Supply Bolt Piston [ML],HEARTBEAT,1,0,0,-108,4.75
2026-09-08 20:08:25,2,Supply Bolt Piston [ML],HEARTBEAT,1,0,0,-108,3.25
2026-09-08 20:08:35,2,Supply Bolt Piston [ML],HEARTBEAT,1,0,0,-110,2.75
2026-09-08 20:08:46,2,Supply Bolt Piston [ML],HEARTBEAT,1,0,0,-107,5.5
2026-09-08 20:08:56,2,Supply Bolt Piston [ML],HEARTBEAT,1,0,0,-110,2.75
2026-09-08 20:09:06,2,Supply Bolt Piston [ML],HEARTBEAT,1,0,0,-109,1.5
2026-09-08 20:09:17,2,Supply Bolt Piston [ML],HEARTBEAT,1,0,0,-108,1.25
2026-09-08 20:09:27,2,Supply Bolt Piston [ML],HEARTBEAT,1,0,0,-110,2.25
2026-09-08 20:09:38,2,Supply Bolt Piston [ML],HEARTBEAT,1,0,0,-107,5.5
2026-09-08 20:09:48,2,Supply Bolt Piston [ML],HEARTBEAT,1,0,0,-104,4.75
2026-09-08 20:09:58,2,Supply Bolt Piston [ML],HEARTBEAT,1,0,0,-107,4.5
2026-09-08 20:10:09,2,Supply Bolt Piston [ML],HEARTBEAT,1,0,0,-108,3.25
2026-09-08 20:10:19,2,Supply Bolt Piston [ML],HEARTBEAT,1,0,0,-109,4.25
2026-09-08 20:10:30,2,Supply Bolt Piston [ML],HEARTBEAT,1,0,0,-107,1.75
2026-09-08 20:10:40,2,Supply Bolt Piston [ML],HEARTBEAT,1,0,0,-106,5.75
2026-09-08 20:10:50,2,Supply Bolt Piston [ML],HEARTBEAT,1,0,0,-109,4.5
2026-09-08 20:11:01,2,Supply Bolt Piston [ML],HEARTBEAT,1,0,0,-109,3.25
2026-09-08 20:11:11,2,Supply Bolt Piston [ML],HEARTBEAT,1,0,0,-109,3
2026-09-08 20:11:22,2,Supply Bolt Piston [ML],HEARTBEAT,1,0,0,-108,5
2026-09-08 20:11:32,2,Supply Bolt Piston [ML],HEARTBEAT,1,0,0,-107,3.75
2026-09-08 20:11:42,2,Supply Bolt Piston [ML],HEARTBEAT,1,0,0,-111,2.25
2026-09-08 20:11:53,2,Supply Bolt Piston [ML],HEARTBEAT,1,0,0,-108,4.75
2026-09-08 20:12:03,2,Supply Bolt Piston [ML],HEARTBEAT,1,0,0,-107,5
2026-09-08 20:12:14,2,Supply Bolt Piston [ML],HEARTBEAT,1,0,0,-105,5.5
2026-09-08 20:12:24,2,Supply Bolt Piston [ML],HEARTBEAT,1,0,0,-108,3.25
2026-09-08 20:12:34,2,Supply Bolt Piston [ML],HEARTBEAT,1,0,0,-105,6.5
2026-09-08 20:12:45,2,Supply Bolt Piston [ML],HEARTBEAT,1,0,0,-106,6.5
2026-09-08 20:12:55,2,Supply Bolt Piston [ML],HEARTBEAT,1,0,0,-107,5.5
2026-09-08 20:13:06,2,Supply Bolt Piston [ML],HEARTBEAT,1,0,0,-106,3.75
2026-09-08 20:13:16,2,Supply Bolt Piston [ML],HEARTBEAT,1,0,0,-105,6.25
2026-09-08 20:13:26,2,Supply Bolt Piston [ML],HEARTBEAT,1,0,0,-104,5
2026-09-08 20:13:37,2,Supply Bolt Piston [ML],HEARTBEAT,1,0,0,-101,6.5
2026-09-08 20:13:47,2,Supply Bolt Piston [ML],HEARTBEAT,1,0,0,-107,5.5
2026-09-08 20:13:58,2,Supply Bolt Piston [ML],HEARTBEAT,1,0,0,-109,4.5
2026-09-08 20:14:08,2,Supply Bolt Piston [ML],HEARTBEAT,1,0,0,-107,4.25
2026-09-08 20:14:18,2,Supply Bolt Piston [ML],HEARTBEAT,1,0,0,-107,5.75
2026-09-08 20:14:29,2,Supply Bolt Piston [ML],HEARTBEAT,1,0,0,-106,6.5
2026-09-08 20:14:39,2,Supply Bolt Piston [ML],HEARTBEAT,1,0,0,-107,5
2026-09-08 20:14:50,2,Supply Bolt Piston [ML],HEARTBEAT,1,0,0,-105,4
2026-09-08 20:15:00,2,Supply Bolt Piston [ML],HEARTBEAT,1,0,0,-108,4.25
2026-09-08 20:15:10,2,Supply Bolt Piston [ML],HEARTBEAT,1,0,0,-104,6.25
2026-09-08 20:15:21,2,Supply Bolt Piston [ML],HEARTBEAT,1,0,0,-108,4.5
2026-09-08 20:15:31,2,Supply Bolt Piston [ML],HEARTBEAT,1,0,0,-107,1.75
2026-09-08 20:15:42,2,Supply Bolt Piston [ML],HEARTBEAT,1,0,0,-109,4.25
2026-09-08 20:15:52,2,Supply Bolt Piston [ML],HEARTBEAT,1,0,0,-107,2.75
2026-09-08 20:16:03,2,Supply Bolt Piston [ML],HEARTBEAT,1,0,0,-110,3.5
2026-09-08 20:16:13,2,Supply Bolt Piston [ML],HEARTBEAT,1,0,0,-108,4
2026-09-08 20:16:23,2,Supply Bolt Piston [ML],HEARTBEAT,1,0,0,-109,4
2026-09-08 20:16:44,2,Supply Bolt Piston [ML],HEARTBEAT,1,0,0,-109,2.75
2026-09-08 20:16:55,2,Supply Bolt Piston [ML],HEARTBEAT,1,0,0,-107,1.25
2026-09-08 20:17:05,2,Supply Bolt Piston [ML],HEARTBEAT,1,0,0,-109,4.5
2026-09-08 20:17:15,2,Supply Bolt Piston [ML],HEARTBEAT,1,0,0,-109,4.25
2026-09-08 20:17:26,2,Supply Bolt Piston [ML],HEARTBEAT,1,0,0,-111,1
2026-09-08 20:17:36,2,Supply Bolt Piston [ML],HEARTBEAT,1,0,0,-107,3.75
2026-09-08 20:17:47,2,Supply Bolt Piston [ML],HEARTBEAT,1,0,0,-109,4.5
2026-09-08 20:17:57,2,Supply Bolt Piston [ML],HEARTBEAT,1,0,0,-106,5.25
2026-09-08 20:18:07,2,Supply Bolt Piston [ML],HEARTBEAT,1,0,0,-106,6
2026-09-08 20:18:18,2,Supply Bolt Piston [ML],HEARTBEAT,1,0,0,-107,5.25
2026-09-08 20:18:28,2,Supply Bolt Piston [ML],HEARTBEAT,1,0,0,-108,4.75
2026-09-08 20:18:39,2,Supply Bolt Piston [ML],HEARTBEAT,1,0,0,-109,4.25
2026-09-08 20:18:49,2,Supply Bolt Piston [ML],HEARTBEAT,1,0,0,-105,5
2026-09-08 20:18:59,2,Supply Bolt Piston [ML],HEARTBEAT,1,0,0,-112,1
2026-09-08 20:19:10,2,Supply Bolt Piston [ML],HEARTBEAT,1,0,0,-110,3.25
2026-09-08 20:19:20,2,Supply Bolt Piston [ML],HEARTBEAT,1,0,0,-111,2.25
2026-09-08 20:19:31,2,Supply Bolt Piston [ML],HEARTBEAT,1,0,0,-109,3.5
2026-09-08 20:19:41,2,Supply Bolt Piston [ML],HEARTBEAT,1,0,0,-109,4
2026-09-08 20:19:51,2,Supply Bolt Piston [ML],HEARTBEAT,1,0,0,-108,2
2026-09-08 20:20:02,2,Supply Bolt Piston [ML],HEARTBEAT,1,0,0,-106,6
2026-09-08 20:20:12,2,Supply Bolt Piston [ML],HEARTBEAT,1,0,0,-105,5
2026-09-08 20:20:23,2,Supply Bolt Piston [ML],HEARTBEAT,1,0,0,-107,5
2026-09-08 20:20:33,2,Supply Bolt Piston [ML],HEARTBEAT,1,0,0,-108,4.5
2026-09-08 20:20:43,2,Supply Bolt Piston [ML],HEARTBEAT,1,0,0,-108,5.25
2026-09-08 20:20:54,2,Supply Bolt Piston [ML],HEARTBEAT,1,0,0,-108,3
2026-09-08 20:21:04,2,Supply Bolt Piston [ML],HEARTBEAT,1,0,0,-110,3.5
2026-09-08 20:21:15,2,Supply Bolt Piston [ML],HEARTBEAT,1,0,0,-110,2.25
2026-09-08 20:21:25,2,Supply Bolt Piston [ML],HEARTBEAT,1,0,0,-112,1.5
2026-09-08 20:21:35,2,Supply Bolt Piston [ML],HEARTBEAT,1,0,0,-110,2.75
2026-09-08 20:21:46,2,Supply Bolt Piston [ML],HEARTBEAT,1,0,0,-107,5.25
2026-09-08 20:21:56,2,Supply Bolt Piston [ML],HEARTBEAT,1,0,0,-109,2
2026-09-08 20:22:07,2,Supply Bolt Piston [ML],HEARTBEAT,1,0,0,-106,5.25
2026-09-08 20:22:17,2,Supply Bolt Piston [ML],HEARTBEAT,1,0,0,-106,6.5
2026-09-08 20:22:27,2,Supply Bolt Piston [ML],HEARTBEAT,1,0,0,-106,5.25
2026-09-08 20:22:38,2,Supply Bolt Piston [ML],HEARTBEAT,1,0,0,-103,7.75
2026-09-08 20:22:48,2,Supply Bolt Piston [ML],HEARTBEAT,1,0,0,-103,3.75
2026-09-08 20:22:59,2,Supply Bolt Piston [ML],HEARTBEAT,1,0,0,-104,7.25
2026-09-08 20:23:09,2,Supply Bolt Piston [ML],HEARTBEAT,1,0,0,-103,8.25
2026-09-08 20:23:20,2,Supply Bolt Piston [ML],HEARTBEAT,1,0,0,-107,4.75
2026-09-08 20:23:30,2,Supply Bolt Piston [ML],HEARTBEAT,1,0,0,-108,5
2026-09-08 20:23:40,2,Supply Bolt Piston [ML],HEARTBEAT,1,0,0,-106,6
2026-09-08 20:23:51,2,Supply Bolt Piston [ML],HEARTBEAT,1,0,0,-104,7.25
2026-09-08 20:24:01,2,Supply Bolt Piston [ML],HEARTBEAT,1,0,0,-105,6.5
2026-09-08 20:24:12,2,Supply Bolt Piston [ML],HEARTBEAT,1,0,0,-103,6.75
2026-09-08 20:24:22,2,Supply Bolt Piston [ML],HEARTBEAT,1,0,0,-105,6.5
2026-09-08 20:24:32,2,Supply Bolt Piston [ML],HEARTBEAT,1,0,0,-107,2.5
2026-09-08 20:24:43,2,Supply Bolt Piston [ML],HEARTBEAT,1,0,0,-105,6.75
2026-09-08 20:24:53,2,Supply Bolt Piston [ML],HEARTBEAT,1,0,0,-110,2.5
2026-09-08 20:25:04,2,Supply Bolt Piston [ML],HEARTBEAT,1,0,0,-106,5.75
2026-09-08 20:25:14,2,Supply Bolt Piston [ML],HEARTBEAT,1,0,0,-103,6.75
2026-09-08 20:25:24,2,Supply Bolt Piston [ML],HEARTBEAT,1,0,0,-106,6
2026-09-08 20:25:35,2,Supply Bolt Piston [ML],HEARTBEAT,1,0,0,-104,7.5
2026-09-08 20:25:45,2,Supply Bolt Piston [ML],HEARTBEAT,1,0,0,-103,7
2026-09-08 20:25:56,2,Supply Bolt Piston [ML],HEARTBEAT,1,0,0,-104,6.5
2026-09-08 20:26:06,2,Supply Bolt Piston [ML],HEARTBEAT,1,0,0,-101,4.75
2026-09-08 20:26:16,2,Supply Bolt Piston [ML],HEARTBEAT,1,0,0,-101,7
2026-09-08 20:26:27,2,Supply Bolt Piston [ML],HEARTBEAT,1,0,0,-104,6.5
2026-09-08 20:26:37,2,Supply Bolt Piston [ML],HEARTBEAT,1,0,0,-105,4.75
2026-09-08 20:26:48,2,Supply Bolt Piston [ML],HEARTBEAT,1,0,0,-103,6.5
2026-09-08 20:27:08,2,Supply Bolt Piston [ML],HEARTBEAT,1,0,0,-105,7
2026-09-08 20:27:08,2,Supply Bolt Piston [ML],HEARTBEAT,1,0,0,-104,5.75
2026-09-08 20:27:19,2,Supply Bolt Piston [ML],HEARTBEAT,1,0,0,-103,6.5
2026-09-08 20:27:29,2,Supply Bolt Piston [ML],HEARTBEAT,1,0,0,-104,7
2026-09-08 20:27:40,2,Supply Bolt Piston [ML],HEARTBEAT,1,0,0,-105,6.75
2026-09-08 20:27:50,2,Supply Bolt Piston [ML],HEARTBEAT,1,0,0,-104,6.25
2026-09-08 20:28:00,2,Supply Bolt Piston [ML],HEARTBEAT,1,0,0,-102,7.5
2026-09-08 20:28:11,2,Supply Bolt Piston [ML],HEARTBEAT,1,0,0,-105,4.5
2026-09-08 20:28:21,2,Supply Bolt Piston [ML],HEARTBEAT,1,0,0,-103,3.5
2026-09-08 20:28:32,2,Supply Bolt Piston [ML],HEARTBEAT,1,0,0,-105,7
2026-09-08 20:28:42,2,Supply Bolt Piston [ML],HEARTBEAT,1,0,0,-105,3.25
2026-09-08 20:28:52,2,Supply Bolt Piston [ML],HEARTBEAT,1,0,0,-106,6.75
2026-09-08 20:29:03,2,Supply Bolt Piston [ML],HEARTBEAT,1,0,0,-103,5.75
2026-09-08 20:29:13,2,Supply Bolt Piston [ML],HEARTBEAT,1,0,0,-106,6.5
2026-09-08 20:29:24,2,Supply Bolt Piston [ML],HEARTBEAT,1,0,0,-103,4.25
2026-09-08 20:29:34,2,Supply Bolt Piston [ML],HEARTBEAT,1,0,0,-106,6.5
2026-09-08 20:29:44,2,Supply Bolt Piston [ML],HEARTBEAT,1,0,0,-103,7.75
2026-09-08 20:29:55,2,Supply Bolt Piston [ML],HEARTBEAT,1,0,0,-102,8.25
2026-09-08 20:30:05,2,Supply Bolt Piston [ML],HEARTBEAT,1,0,0,-105,6
2026-09-08 20:30:16,2,Supply Bolt Piston [ML],HEARTBEAT,1,0,0,-103,7.5
2026-09-08 20:30:26,2,Supply Bolt Piston [ML],HEARTBEAT,1,0,0,-105,6.75
2026-09-08 20:30:37,2,Supply Bolt Piston [ML],HEARTBEAT,1,0,0,-105,6.75
2026-09-08 20:30:47,2,Supply Bolt Piston [ML],HEARTBEAT,1,0,0,-101,7
2026-09-08 20:30:57,2,Supply Bolt Piston [ML],HEARTBEAT,1,0,0,-101,6.5
2026-09-08 20:31:08,2,Supply Bolt Piston [ML],HEARTBEAT,1,0,0,-102,8
2026-09-08 20:31:18,2,Supply Bolt Piston [ML],HEARTBEAT,1,0,0,-101,8.75
2026-09-08 20:31:29,2,Supply Bolt Piston [ML],HEARTBEAT,1,0,0,-100,6.75
2026-09-08 20:31:39,2,Supply Bolt Piston [ML],HEARTBEAT,1,0,0,-101,9
2026-09-08 20:31:49,2,Supply Bolt Piston [ML],HEARTBEAT,1,0,0,-102,6.25
2026-09-08 20:32:00,2,Supply Bolt Piston [ML],HEARTBEAT,1,0,0,-104,5.25
2026-09-08 20:32:10,2,Supply Bolt Piston [ML],HEARTBEAT,1,0,0,-104,7.25
2026-09-08 20:32:21,2,Supply Bolt Piston [ML],HEARTBEAT,1,0,0,-102,8.25
2026-09-08 20:32:31,2,Supply Bolt Piston [ML],HEARTBEAT,1,0,0,-105,7.25
2026-09-08 20:32:41,2,Supply Bolt Piston [ML],HEARTBEAT,1,0,0,-101,6
2026-09-08 20:32:52,2,Supply Bolt Piston [ML],HEARTBEAT,1,0,0,-105,4.75
2026-09-08 20:33:02,2,Supply Bolt Piston [ML],HEARTBEAT,1,0,0,-103,7.25
2026-09-08 20:33:13,2,Supply Bolt Piston [ML],HEARTBEAT,1,0,0,-104,7.5
2026-09-08 20:33:23,2,Supply Bolt Piston [ML],HEARTBEAT,1,0,0,-101,4.5
2026-09-08 20:33:33,2,Supply Bolt Piston [ML],HEARTBEAT,1,0,0,-103,7.25
2026-09-08 20:33:44,2,Supply Bolt Piston [ML],HEARTBEAT,1,0,0,-103,7.75
2026-09-08 20:33:54,2,Supply Bolt Piston [ML],HEARTBEAT,1,0,0,-101,6.75
2026-09-08 20:34:05,2,Supply Bolt Piston [ML],HEARTBEAT,1,0,0,-104,7.25
2026-09-08 20:34:15,2,Supply Bolt Piston [ML],HEARTBEAT,1,0,0,-105,7
2026-09-08 20:34:25,2,Supply Bolt Piston [ML],HEARTBEAT,1,0,0,-103,7.25
2026-09-08 20:34:36,2,Supply Bolt Piston [ML],HEARTBEAT,1,0,0,-101,6.75
2026-09-08 20:34:46,2,Supply Bolt Piston [ML],HEARTBEAT,1,0,0,-103,5.5
2026-09-08 20:34:57,2,Supply Bolt Piston [ML],HEARTBEAT,1,0,0,-104,6.5
2026-09-08 20:35:07,2,Supply Bolt Piston [ML],HEARTBEAT,1,0,0,-108,4.25
2026-09-08 20:35:17,2,Supply Bolt Piston [ML],HEARTBEAT,1,0,0,-105,7
2026-09-08 20:35:28,2,Supply Bolt Piston [ML],HEARTBEAT,1,0,0,-105,6.25
2026-09-08 20:35:38,2,Supply Bolt Piston [ML],HEARTBEAT,1,0,0,-105,6.25
2026-09-08 20:35:49,2,Supply Bolt Piston [ML],HEARTBEAT,1,0,0,-102,8.5
2026-09-08 20:35:59,2,Supply Bolt Piston [ML],HEARTBEAT,1,0,0,-103,7.75
2026-09-08 20:36:09,2,Supply Bolt Piston [ML],HEARTBEAT,1,0,0,-105,6.5
2026-09-08 20:36:20,2,Supply Bolt Piston [ML],HEARTBEAT,1,0,0,-103,6
2026-09-08 20:36:30,2,Supply Bolt Piston [ML],HEARTBEAT,1,0,0,-104,7
2026-09-08 20:36:41,2,Supply Bolt Piston [ML],HEARTBEAT,1,0,0,-104,5
2026-09-08 20:36:51,2,Supply Bolt Piston [ML],HEARTBEAT,1,0,0,-106,6.25
2026-09-08 20:37:01,2,Supply Bolt Piston [ML],HEARTBEAT,1,0,0,-108,5.25
2026-09-08 20:37:12,2,Supply Bolt Piston [ML],HEARTBEAT,1,0,0,-104,5.25
2026-09-08 20:37:22,2,Supply Bolt Piston [ML],HEARTBEAT,1,0,0,-102,2.75
2026-09-08 20:37:33,2,Supply Bolt Piston [ML],HEARTBEAT,1,0,0,-105,6.5
2026-09-08 20:37:43,2,Supply Bolt Piston [ML],HEARTBEAT,1,0,0,-102,8
2026-09-08 20:37:54,2,Supply Bolt Piston [ML],HEARTBEAT,1,0,0,-105,5.75
2026-09-08 20:38:04,2,Supply Bolt Piston [ML],HEARTBEAT,1,0,0,-103,6.25
2026-09-08 20:38:14,2,Supply Bolt Piston [ML],HEARTBEAT,1,0,0,-105,6.5
2026-09-08 20:38:25,2,Supply Bolt Piston [ML],HEARTBEAT,1,0,0,-101,7.5
2026-09-08 20:38:35,2,Supply Bolt Piston [ML],HEARTBEAT,1,0,0,-103,6
2026-09-08 20:38:46,2,Supply Bolt Piston [ML],HEARTBEAT,1,0,0,-102,8.5
2026-09-08 20:38:56,2,Supply Bolt Piston [ML],HEARTBEAT,1,0,0,-102,7.75
2026-09-08 20:39:06,2,Supply Bolt Piston [ML],HEARTBEAT,1,0,0,-102,8.5
2026-09-08 20:39:17,2,Supply Bolt Piston [ML],HEARTBEAT,1,0,0,-100,7
2026-09-08 20:39:27,2,Supply Bolt Piston [ML],HEARTBEAT,1,0,0,-102,8.25
2026-09-08 20:39:38,2,Supply Bolt Piston [ML],HEARTBEAT,1,0,0,-102,7.75
2026-09-08 20:39:48,2,Supply Bolt Piston [ML],HEARTBEAT,1,0,0,-100,8.75
2026-09-08 20:39:58,2,Supply Bolt Piston [ML],HEARTBEAT,1,0,0,-102,8
2026-09-08 20:40:09,2,Supply Bolt Piston [ML],HEARTBEAT,1,0,0,-100,9.75
2026-09-08 20:40:19,2,Supply Bolt Piston [ML],HEARTBEAT,1,0,0,-100,7.5
2026-09-08 20:40:30,2,Supply Bolt Piston [ML],HEARTBEAT,1,0,0,-101,9
2026-09-08 20:40:40,2,Supply Bolt Piston [ML],HEARTBEAT,1,0,0,-96,8.25
2026-09-08 20:40:50,2,Supply Bolt Piston [ML],HEARTBEAT,1,0,0,-104,7.75
2026-09-08 20:41:01,2,Supply Bolt Piston [ML],HEARTBEAT,1,0,0,-101,8.25
2026-09-08 20:41:11,2,Supply Bolt Piston [ML],HEARTBEAT,1,0,0,-102,7
2026-09-08 20:41:22,2,Supply Bolt Piston [ML],HEARTBEAT,1,0,0,-100,6.25
2026-09-08 20:41:32,2,Supply Bolt Piston [ML],HEARTBEAT,1,0,0,-106,5.75
2026-09-08 20:41:42,2,Supply Bolt Piston [ML],HEARTBEAT,1,0,0,-105,5.75
2026-09-08 20:41:53,2,Supply Bolt Piston [ML],HEARTBEAT,1,0,0,-103,5.75
2026-09-08 20:42:03,2,Supply Bolt Piston [ML],HEARTBEAT,1,0,0,-104,7.75
2026-09-08 20:42:14,2,Supply Bolt Piston [ML],HEARTBEAT,1,0,0,-105,6.75
2026-09-08 20:42:24,2,Supply Bolt Piston [ML],HEARTBEAT,1,0,0,-105,6
2026-09-08 20:42:34,2,Supply Bolt Piston [ML],HEARTBEAT,1,0,0,-102,6
2026-09-08 20:42:45,2,Supply Bolt Piston [ML],HEARTBEAT,1,0,0,-103,8
2026-09-08 20:42:55,2,Supply Bolt Piston [ML],HEARTBEAT,1,0,0,-105,5.5
2026-09-08 20:43:06,2,Supply Bolt Piston [ML],HEARTBEAT,1,0,0,-103,7.25
2026-09-08 20:43:16,2,Supply Bolt Piston [ML],HEARTBEAT,1,0,0,-103,7.75
2026-09-08 20:43:26,2,Supply Bolt Piston [ML],HEARTBEAT,1,0,0,-106,6.75
2026-09-08 20:43:37,2,Supply Bolt Piston [ML],HEARTBEAT,1,0,0,-103,7.25
2026-09-08 20:43:47,2,Supply Bolt Piston [ML],HEARTBEAT,1,0,0,-103,8.25
2026-09-08 20:43:58,2,Supply Bolt Piston [ML],HEARTBEAT,1,0,0,-102,8
2026-09-08 20:44:08,2,Supply Bolt Piston [ML],HEARTBEAT,1,0,0,-100,9.5
2026-09-08 20:44:18,2,Supply Bolt Piston [ML],HEARTBEAT,1,0,0,-101,8
2026-09-08 20:44:29,2,Supply Bolt Piston [ML],HEARTBEAT,1,0,0,-101,8.75
2026-09-08 20:44:39,2,Supply Bolt Piston [ML],HEARTBEAT,1,0,0,-102,7.5
2026-09-08 20:44:50,2,Supply Bolt Piston [ML],HEARTBEAT,1,0,0,-101,7
2026-09-08 20:45:00,2,Supply Bolt Piston [ML],HEARTBEAT,1,0,0,-102,6.75
2026-09-08 20:45:11,2,Supply Bolt Piston [ML],HEARTBEAT,1,0,0,-102,7.25
2026-09-08 20:45:21,2,Supply Bolt Piston [ML],HEARTBEAT,1,0,0,-102,8
2026-09-08 20:45:31,2,Supply Bolt Piston [ML],HEARTBEAT,1,0,0,-102,8
2026-09-08 20:45:42,2,Supply Bolt Piston [ML],HEARTBEAT,1,0,0,-98,8.25
2026-09-08 20:45:52,2,Supply Bolt Piston [ML],HEARTBEAT,1,0,0,-101,9
2026-09-08 20:46:03,2,Supply Bolt Piston [ML],HEARTBEAT,1,0,0,-102,8.5
2026-09-08 20:46:13,2,Supply Bolt Piston [ML],HEARTBEAT,1,0,0,-103,7
2026-09-08 20:46:23,2,Supply Bolt Piston [ML],HEARTBEAT,1,0,0,-103,7.5
2026-09-08 20:46:34,2,Supply Bolt Piston [ML],HEARTBEAT,1,0,0,-101,9
2026-09-08 20:46:44,2,Supply Bolt Piston [ML],HEARTBEAT,1,0,0,-102,8.25
2026-09-08 20:46:55,2,Supply Bolt Piston [ML],HEARTBEAT,1,0,0,-102,8.5
2026-09-08 20:47:05,2,Supply Bolt Piston [ML],HEARTBEAT,1,0,0,-100,7.5
2026-09-08 20:47:15,2,Supply Bolt Piston [ML],HEARTBEAT,1,0,0,-102,7.25
2026-09-08 20:47:26,2,Supply Bolt Piston [ML],HEARTBEAT,1,0,0,-103,8.25
2026-09-08 20:47:36,2,Supply Bolt Piston [ML],HEARTBEAT,1,0,0,-101,8.5
2026-09-08 20:47:47,2,Supply Bolt Piston [ML],HEARTBEAT,1,0,0,-101,9.25
2026-09-08 20:47:57,2,Supply Bolt Piston [ML],HEARTBEAT,1,0,0,-102,8.5
2026-09-08 20:48:07,2,Supply Bolt Piston [ML],HEARTBEAT,1,0,0,-103,6.75
2026-09-08 20:48:18,2,Supply Bolt Piston [ML],HEARTBEAT,1,0,0,-102,8.25
2026-09-08 20:48:28,2,Supply Bolt Piston [ML],HEARTBEAT,1,0,0,-104,7.75
2026-09-08 20:48:39,2,Supply Bolt Piston [ML],HEARTBEAT,1,0,0,-102,8.25
2026-09-08 20:48:49,2,Supply Bolt Piston [ML],HEARTBEAT,1,0,0,-103,8
2026-09-08 20:48:59,2,Supply Bolt Piston [ML],HEARTBEAT,1,0,0,-101,9
2026-09-08 20:49:10,2,Supply Bolt Piston [ML],HEARTBEAT,1,0,0,-99,9
2026-09-08 20:49:20,2,Supply Bolt Piston [ML],HEARTBEAT,1,0,0,-104,7.25
2026-09-08 20:49:31,2,Supply Bolt Piston [ML],HEARTBEAT,1,0,0,-102,6.5
2026-09-08 20:49:41,2,Supply Bolt Piston [ML],HEARTBEAT,1,0,0,-99,8.5
2026-09-08 20:49:51,2,Supply Bolt Piston [ML],HEARTBEAT,1,0,0,-101,8.5
2026-09-08 20:50:02,2,Supply Bolt Piston [ML],HEARTBEAT,1,0,0,-101,8.75
2026-09-08 20:50:12,2,Supply Bolt Piston [ML],HEARTBEAT,1,0,0,-103,8
2026-09-08 20:50:23,2,Supply Bolt Piston [ML],HEARTBEAT,1,0,0,-101,5.5
2026-09-08 20:50:33,2,Supply Bolt Piston [ML],HEARTBEAT,1,0,0,-102,6
2026-09-08 20:50:43,2,Supply Bolt Piston [ML],HEARTBEAT,1,0,0,-101,8.25
2026-09-08 20:50:54,2,Supply Bolt Piston [ML],HEARTBEAT,1,0,0,-103,8
2026-09-08 20:51:04,2,Supply Bolt Piston [ML],HEARTBEAT,1,0,0,-103,2.25
2026-09-08 20:51:15,2,Supply Bolt Piston [ML],HEARTBEAT,1,0,0,-101,8.5
2026-09-08 20:51:25,2,Supply Bolt Piston [ML],HEARTBEAT,1,0,0,-102,8
2026-09-08 20:51:35,2,Supply Bolt Piston [ML],HEARTBEAT,1,0,0,-104,7.75
2026-09-08 20:51:46,2,Supply Bolt Piston [ML],HEARTBEAT,1,0,0,-103,8.75
2026-09-08 20:51:56,2,Supply Bolt Piston [ML],HEARTBEAT,1,0,0,-103,7.25
2026-09-08 20:52:07,2,Supply Bolt Piston [ML],HEARTBEAT,1,0,0,-101,8.75
2026-09-08 20:52:17,2,Supply Bolt Piston [ML],HEARTBEAT,1,0,0,-100,8.75
2026-09-08 20:52:28,2,Supply Bolt Piston [ML],HEARTBEAT,1,0,0,-101,7.5
2026-09-08 20:52:38,2,Supply Bolt Piston [ML],HEARTBEAT,1,0,0,-102,8.75
2026-09-08 20:52:48,2,Supply Bolt Piston [ML],HEARTBEAT,1,0,0,-99,8.25
2026-09-08 20:52:59,2,Supply Bolt Piston [ML],HEARTBEAT,1,0,0,-101,8.5
2026-09-08 20:53:09,2,Supply Bolt Piston [ML],HEARTBEAT,1,0,0,-102,8.5
2026-09-08 20:53:20,2,Supply Bolt Piston [ML],HEARTBEAT,1,0,0,-102,7.75
2026-09-08 20:53:30,2,Supply Bolt Piston [ML],HEARTBEAT,1,0,0,-101,6.5
2026-09-08 20:53:40,2,Supply Bolt Piston [ML],HEARTBEAT,1,0,0,-100,9
2026-09-08 20:53:51,2,Supply Bolt Piston [ML],HEARTBEAT,1,0,0,-101,9
2026-09-08 20:54:01,2,Supply Bolt Piston [ML],HEARTBEAT,1,0,0,-103,7.5
2026-09-08 20:54:12,2,Supply Bolt Piston [ML],HEARTBEAT,1,0,0,-103,7.75
2026-09-08 20:54:22,2,Supply Bolt Piston [ML],HEARTBEAT,1,0,0,-102,7.25
2026-09-08 20:54:32,2,Supply Bolt Piston [ML],HEARTBEAT,1,0,0,-102,7.5
2026-09-08 20:54:43,2,Supply Bolt Piston [ML],HEARTBEAT,1,0,0,-101,9
2026-09-08 20:54:53,2,Supply Bolt Piston [ML],HEARTBEAT,1,0,0,-102,8.75
2026-09-08 20:55:04,2,Supply Bolt Piston [ML],HEARTBEAT,1,0,0,-101,8.25
2026-09-08 20:55:14,2,Supply Bolt Piston [ML],HEARTBEAT,1,0,0,-101,8.25
2026-09-08 20:55:24,2,Supply Bolt Piston [ML],HEARTBEAT,1,0,0,-101,7.75
2026-09-08 20:55:35,2,Supply Bolt Piston [ML],HEARTBEAT,1,0,0,-101,8.75
2026-09-08 20:55:45,2,Supply Bolt Piston [ML],HEARTBEAT,1,0,0,-101,7.75
2026-09-08 20:55:56,2,Supply Bolt Piston [ML],HEARTBEAT,1,0,0,-100,9.25
2026-09-08 20:56:06,2,Supply Bolt Piston [ML],HEARTBEAT,1,0,0,-100,8.75
2026-09-08 20:56:16,2,Supply Bolt Piston [ML],HEARTBEAT,1,0,0,-101,9
2026-09-08 20:56:27,2,Supply Bolt Piston [ML],HEARTBEAT,1,0,0,-101,9
2026-09-08 20:56:37,2,Supply Bolt Piston [ML],HEARTBEAT,1,0,0,-102,7.25
2026-09-08 20:56:48,2,Supply Bolt Piston [ML],HEARTBEAT,1,0,0,-102,7.5
2026-09-08 20:56:58,2,Supply Bolt Piston [ML],HEARTBEAT,1,0,0,-101,7
2026-09-08 20:57:08,2,Supply Bolt Piston [ML],HEARTBEAT,1,0,0,-104,8
2026-09-08 20:57:19,2,Supply Bolt Piston [ML],HEARTBEAT,1,0,0,-102,7.5
2026-09-08 20:57:29,2,Supply Bolt Piston [ML],HEARTBEAT,1,0,0,-102,7
2026-09-08 20:57:40,2,Supply Bolt Piston [ML],HEARTBEAT,1,0,0,-102,6.25
2026-09-08 20:57:50,2,Supply Bolt Piston [ML],HEARTBEAT,1,0,0,-104,7
2026-09-08 20:58:00,2,Supply Bolt Piston [ML],HEARTBEAT,1,0,0,-104,7.75
2026-09-08 20:58:11,2,Supply Bolt Piston [ML],HEARTBEAT,1,0,0,-103,8.25
2026-09-08 20:58:21,2,Supply Bolt Piston [ML],HEARTBEAT,1,0,0,-103,6.25
2026-09-08 20:58:32,2,Supply Bolt Piston [ML],HEARTBEAT,1,0,0,-102,8
2026-09-08 20:58:42,2,Supply Bolt Piston [ML],HEARTBEAT,1,0,0,-101,8
2026-09-08 20:58:52,2,Supply Bolt Piston [ML],HEARTBEAT,1,0,0,-103,8.5
2026-09-08 20:59:03,2,Supply Bolt Piston [ML],HEARTBEAT,1,0,0,-102,7
2026-09-08 20:59:13,2,Supply Bolt Piston [ML],HEARTBEAT,1,0,0,-103,7
2026-09-08 20:59:24,2,Supply Bolt Piston [ML],HEARTBEAT,1,0,0,-104,7.5
2026-09-08 20:59:34,2,Supply Bolt Piston [ML],HEARTBEAT,1,0,0,-105,6.5
2026-09-08 20:59:45,2,Supply Bolt Piston [ML],HEARTBEAT,1,0,0,-104,7
2026-09-08 20:59:55,2,Supply Bolt Piston [ML],HEARTBEAT,1,0,0,-104,7.25
2026-09-08 21:00:05,2,Supply Bolt Piston [ML],HEARTBEAT,1,0,0,-104,5.75
2026-09-08 21:00:16,2,Supply Bolt Piston [ML],HEARTBEAT,1,0,0,-101,7
2026-09-08 21:00:26,2,Supply Bolt Piston [ML],HEARTBEAT,1,0,0,-101,8.5
2026-09-08 21:00:37,2,Supply Bolt Piston [ML],HEARTBEAT,1,0,0,-102,7.75
2026-09-08 21:00:47,2,Supply Bolt Piston [ML],HEARTBEAT,1,0,0,-103,8.5
2026-09-08 21:00:57,2,Supply Bolt Piston [ML],HEARTBEAT,1,0,0,-101,5.25
2026-09-08 21:01:08,2,Supply Bolt Piston [ML],HEARTBEAT,1,0,0,-102,8
2026-09-08 21:01:18,2,Supply Bolt Piston [ML],HEARTBEAT,1,0,0,-106,6.75
2026-09-08 21:01:29,2,Supply Bolt Piston [ML],HEARTBEAT,1,0,0,-106,7
2026-09-08 21:01:39,2,Supply Bolt Piston [ML],HEARTBEAT,1,0,0,-103,7.75
2026-09-08 21:01:49,2,Supply Bolt Piston [ML],HEARTBEAT,1,0,0,-103,8.5
2026-09-08 21:02:00,2,Supply Bolt Piston [ML],HEARTBEAT,1,0,0,-102,6.75
2026-09-08 21:02:10,2,Supply Bolt Piston [ML],HEARTBEAT,1,0,0,-103,7.75
2026-09-08 21:02:21,2,Supply Bolt Piston [ML],HEARTBEAT,1,0,0,-102,8.5
2026-09-08 21:02:31,2,Supply Bolt Piston [ML],HEARTBEAT,1,0,0,-100,8.5
2026-09-08 21:02:41,2,Supply Bolt Piston [ML],HEARTBEAT,1,0,0,-103,6.75
2026-09-08 21:02:52,2,Supply Bolt Piston [ML],HEARTBEAT,1,0,0,-103,8.5
2026-09-08 21:03:02,2,Supply Bolt Piston [ML],HEARTBEAT,1,0,0,-107,5.25
2026-09-08 21:03:13,2,Supply Bolt Piston [ML],HEARTBEAT,1,0,0,-106,5.25
2026-09-08 21:03:23,2,Supply Bolt Piston [ML],HEARTBEAT,1,0,0,-104,7
2026-09-08 21:03:33,2,Supply Bolt Piston [ML],HEARTBEAT,1,0,0,-105,7
2026-09-08 21:03:44,2,Supply Bolt Piston [ML],HEARTBEAT,1,0,0,-104,5.5
2026-09-08 21:03:54,2,Supply Bolt Piston [ML],HEARTBEAT,1,0,0,-107,5.5
2026-09-08 21:04:05,2,Supply Bolt Piston [ML],HEARTBEAT,1,0,0,-109,4.5
2026-09-08 21:04:15,2,Supply Bolt Piston [ML],HEARTBEAT,1,0,0,-105,5.25
2026-09-08 21:04:25,2,Supply Bolt Piston [ML],HEARTBEAT,1,0,0,-107,2.75
2026-09-08 21:04:36,2,Supply Bolt Piston [ML],HEARTBEAT,1,0,0,-104,6.25
2026-09-08 21:04:46,2,Supply Bolt Piston [ML],HEARTBEAT,1,0,0,-108,5
2026-09-08 21:04:57,2,Supply Bolt Piston [ML],HEARTBEAT,1,0,0,-101,3.5
2026-09-08 21:05:07,2,Supply Bolt Piston [ML],HEARTBEAT,1,0,0,-104,7.75
2026-09-08 21:05:17,2,Supply Bolt Piston [ML],HEARTBEAT,1,0,0,-103,6.25
2026-09-08 21:05:28,2,Supply Bolt Piston [ML],HEARTBEAT,1,0,0,-104,6
2026-09-08 21:05:38,2,Supply Bolt Piston [ML],HEARTBEAT,1,0,0,-106,4.25
2026-09-08 21:05:49,2,Supply Bolt Piston [ML],HEARTBEAT,1,0,0,-105,7.25
2026-09-08 21:05:59,2,Supply Bolt Piston [ML],HEARTBEAT,1,0,0,-103,7
2026-09-08 21:06:09,2,Supply Bolt Piston [ML],HEARTBEAT,1,0,0,-103,6
2026-09-08 21:06:20,2,Supply Bolt Piston [ML],HEARTBEAT,1,0,0,-103,6.25
2026-09-08 21:06:30,2,Supply Bolt Piston [ML],HEARTBEAT,1,0,0,-111,0.25
2026-09-08 21:06:41,2,Supply Bolt Piston [ML],HEARTBEAT,1,0,0,-103,7.25
2026-09-08 21:06:51,2,Supply Bolt Piston [ML],HEARTBEAT,1,0,0,-104,6.75
2026-09-08 21:07:02,2,Supply Bolt Piston [ML],HEARTBEAT,1,0,0,-106,6
2026-09-08 21:07:12,2,Supply Bolt Piston [ML],HEARTBEAT,1,0,0,-104,7
2026-09-08 21:07:22,2,Supply Bolt Piston [ML],HEARTBEAT,1,0,0,-102,8.75
2026-09-08 21:07:33,2,Supply Bolt Piston [ML],HEARTBEAT,1,0,0,-101,7.25
2026-09-08 21:07:43,2,Supply Bolt Piston [ML],HEARTBEAT,1,0,0,-102,8.25
2026-09-08 21:07:54,2,Supply Bolt Piston [ML],HEARTBEAT,1,0,0,-106,6
2026-09-08 21:08:04,2,Supply Bolt Piston [ML],HEARTBEAT,1,0,0,-106,6.75
2026-09-08 21:08:14,2,Supply Bolt Piston [ML],HEARTBEAT,1,0,0,-104,7
2026-09-08 21:08:25,2,Supply Bolt Piston [ML],HEARTBEAT,1,0,0,-102,6.25
2026-09-08 21:08:35,2,Supply Bolt Piston [ML],HEARTBEAT,1,0,0,-102,7.25
2026-09-08 21:08:46,2,Supply Bolt Piston [ML],HEARTBEAT,1,0,0,-103,7.5
2026-09-08 21:08:56,2,Supply Bolt Piston [ML],HEARTBEAT,1,0,0,-103,8.25
2026-09-08 21:09:06,2,Supply Bolt Piston [ML],HEARTBEAT,1,0,0,-106,5.5
2026-09-08 21:09:17,2,Supply Bolt Piston [ML],HEARTBEAT,1,0,0,-101,6.25
2026-09-08 21:09:27,2,Supply Bolt Piston [ML],HEARTBEAT,1,0,0,-106,6.75
2026-09-08 21:09:38,2,Supply Bolt Piston [ML],HEARTBEAT,1,0,0,-103,5.25
2026-09-08 21:09:48,2,Supply Bolt Piston [ML],HEARTBEAT,1,0,0,-101,8.5
2026-09-08 21:09:58,2,Supply Bolt Piston [ML],HEARTBEAT,1,0,0,-102,6.75
2026-09-08 21:10:09,2,Supply Bolt Piston [ML],HEARTBEAT,1,0,0,-105,3.5
2026-09-08 21:10:19,2,Supply Bolt Piston [ML],HEARTBEAT,1,0,0,-107,5.25
2026-09-08 21:10:30,2,Supply Bolt Piston [ML],HEARTBEAT,1,0,0,-107,5.5
2026-09-08 21:10:40,2,Supply Bolt Piston [ML],HEARTBEAT,1,0,0,-104,6
2026-09-08 21:10:50,2,Supply Bolt Piston [ML],HEARTBEAT,1,0,0,-102,4.75
2026-09-08 21:11:01,2,Supply Bolt Piston [ML],HEARTBEAT,1,0,0,-104,6.75
2026-09-08 21:11:11,2,Supply Bolt Piston [ML],HEARTBEAT,1,0,0,-107,2
2026-09-08 21:11:22,2,Supply Bolt Piston [ML],HEARTBEAT,1,0,0,-102,7.75
2026-09-08 21:11:32,2,Supply Bolt Piston [ML],HEARTBEAT,1,0,0,-102,8
2026-09-08 21:11:42,2,Supply Bolt Piston [ML],HEARTBEAT,1,0,0,-103,5.5
2026-09-08 21:11:53,2,Supply Bolt Piston [ML],HEARTBEAT,1,0,0,-102,8
2026-09-08 21:12:03,2,Supply Bolt Piston [ML],HEARTBEAT,1,0,0,-102,8
2026-09-08 21:12:14,2,Supply Bolt Piston [ML],HEARTBEAT,1,0,0,-105,6.5
2026-09-08 21:12:24,2,Supply Bolt Piston [ML],HEARTBEAT,1,0,0,-104,7.5
2026-09-08 21:12:34,2,Supply Bolt Piston [ML],HEARTBEAT,1,0,0,-108,4
2026-09-08 21:12:45,2,Supply Bolt Piston [ML],HEARTBEAT,1,0,0,-105,6.5
2026-09-08 21:12:55,2,Supply Bolt Piston [ML],HEARTBEAT,1,0,0,-103,5.25
2026-09-08 21:13:06,2,Supply Bolt Piston [ML],HEARTBEAT,1,0,0,-105,5.5
2026-09-08 21:13:16,2,Supply Bolt Piston [ML],HEARTBEAT,1,0,0,-107,3.5
2026-09-08 21:13:26,2,Supply Bolt Piston [ML],HEARTBEAT,1,0,0,-109,4.25
2026-09-08 21:13:37,2,Supply Bolt Piston [ML],HEARTBEAT,1,0,0,-107,4.25
2026-09-08 21:13:47,2,Supply Bolt Piston [ML],HEARTBEAT,1,0,0,-111,2.75
2026-09-08 21:13:58,2,Supply Bolt Piston [ML],HEARTBEAT,1,0,0,-104,5.75
2026-09-08 21:14:08,2,Supply Bolt Piston [ML],HEARTBEAT,1,0,0,-102,7.75
2026-09-08 21:14:18,2,Supply Bolt Piston [ML],HEARTBEAT,1,0,0,-103,7.75
2026-09-08 21:14:29,2,Supply Bolt Piston [ML],HEARTBEAT,1,0,0,-103,8.25
2026-09-08 21:14:39,2,Supply Bolt Piston [ML],HEARTBEAT,1,0,0,-103,7.75
2026-09-08 21:14:50,2,Supply Bolt Piston [ML],HEARTBEAT,1,0,0,-103,8.25
2026-09-08 21:15:00,2,Supply Bolt Piston [ML],HEARTBEAT,1,0,0,-103,8
2026-09-08 21:15:11,2,Supply Bolt Piston [ML],HEARTBEAT,1,0,0,-102,6.75
2026-09-08 21:15:21,2,Supply Bolt Piston [ML],HEARTBEAT,1,0,0,-101,8.75
2026-09-08 21:15:31,2,Supply Bolt Piston [ML],HEARTBEAT,1,0,0,-103,7.25
2026-09-08 21:15:42,2,Supply Bolt Piston [ML],HEARTBEAT,1,0,0,-106,2.5
2026-09-08 21:15:52,2,Supply Bolt Piston [ML],HEARTBEAT,1,0,0,-106,6
2026-09-08 21:16:03,2,Supply Bolt Piston [ML],HEARTBEAT,1,0,0,-103,8.5
2026-09-08 21:16:13,2,Supply Bolt Piston [ML],HEARTBEAT,1,0,0,-104,8
2026-09-08 21:16:23,2,Supply Bolt Piston [ML],HEARTBEAT,1,0,0,-105,3.75
2026-09-08 21:16:34,2,Supply Bolt Piston [ML],HEARTBEAT,1,0,0,-105,2.25
2026-09-08 21:16:44,2,Supply Bolt Piston [ML],HEARTBEAT,1,0,0,-109,3.75
2026-09-08 21:16:55,2,Supply Bolt Piston [ML],HEARTBEAT,1,0,0,-103,8.5
2026-09-08 21:17:05,2,Supply Bolt Piston [ML],HEARTBEAT,1,0,0,-108,5.25
2026-09-08 21:17:15,2,Supply Bolt Piston [ML],HEARTBEAT,1,0,0,-105,6.25
2026-09-08 21:17:26,2,Supply Bolt Piston [ML],HEARTBEAT,1,0,0,-100,7.5
2026-09-08 21:17:36,2,Supply Bolt Piston [ML],HEARTBEAT,1,0,0,-102,8
2026-09-08 21:17:47,2,Supply Bolt Piston [ML],HEARTBEAT,1,0,0,-107,4.5
2026-09-08 21:17:57,2,Supply Bolt Piston [ML],HEARTBEAT,1,0,0,-104,6.5
2026-09-08 21:18:07,2,Supply Bolt Piston [ML],HEARTBEAT,1,0,0,-108,3.25
2026-09-08 21:18:18,2,Supply Bolt Piston [ML],HEARTBEAT,1,0,0,-108,3.75
2026-09-08 21:18:28,2,Supply Bolt Piston [ML],HEARTBEAT,1,0,0,-116,-2.25
2026-09-08 21:18:39,2,Supply Bolt Piston [ML],HEARTBEAT,1,0,0,-115,-1.75
2026-09-08 21:18:49,2,Supply Bolt Piston [ML],HEARTBEAT,1,0,0,-108,4.75
2026-09-08 21:18:59,2,Supply Bolt Piston [ML],HEARTBEAT,1,0,0,-111,0.75
2026-09-08 21:19:10,2,Supply Bolt Piston [ML],HEARTBEAT,1,0,0,-106,5.75
2026-09-08 21:19:20,2,Supply Bolt Piston [ML],HEARTBEAT,1,0,0,-108,4.25
2026-09-08 21:19:31,2,Supply Bolt Piston [ML],HEARTBEAT,1,0,0,-103,8.25
2026-09-08 21:19:41,2,Supply Bolt Piston [ML],HEARTBEAT,1,0,0,-100,6.5
2026-09-08 21:19:51,2,Supply Bolt Piston [ML],HEARTBEAT,1,0,0,-103,5.5
2026-09-08 21:20:02,2,Supply Bolt Piston [ML],HEARTBEAT,1,0,0,-104,6.75
2026-09-08 21:20:12,2,Supply Bolt Piston [ML],HEARTBEAT,1,0,0,-106,4.5
2026-09-08 21:20:23,2,Supply Bolt Piston [ML],HEARTBEAT,1,0,0,-106,6.5
2026-09-08 21:20:33,2,Supply Bolt Piston [ML],HEARTBEAT,1,0,0,-105,6.5
2026-09-08 21:20:43,2,Supply Bolt Piston [ML],HEARTBEAT,1,0,0,-104,5.25
2026-09-08 21:20:54,2,Supply Bolt Piston [ML],HEARTBEAT,1,0,0,-102,7.5
2026-09-08 21:21:04,2,Supply Bolt Piston [ML],HEARTBEAT,1,0,0,-105,5.5
2026-09-08 21:21:15,2,Supply Bolt Piston [ML],HEARTBEAT,1,0,0,-102,7
2026-09-08 21:21:25,2,Supply Bolt Piston [ML],HEARTBEAT,1,0,0,-103,8
2026-09-08 21:21:35,2,Supply Bolt Piston [ML],HEARTBEAT,1,0,0,-104,6.5
2026-09-08 21:21:46,2,Supply Bolt Piston [ML],HEARTBEAT,1,0,0,-105,6.25
2026-09-08 21:21:56,2,Supply Bolt Piston [ML],HEARTBEAT,1,0,0,-109,4.5
2026-09-08 21:22:07,2,Supply Bolt Piston [ML],HEARTBEAT,1,0,0,-103,8.5
2026-09-08 21:22:17,2,Supply Bolt Piston [ML],HEARTBEAT,1,0,0,-105,7
2026-09-08 21:22:28,2,Supply Bolt Piston [ML],HEARTBEAT,1,0,0,-103,5.75
2026-09-08 21:22:38,2,Supply Bolt Piston [ML],HEARTBEAT,1,0,0,-102,7
2026-09-08 21:22:48,2,Supply Bolt Piston [ML],HEARTBEAT,1,0,0,-102,5
2026-09-08 21:22:59,2,Supply Bolt Piston [ML],HEARTBEAT,1,0,0,-106,6
2026-09-08 21:23:09,2,Supply Bolt Piston [ML],HEARTBEAT,1,0,0,-106,6.25
2026-09-08 21:23:20,2,Supply Bolt Piston [ML],HEARTBEAT,1,0,0,-106,5.5
2026-09-08 21:23:30,2,Supply Bolt Piston [ML],HEARTBEAT,1,0,0,-105,1.5
2026-09-08 21:23:40,2,Supply Bolt Piston [ML],HEARTBEAT,1,0,0,-109,3.75
2026-09-08 21:23:51,2,Supply Bolt Piston [ML],HEARTBEAT,1,0,0,-109,4
2026-09-08 21:24:01,2,Supply Bolt Piston [ML],HEARTBEAT,1,0,0,-109,4.5
2026-09-08 21:24:12,2,Supply Bolt Piston [ML],HEARTBEAT,1,0,0,-106,6
2026-09-08 21:24:22,2,Supply Bolt Piston [ML],HEARTBEAT,1,0,0,-104,7.25
2026-09-08 21:24:32,2,Supply Bolt Piston [ML],HEARTBEAT,1,0,0,-105,6.75
2026-09-08 21:24:43,2,Supply Bolt Piston [ML],HEARTBEAT,1,0,0,-103,8.5
2026-09-08 21:24:53,2,Supply Bolt Piston [ML],HEARTBEAT,1,0,0,-105,7
2026-09-08 21:25:14,2,Supply Bolt Piston [ML],HEARTBEAT,1,0,0,-112,0.5
2026-09-08 21:25:24,2,Supply Bolt Piston [ML],HEARTBEAT,1,0,0,-103,8.25
2026-09-08 21:25:35,2,Supply Bolt Piston [ML],HEARTBEAT,1,0,0,-104,7
2026-09-08 21:25:45,2,Supply Bolt Piston [ML],HEARTBEAT,1,0,0,-102,6.75
2026-09-08 21:25:56,2,Supply Bolt Piston [ML],HEARTBEAT,1,0,0,-104,6.75
2026-09-08 21:26:06,2,Supply Bolt Piston [ML],HEARTBEAT,1,0,0,-102,7.25
2026-09-08 21:26:16,2,Supply Bolt Piston [ML],HEARTBEAT,1,0,0,-104,7
2026-09-08 21:26:27,2,Supply Bolt Piston [ML],HEARTBEAT,1,0,0,-104,6.75
2026-09-08 21:26:37,2,Supply Bolt Piston [ML],HEARTBEAT,1,0,0,-104,6.75
2026-09-08 21:26:48,2,Supply Bolt Piston [ML],HEARTBEAT,1,0,0,-103,8
2026-09-08 21:26:58,2,Supply Bolt Piston [ML],HEARTBEAT,1,0,0,-103,7.5
2026-09-08 21:27:08,2,Supply Bolt Piston [ML],HEARTBEAT,1,0,0,-107,6.25
2026-09-08 21:27:19,2,Supply Bolt Piston [ML],HEARTBEAT,1,0,0,-105,7
2026-09-08 21:27:29,2,Supply Bolt Piston [ML],HEARTBEAT,1,0,0,-104,6
2026-09-08 21:27:40,2,Supply Bolt Piston [ML],HEARTBEAT,1,0,0,-104,6.25
2026-09-08 21:27:50,2,Supply Bolt Piston [ML],HEARTBEAT,1,0,0,-102,5.25
2026-09-08 21:28:00,2,Supply Bolt Piston [ML],HEARTBEAT,1,0,0,-104,7
2026-09-08 21:28:11,2,Supply Bolt Piston [ML],HEARTBEAT,1,0,0,-104,6.25
2026-09-08 21:28:21,2,Supply Bolt Piston [ML],HEARTBEAT,1,0,0,-100,7
2026-09-08 21:28:32,2,Supply Bolt Piston [ML],HEARTBEAT,1,0,0,-103,8.25
2026-09-08 21:28:42,2,Supply Bolt Piston [ML],HEARTBEAT,1,0,0,-104,6
2026-09-08 21:28:53,2,Supply Bolt Piston [ML],HEARTBEAT,1,0,0,-105,4.75
2026-09-08 21:29:03,2,Supply Bolt Piston [ML],HEARTBEAT,1,0,0,-104,8
2026-09-08 21:29:13,2,Supply Bolt Piston [ML],HEARTBEAT,1,0,0,-105,3.75
2026-09-08 21:29:24,2,Supply Bolt Piston [ML],HEARTBEAT,1,0,0,-103,8.25
2026-09-08 21:29:34,2,Supply Bolt Piston [ML],HEARTBEAT,1,0,0,-103,8.25
2026-09-08 21:29:45,2,Supply Bolt Piston [ML],HEARTBEAT,1,0,0,-103,8
2026-09-08 21:29:55,2,Supply Bolt Piston [ML],HEARTBEAT,1,0,0,-102,8
2026-09-08 21:30:05,2,Supply Bolt Piston [ML],HEARTBEAT,1,0,0,-102,8.5
2026-09-08 21:30:16,2,Supply Bolt Piston [ML],HEARTBEAT,1,0,0,-101,7.25
2026-09-08 21:30:26,2,Supply Bolt Piston [ML],HEARTBEAT,1,0,0,-102,7.75
2026-09-08 21:30:37,2,Supply Bolt Piston [ML],HEARTBEAT,1,0,0,-104,7
2026-09-08 21:30:47,2,Supply Bolt Piston [ML],HEARTBEAT,1,0,0,-103,7.75
2026-09-08 21:30:57,2,Supply Bolt Piston [ML],HEARTBEAT,1,0,0,-103,8.25
2026-09-08 21:31:08,2,Supply Bolt Piston [ML],HEARTBEAT,1,0,0,-102,8.75
2026-09-08 21:31:18,2,Supply Bolt Piston [ML],HEARTBEAT,1,0,0,-103,8.25
2026-09-08 21:31:29,2,Supply Bolt Piston [ML],HEARTBEAT,1,0,0,-102,8.25
2026-09-08 21:31:39,2,Supply Bolt Piston [ML],HEARTBEAT,1,0,0,-102,8.5
2026-09-08 21:31:50,2,Supply Bolt Piston [ML],HEARTBEAT,1,0,0,-103,8.75
2026-09-08 21:32:00,2,Supply Bolt Piston [ML],HEARTBEAT,1,0,0,-102,6.75
2026-09-08 21:32:10,2,Supply Bolt Piston [ML],HEARTBEAT,1,0,0,-102,7.25
2026-09-08 21:32:21,2,Supply Bolt Piston [ML],HEARTBEAT,1,0,0,-103,8.5
2026-09-08 21:32:31,2,Supply Bolt Piston [ML],HEARTBEAT,1,0,0,-102,6.5
2026-09-08 21:32:42,2,Supply Bolt Piston [ML],HEARTBEAT,1,0,0,-103,8.25
2026-09-08 21:32:52,2,Supply Bolt Piston [ML],HEARTBEAT,1,0,0,-102,7.5
2026-09-08 21:33:02,2,Supply Bolt Piston [ML],HEARTBEAT,1,0,0,-101,7.25
2026-09-08 21:33:13,2,Supply Bolt Piston [ML],HEARTBEAT,1,0,0,-102,8.5
2026-09-08 21:33:23,2,Supply Bolt Piston [ML],HEARTBEAT,1,0,0,-101,8.25
2026-09-08 21:33:34,2,Supply Bolt Piston [ML],HEARTBEAT,1,0,0,-101,8.25
2026-09-08 21:33:44,2,Supply Bolt Piston [ML],HEARTBEAT,1,0,0,-103,7
2026-09-08 21:33:54,2,Supply Bolt Piston [ML],HEARTBEAT,1,0,0,-103,7.5
2026-09-08 21:34:05,2,Supply Bolt Piston [ML],HEARTBEAT,1,0,0,-103,8.5
2026-09-08 21:34:15,2,Supply Bolt Piston [ML],HEARTBEAT,1,0,0,-103,7.25
2026-09-08 21:34:26,2,Supply Bolt Piston [ML],HEARTBEAT,1,0,0,-102,6.5
2026-09-08 21:34:36,2,Supply Bolt Piston [ML],HEARTBEAT,1,0,0,-101,8.25
2026-09-08 21:34:47,2,Supply Bolt Piston [ML],HEARTBEAT,1,0,0,-101,5.75
2026-09-08 21:34:57,2,Supply Bolt Piston [ML],HEARTBEAT,1,0,0,-103,8.5
2026-09-08 21:35:07,2,Supply Bolt Piston [ML],HEARTBEAT,1,0,0,-102,8
2026-09-08 21:35:18,2,Supply Bolt Piston [ML],HEARTBEAT,1,0,0,-103,8.75
2026-09-08 21:35:28,2,Supply Bolt Piston [ML],HEARTBEAT,1,0,0,-102,8.25
2026-09-08 21:35:39,2,Supply Bolt Piston [ML],HEARTBEAT,1,0,0,-108,4.5
2026-09-08 21:35:49,2,Supply Bolt Piston [ML],HEARTBEAT,1,0,0,-104,6.5
2026-09-08 21:35:59,2,Supply Bolt Piston [ML],HEARTBEAT,1,0,0,-104,7
2026-09-08 21:36:10,2,Supply Bolt Piston [ML],HEARTBEAT,1,0,0,-103,2.75
2026-09-08 21:36:20,2,Supply Bolt Piston [ML],HEARTBEAT,1,0,0,-112,2.25
2026-09-08 21:36:31,2,Supply Bolt Piston [ML],HEARTBEAT,1,0,0,-104,7.25
2026-09-08 21:36:41,2,Supply Bolt Piston [ML],HEARTBEAT,1,0,0,-103,8
2026-09-08 21:36:51,2,Supply Bolt Piston [ML],HEARTBEAT,1,0,0,-105,6.75
2026-09-08 21:37:02,2,Supply Bolt Piston [ML],HEARTBEAT,1,0,0,-112,0.5
2026-09-08 21:37:12,2,Supply Bolt Piston [ML],HEARTBEAT,1,0,0,-118,-4
2026-09-08 21:37:23,2,Supply Bolt Piston [ML],HEARTBEAT,1,0,0,-109,3.5
2026-09-08 21:37:33,2,Supply Bolt Piston [ML],HEARTBEAT,1,0,0,-105,5.5
2026-09-08 21:37:44,2,Supply Bolt Piston [ML],HEARTBEAT,1,0,0,-107,5.25
2026-09-08 21:37:54,2,Supply Bolt Piston [ML],HEARTBEAT,1,0,0,-108,-1.75
2026-09-08 21:38:04,2,Supply Bolt Piston [ML],HEARTBEAT,1,0,0,-109,4.25
2026-09-08 21:38:15,2,Supply Bolt Piston [ML],HEARTBEAT,1,0,0,-106,5.75
2026-09-08 21:38:25,2,Supply Bolt Piston [ML],HEARTBEAT,1,0,0,-101,7.5
2026-09-08 21:38:36,2,Supply Bolt Piston [ML],HEARTBEAT,1,0,0,-105,5.5
2026-09-08 21:38:46,2,Supply Bolt Piston [ML],HEARTBEAT,1,0,0,-102,4
2026-09-08 21:38:56,2,Supply Bolt Piston [ML],HEARTBEAT,1,0,0,-105,6.75
2026-09-08 21:39:07,2,Supply Bolt Piston [ML],HEARTBEAT,1,0,0,-106,5
2026-09-08 21:39:17,2,Supply Bolt Piston [ML],HEARTBEAT,1,0,0,-102,8
2026-09-08 21:39:28,2,Supply Bolt Piston [ML],HEARTBEAT,1,0,0,-102,6.75
2026-09-08 21:39:38,2,Supply Bolt Piston [ML],HEARTBEAT,1,0,0,-102,8.25
2026-09-08 21:39:48,2,Supply Bolt Piston [ML],HEARTBEAT,1,0,0,-101,7.5
2026-09-08 21:39:59,2,Supply Bolt Piston [ML],HEARTBEAT,1,0,0,-105,6.75
2026-09-08 21:40:09,2,Supply Bolt Piston [ML],HEARTBEAT,1,0,0,-104,6
2026-09-08 21:40:20,2,Supply Bolt Piston [ML],HEARTBEAT,1,0,0,-103,8.25
2026-09-08 21:40:30,2,Supply Bolt Piston [ML],HEARTBEAT,1,0,0,-102,6.75
2026-09-08 21:40:41,2,Supply Bolt Piston [ML],HEARTBEAT,1,0,0,-105,7
2026-09-08 21:40:51,2,Supply Bolt Piston [ML],HEARTBEAT,1,0,0,-113,-0.75
2026-09-08 21:41:01,2,Supply Bolt Piston [ML],HEARTBEAT,1,0,0,-107,4.75
2026-09-08 21:41:12,2,Supply Bolt Piston [ML],HEARTBEAT,1,0,0,-105,6.75
2026-09-08 21:41:22,2,Supply Bolt Piston [ML],HEARTBEAT,1,0,0,-101,7.75
2026-09-08 21:41:33,2,Supply Bolt Piston [ML],HEARTBEAT,1,0,0,-106,1
2026-09-08 21:41:43,2,Supply Bolt Piston [ML],HEARTBEAT,1,0,0,-110,4
2026-09-08 21:41:53,2,Supply Bolt Piston [ML],HEARTBEAT,1,0,0,-102,4.25
2026-09-08 21:42:04,2,Supply Bolt Piston [ML],HEARTBEAT,1,0,0,-103,7.75
2026-09-08 21:42:14,2,Supply Bolt Piston [ML],HEARTBEAT,1,0,0,-105,5.75
2026-09-08 21:42:25,2,Supply Bolt Piston [ML],HEARTBEAT,1,0,0,-105,6.25
2026-09-08 21:42:35,2,Supply Bolt Piston [ML],HEARTBEAT,1,0,0,-106,6.75
2026-09-08 21:42:45,2,Supply Bolt Piston [ML],HEARTBEAT,1,0,0,-102,7
2026-09-08 21:42:56,2,Supply Bolt Piston [ML],HEARTBEAT,1,0,0,-106,5.5
2026-09-08 21:43:06,2,Supply Bolt Piston [ML],HEARTBEAT,1,0,0,-107,5.5
2026-09-08 21:43:17,2,Supply Bolt Piston [ML],HEARTBEAT,1,0,0,-103,3.25
2026-09-08 21:43:27,2,Supply Bolt Piston [ML],HEARTBEAT,1,0,0,-109,2
2026-09-08 21:43:38,2,Supply Bolt Piston [ML],HEARTBEAT,1,0,0,-105,6.75
2026-09-08 21:43:48,2,Supply Bolt Piston [ML],HEARTBEAT,1,0,0,-109,4.25
2026-09-08 21:43:58,2,Supply Bolt Piston [ML],HEARTBEAT,1,0,0,-104,6.5
2026-09-08 21:44:09,2,Supply Bolt Piston [ML],HEARTBEAT,1,0,0,-104,7.25
2026-09-08 21:44:19,2,Supply Bolt Piston [ML],HEARTBEAT,1,0,0,-105,6.5
2026-09-08 21:44:30,2,Supply Bolt Piston [ML],HEARTBEAT,1,0,0,-106,6.75
2026-09-08 21:44:40,2,Supply Bolt Piston [ML],HEARTBEAT,1,0,0,-106,6
2026-09-08 21:44:50,2,Supply Bolt Piston [ML],HEARTBEAT,1,0,0,-105,4
2026-09-08 21:45:01,2,Supply Bolt Piston [ML],HEARTBEAT,1,0,0,-105,6.75
2026-09-08 21:45:11,2,Supply Bolt Piston [ML],HEARTBEAT,1,0,0,-103,8.5
2026-09-08 21:45:22,2,Supply Bolt Piston [ML],HEARTBEAT,1,0,0,-102,8.75
2026-09-08 21:45:32,2,Supply Bolt Piston [ML],HEARTBEAT,1,0,0,-105,6.25
2026-09-08 21:45:42,2,Supply Bolt Piston [ML],HEARTBEAT,1,0,0,-103,7.75
2026-09-08 21:45:53,2,Supply Bolt Piston [ML],HEARTBEAT,1,0,0,-102,8
2026-09-08 21:46:03,2,Supply Bolt Piston [ML],HEARTBEAT,1,0,0,-103,7.75
2026-09-08 21:46:14,2,Supply Bolt Piston [ML],HEARTBEAT,1,0,0,-100,8
2026-09-08 21:46:24,2,Supply Bolt Piston [ML],HEARTBEAT,1,0,0,-102,6.75
2026-09-08 21:46:35,2,Supply Bolt Piston [ML],HEARTBEAT,1,0,0,-103,8.75
2026-09-08 21:46:45,2,Supply Bolt Piston [ML],HEARTBEAT,1,0,0,-102,7.75
2026-09-08 21:46:55,2,Supply Bolt Piston [ML],HEARTBEAT,1,0,0,-103,8.5
2026-09-08 21:47:06,2,Supply Bolt Piston [ML],HEARTBEAT,1,0,0,-102,8.5
2026-09-08 21:47:16,2,Supply Bolt Piston [ML],HEARTBEAT,1,0,0,-102,8.25
2026-09-08 21:47:27,2,Supply Bolt Piston [ML],HEARTBEAT,1,0,0,-102,6.5
2026-09-08 21:47:37,2,Supply Bolt Piston [ML],HEARTBEAT,1,0,0,-103,8.5
2026-09-08 21:47:47,2,Supply Bolt Piston [ML],HEARTBEAT,1,0,0,-102,8.5
2026-09-08 21:47:58,2,Supply Bolt Piston [ML],HEARTBEAT,1,0,0,-100,8.25
2026-09-08 21:48:08,2,Supply Bolt Piston [ML],HEARTBEAT,1,0,0,-100,8.25
2026-09-08 21:48:19,2,Supply Bolt Piston [ML],HEARTBEAT,1,0,0,-102,8.75
2026-09-08 21:48:29,2,Supply Bolt Piston [ML],HEARTBEAT,1,0,0,-103,8.25
2026-09-08 21:48:39,2,Supply Bolt Piston [ML],HEARTBEAT,1,0,0,-102,8.75
2026-09-08 21:48:49,2,Supply Bolt Piston [ML],HEARTBEAT,1,0,1,-103,7.5
2026-09-08 21:48:49,2,Supply Bolt Piston [ML],MANUAL_MODE,1,0,1,-103,7.5
2026-09-08 21:48:50,2,Supply Bolt Piston [ML],HEARTBEAT,1,0,0,-102,7.75
2026-09-08 21:48:50,2,Supply Bolt Piston [ML],AUTO_MODE,1,0,0,-102,7.75
2026-09-08 21:48:50,2,Supply Bolt Piston [ML],HEARTBEAT,1,0,1,-104,7.75
2026-09-08 21:48:50,2,Supply Bolt Piston [ML],MANUAL_MODE,1,0,1,-104,7.75
2026-09-08 21:48:58,2,Supply Bolt Piston [ML],HEARTBEAT,1,0,0,-100,8.5
2026-09-08 21:48:58,2,Supply Bolt Piston [ML],AUTO_MODE,1,0,0,-100,8.5
2026-09-08 21:49:09,2,Supply Bolt Piston [ML],HEARTBEAT,1,0,0,-107,4.5
2026-09-08 21:49:19,2,Supply Bolt Piston [ML],HEARTBEAT,1,0,0,-103,8.75
2026-09-08 21:49:30,2,Supply Bolt Piston [ML],HEARTBEAT,1,0,0,-103,8.5
2026-09-08 21:49:40,2,Supply Bolt Piston [ML],HEARTBEAT,1,0,0,-107,5.25
2026-09-08 21:49:51,2,Supply Bolt Piston [ML],HEARTBEAT,1,0,0,-105,7
2026-09-08 21:50:01,2,Supply Bolt Piston [ML],HEARTBEAT,1,0,0,-103,7
2026-09-08 21:50:11,2,Supply Bolt Piston [ML],HEARTBEAT,1,0,0,-109,4.5
2026-09-08 21:50:22,2,Supply Bolt Piston [ML],HEARTBEAT,1,0,0,-102,7.25
2026-09-08 21:50:32,2,Supply Bolt Piston [ML],HEARTBEAT,1,0,0,-105,6.25
2026-09-08 21:50:43,2,Supply Bolt Piston [ML],HEARTBEAT,1,0,0,-102,7
2026-09-08 21:50:53,2,Supply Bolt Piston [ML],HEARTBEAT,1,0,0,-102,8.5
2026-09-08 21:51:03,2,Supply Bolt Piston [ML],HEARTBEAT,1,0,0,-103,8
2026-09-08 21:51:14,2,Supply Bolt Piston [ML],HEARTBEAT,1,0,0,-102,8.75
2026-09-08 21:51:24,2,Supply Bolt Piston [ML],HEARTBEAT,1,0,0,-102,7
2026-09-08 21:51:35,2,Supply Bolt Piston [ML],HEARTBEAT,1,0,0,-103,7.75
2026-09-08 21:51:45,2,Supply Bolt Piston [ML],HEARTBEAT,1,0,0,-102,8.75
2026-09-08 21:51:55,2,Supply Bolt Piston [ML],HEARTBEAT,1,0,0,-102,7.5
2026-09-08 21:52:06,2,Supply Bolt Piston [ML],HEARTBEAT,1,0,0,-103,8
2026-09-08 21:52:16,2,Supply Bolt Piston [ML],HEARTBEAT,1,0,0,-101,9.25
2026-09-08 21:52:27,2,Supply Bolt Piston [ML],HEARTBEAT,1,0,0,-101,9.5
2026-09-08 21:52:37,2,Supply Bolt Piston [ML],HEARTBEAT,1,0,0,-101,9
2026-09-08 21:52:47,2,Supply Bolt Piston [ML],HEARTBEAT,1,0,0,-102,8.75
2026-09-08 21:52:58,2,Supply Bolt Piston [ML],HEARTBEAT,1,0,0,-100,9.25
2026-09-08 21:53:08,2,Supply Bolt Piston [ML],HEARTBEAT,1,0,0,-105,7
2026-09-08 21:53:19,2,Supply Bolt Piston [ML],HEARTBEAT,1,0,0,-99,6.25
2026-09-08 21:53:29,2,Supply Bolt Piston [ML],HEARTBEAT,1,0,0,-103,8.25
2026-09-08 21:53:40,2,Supply Bolt Piston [ML],HEARTBEAT,1,0,0,-100,7.25
2026-09-08 21:53:50,2,Supply Bolt Piston [ML],HEARTBEAT,1,0,0,-103,8
2026-09-08 21:54:00,2,Supply Bolt Piston [ML],HEARTBEAT,1,0,0,-104,6.25
2026-09-08 21:54:11,2,Supply Bolt Piston [ML],HEARTBEAT,1,0,0,-109,4.5
2026-09-08 21:54:21,2,Supply Bolt Piston [ML],HEARTBEAT,1,0,0,-108,3.75
2026-09-08 21:54:32,2,Supply Bolt Piston [ML],HEARTBEAT,1,0,0,-104,7.75
2026-09-08 21:54:42,2,Supply Bolt Piston [ML],HEARTBEAT,1,0,0,-101,7
2026-09-08 21:54:52,2,Supply Bolt Piston [ML],HEARTBEAT,1,0,0,-105,7
2026-09-08 21:55:03,2,Supply Bolt Piston [ML],HEARTBEAT,1,0,0,-109,4.25
2026-09-08 21:55:13,2,Supply Bolt Piston [ML],HEARTBEAT,1,0,0,-111,2.25
2026-09-08 21:55:24,2,Supply Bolt Piston [ML],HEARTBEAT,1,0,0,-108,3.5
2026-09-08 21:55:34,2,Supply Bolt Piston [ML],HEARTBEAT,1,0,0,-102,7.25
2026-09-08 21:55:44,2,Supply Bolt Piston [ML],HEARTBEAT,1,0,0,-105,7
2026-09-08 21:55:55,2,Supply Bolt Piston [ML],HEARTBEAT,1,0,0,-103,6.75
2026-09-08 21:56:05,2,Supply Bolt Piston [ML],HEARTBEAT,1,0,0,-106,6.75
2026-09-08 21:56:16,2,Supply Bolt Piston [ML],HEARTBEAT,1,0,0,-106,7
2026-09-08 21:56:26,2,Supply Bolt Piston [ML],HEARTBEAT,1,0,0,-105,5.5
2026-09-08 21:56:36,2,Supply Bolt Piston [ML],HEARTBEAT,1,0,0,-106,6.75
2026-09-08 21:56:47,2,Supply Bolt Piston [ML],HEARTBEAT,1,0,0,-103,7.5
2026-09-08 21:56:57,2,Supply Bolt Piston [ML],HEARTBEAT,1,0,0,-106,6.75
2026-09-08 21:57:08,2,Supply Bolt Piston [ML],HEARTBEAT,1,0,0,-103,8.25
2026-09-08 21:57:18,2,Supply Bolt Piston [ML],HEARTBEAT,1,0,0,-104,7
2026-09-08 21:57:29,2,Supply Bolt Piston [ML],HEARTBEAT,1,0,0,-105,6.75
2026-09-08 21:57:39,2,Supply Bolt Piston [ML],HEARTBEAT,1,0,0,-105,7
2026-09-08 21:57:49,2,Supply Bolt Piston [ML],HEARTBEAT,1,0,0,-106,5.25
2026-09-08 21:58:00,2,Supply Bolt Piston [ML],HEARTBEAT,1,0,0,-105,5.75
2026-09-08 21:58:10,2,Supply Bolt Piston [ML],HEARTBEAT,1,0,0,-103,7.75
2026-09-08 21:58:21,2,Supply Bolt Piston [ML],HEARTBEAT,1,0,0,-107,5.75
2026-09-08 21:58:31,2,Supply Bolt Piston [ML],HEARTBEAT,1,0,0,-105,6.5
2026-09-08 21:58:41,2,Supply Bolt Piston [ML],HEARTBEAT,1,0,0,-106,6.75
2026-09-08 21:58:52,2,Supply Bolt Piston [ML],HEARTBEAT,1,0,0,-103,8.25
2026-09-08 21:59:02,2,Supply Bolt Piston [ML],HEARTBEAT,1,0,0,-104,8
2026-09-08 21:59:13,2,Supply Bolt Piston [ML],HEARTBEAT,1,0,0,-106,6.25
2026-09-08 21:59:23,2,Supply Bolt Piston [ML],HEARTBEAT,1,0,0,-104,5.5
2026-09-08 21:59:33,2,Supply Bolt Piston [ML],HEARTBEAT,1,0,0,-105,6.25
2026-09-08 21:59:44,2,Supply Bolt Piston [ML],HEARTBEAT,1,0,0,-103,8.5
2026-09-08 21:59:54,2,Supply Bolt Piston [ML],HEARTBEAT,1,0,0,-105,6.75
2026-09-08 22:00:05,2,Supply Bolt Piston [ML],HEARTBEAT,1,0,0,-105,4.75
2026-09-08 22:00:15,2,Supply Bolt Piston [ML],HEARTBEAT,1,0,0,-106,6.25
2026-09-08 22:00:25,2,Supply Bolt Piston [ML],HEARTBEAT,1,0,0,-106,5.75
2026-09-08 22:00:36,2,Supply Bolt Piston [ML],HEARTBEAT,1,0,0,-106,6.5
2026-09-08 22:00:46,2,Supply Bolt Piston [ML],HEARTBEAT,1,0,0,-106,5
2026-09-08 22:00:57,2,Supply Bolt Piston [ML],HEARTBEAT,1,0,0,-106,5
2026-09-08 22:01:07,2,Supply Bolt Piston [ML],HEARTBEAT,1,0,0,-106,7
2026-09-08 22:01:17,2,Supply Bolt Piston [ML],HEARTBEAT,1,0,0,-107,5.5
2026-09-08 22:01:28,2,Supply Bolt Piston [ML],HEARTBEAT,1,0,0,-107,6.75
2026-09-08 22:01:38,2,Supply Bolt Piston [ML],HEARTBEAT,1,0,0,-106,7
2026-09-08 22:01:49,2,Supply Bolt Piston [ML],HEARTBEAT,1,0,0,-106,5.75
2026-09-08 22:01:59,2,Supply Bolt Piston [ML],HEARTBEAT,1,0,0,-104,5
2026-09-08 22:02:10,2,Supply Bolt Piston [ML],HEARTBEAT,1,0,0,-106,6.5
2026-09-08 22:02:20,2,Supply Bolt Piston [ML],HEARTBEAT,1,0,0,-106,7
2026-09-08 22:02:30,2,Supply Bolt Piston [ML],HEARTBEAT,1,0,0,-106,5.5
2026-09-08 22:02:41,2,Supply Bolt Piston [ML],HEARTBEAT,1,0,0,-106,5.5
2026-09-08 22:02:51,2,Supply Bolt Piston [ML],HEARTBEAT,1,0,0,-106,7
2026-09-08 22:03:02,2,Supply Bolt Piston [ML],HEARTBEAT,1,0,0,-108,4.5
2026-09-08 22:03:12,2,Supply Bolt Piston [ML],HEARTBEAT,1,0,0,-106,7
2026-09-08 22:03:22,2,Supply Bolt Piston [ML],HEARTBEAT,1,0,0,-106,6.75
2026-09-08 22:03:33,2,Supply Bolt Piston [ML],HEARTBEAT,1,0,0,-106,6.75
2026-09-08 22:03:43,2,Supply Bolt Piston [ML],HEARTBEAT,1,0,0,-104,6
2026-09-08 22:03:54,2,Supply Bolt Piston [ML],HEARTBEAT,1,0,0,-107,5.5
2026-09-08 22:04:04,2,Supply Bolt Piston [ML],HEARTBEAT,1,0,0,-105,6.5
2026-09-08 22:04:14,2,Supply Bolt Piston [ML],HEARTBEAT,1,0,0,-107,6.25
2026-09-08 22:04:25,2,Supply Bolt Piston [ML],HEARTBEAT,1,0,0,-107,6.25
2026-09-08 22:04:35,2,Supply Bolt Piston [ML],HEARTBEAT,1,0,0,-105,6.25
2026-09-08 22:04:46,2,Supply Bolt Piston [ML],HEARTBEAT,1,0,0,-106,6.5
2026-09-08 22:04:56,2,Supply Bolt Piston [ML],HEARTBEAT,1,0,0,-106,7
2026-09-08 22:05:06,2,Supply Bolt Piston [ML],HEARTBEAT,1,0,0,-106,6.75
2026-09-08 22:05:17,2,Supply Bolt Piston [ML],HEARTBEAT,1,0,0,-106,6.75
2026-09-08 22:05:27,2,Supply Bolt Piston [ML],HEARTBEAT,1,0,0,-104,6
2026-09-08 22:05:38,2,Supply Bolt Piston [ML],HEARTBEAT,1,0,0,-106,7
2026-09-08 22:05:48,2,Supply Bolt Piston [ML],HEARTBEAT,1,0,0,-106,7.25
2026-09-08 22:05:58,2,Supply Bolt Piston [ML],HEARTBEAT,1,0,0,-106,6.75
2026-09-08 22:06:09,2,Supply Bolt Piston [ML],HEARTBEAT,1,0,0,-106,7
2026-09-08 22:06:19,2,Supply Bolt Piston [ML],HEARTBEAT,1,0,0,-104,6.25
2026-09-08 22:06:30,2,Supply Bolt Piston [ML],HEARTBEAT,1,0,0,-105,4.25
2026-09-08 22:06:40,2,Supply Bolt Piston [ML],HEARTBEAT,1,0,0,-106,6.5
2026-09-08 22:06:51,2,Supply Bolt Piston [ML],HEARTBEAT,1,0,0,-106,6.5
2026-09-08 22:07:01,2,Supply Bolt Piston [ML],HEARTBEAT,1,0,0,-104,6.5
2026-09-08 22:07:11,2,Supply Bolt Piston [ML],HEARTBEAT,1,0,0,-106,5.75
2026-09-08 22:07:22,2,Supply Bolt Piston [ML],HEARTBEAT,1,0,0,-106,7
2026-09-08 22:07:32,2,Supply Bolt Piston [ML],HEARTBEAT,1,0,0,-105,6.75
2026-09-08 22:07:43,2,Supply Bolt Piston [ML],HEARTBEAT,1,0,0,-106,6.5
2026-09-08 22:07:53,2,Supply Bolt Piston [ML],HEARTBEAT,1,0,0,-106,6.75
2026-09-08 22:08:03,2,Supply Bolt Piston [ML],HEARTBEAT,1,0,0,-107,6.25
2026-09-08 22:08:14,2,Supply Bolt Piston [ML],HEARTBEAT,1,0,0,-107,6.25
2026-09-08 22:08:24,2,Supply Bolt Piston [ML],HEARTBEAT,1,0,0,-106,6.25
2026-09-08 22:08:35,2,Supply Bolt Piston [ML],HEARTBEAT,1,0,0,-107,5.5
2026-09-08 22:08:45,2,Supply Bolt Piston [ML],HEARTBEAT,1,0,0,-106,7
2026-09-08 22:08:55,2,Supply Bolt Piston [ML],HEARTBEAT,1,0,0,-106,7
2026-09-08 22:09:06,2,Supply Bolt Piston [ML],HEARTBEAT,1,0,0,-106,5.75
2026-09-08 22:09:16,2,Supply Bolt Piston [ML],HEARTBEAT,1,0,0,-105,7
2026-09-08 22:09:27,2,Supply Bolt Piston [ML],HEARTBEAT,1,0,0,-106,6.75
2026-09-08 22:09:37,2,Supply Bolt Piston [ML],HEARTBEAT,1,0,0,-105,7.25
2026-09-08 22:09:47,2,Supply Bolt Piston [ML],HEARTBEAT,1,0,0,-107,5.75
2026-09-08 22:09:58,2,Supply Bolt Piston [ML],HEARTBEAT,1,0,0,-106,6.25
2026-09-08 22:10:08,2,Supply Bolt Piston [ML],HEARTBEAT,1,0,0,-105,7
2026-09-08 22:10:19,2,Supply Bolt Piston [ML],HEARTBEAT,1,0,0,-106,6
2026-09-08 22:10:29,2,Supply Bolt Piston [ML],HEARTBEAT,1,0,0,-106,7
2026-09-08 22:10:39,2,Supply Bolt Piston [ML],HEARTBEAT,1,0,0,-108,5
2026-09-08 22:10:50,2,Supply Bolt Piston [ML],HEARTBEAT,1,0,0,-107,5
2026-09-08 22:11:00,2,Supply Bolt Piston [ML],HEARTBEAT,1,0,0,-104,5
2026-09-08 22:11:11,2,Supply Bolt Piston [ML],HEARTBEAT,1,0,0,-106,6.25
2026-09-08 22:11:21,2,Supply Bolt Piston [ML],HEARTBEAT,1,0,0,-106,6.75
2026-09-08 22:11:32,2,Supply Bolt Piston [ML],HEARTBEAT,1,0,0,-105,6.25
2026-09-08 22:11:42,2,Supply Bolt Piston [ML],HEARTBEAT,1,0,0,-105,6.75
2026-09-08 22:11:52,2,Supply Bolt Piston [ML],HEARTBEAT,1,0,0,-104,7.5
2026-09-08 22:12:03,2,Supply Bolt Piston [ML],HEARTBEAT,1,0,0,-105,6.75
2026-09-08 22:12:13,2,Supply Bolt Piston [ML],HEARTBEAT,1,0,0,-106,6.75
2026-09-08 22:12:24,2,Supply Bolt Piston [ML],HEARTBEAT,1,0,0,-109,4.75
2026-09-08 22:12:34,2,Supply Bolt Piston [ML],HEARTBEAT,1,0,0,-106,6.5
2026-09-08 22:12:55,2,Supply Bolt Piston [ML],HEARTBEAT,1,0,0,-103,8.25
2026-09-08 22:13:05,2,Supply Bolt Piston [ML],HEARTBEAT,1,0,0,-103,7.25
2026-09-08 22:13:16,2,Supply Bolt Piston [ML],HEARTBEAT,1,0,0,-105,7.5
2026-09-08 22:13:26,2,Supply Bolt Piston [ML],HEARTBEAT,1,0,0,-103,8.5
2026-09-08 22:13:36,2,Supply Bolt Piston [ML],HEARTBEAT,1,0,0,-103,7.5
2026-09-08 22:13:47,2,Supply Bolt Piston [ML],HEARTBEAT,1,0,0,-101,8
2026-09-08 22:13:57,2,Supply Bolt Piston [ML],HEARTBEAT,1,0,0,-102,8.5
2026-09-08 22:14:08,2,Supply Bolt Piston [ML],HEARTBEAT,1,0,0,-102,7.25
2026-09-08 22:14:18,2,Supply Bolt Piston [ML],HEARTBEAT,1,0,0,-101,8.75
2026-09-08 22:14:28,2,Supply Bolt Piston [ML],HEARTBEAT,1,0,0,-103,8.5
2026-09-08 22:14:39,2,Supply Bolt Piston [ML],HEARTBEAT,1,0,0,-103,8.5
2026-09-08 22:14:49,2,Supply Bolt Piston [ML],HEARTBEAT,1,0,0,-105,7
2026-09-08 22:15:00,2,Supply Bolt Piston [ML],HEARTBEAT,1,0,0,-103,8.25
2026-09-08 22:15:10,2,Supply Bolt Piston [ML],HEARTBEAT,1,0,0,-104,7.75
2026-09-08 22:15:20,2,Supply Bolt Piston [ML],HEARTBEAT,1,0,0,-104,7.25
2026-09-08 22:15:31,2,Supply Bolt Piston [ML],HEARTBEAT,1,0,0,-108,5
2026-09-08 22:15:41,2,Supply Bolt Piston [ML],HEARTBEAT,1,0,0,-103,6.5
2026-09-08 22:15:52,2,Supply Bolt Piston [ML],HEARTBEAT,1,0,0,-105,7.25
2026-09-08 22:16:02,2,Supply Bolt Piston [ML],HEARTBEAT,1,0,0,-103,8.5
2026-09-08 22:16:13,2,Supply Bolt Piston [ML],HEARTBEAT,1,0,0,-104,4.75
2026-09-08 22:16:23,2,Supply Bolt Piston [ML],HEARTBEAT,1,0,0,-105,6.75
2026-09-08 22:16:33,2,Supply Bolt Piston [ML],HEARTBEAT,1,0,0,-104,7.5
2026-09-08 22:16:44,2,Supply Bolt Piston [ML],HEARTBEAT,1,0,0,-102,8.5
2026-09-08 22:16:54,2,Supply Bolt Piston [ML],HEARTBEAT,1,0,0,-103,8.5
2026-09-08 22:17:05,2,Supply Bolt Piston [ML],HEARTBEAT,1,0,0,-105,7.25
2026-09-08 22:17:15,2,Supply Bolt Piston [ML],HEARTBEAT,1,0,0,-102,9
2026-09-08 22:17:25,2,Supply Bolt Piston [ML],HEARTBEAT,1,0,0,-107,5
2026-09-08 22:17:36,2,Supply Bolt Piston [ML],HEARTBEAT,1,0,0,-104,7.75
2026-09-08 22:17:46,2,Supply Bolt Piston [ML],HEARTBEAT,1,0,0,-103,8.5
2026-09-08 22:17:57,2,Supply Bolt Piston [ML],HEARTBEAT,1,0,0,-105,7
2026-09-08 22:18:07,2,Supply Bolt Piston [ML],HEARTBEAT,1,0,0,-103,4.75
2026-09-08 22:18:17,2,Supply Bolt Piston [ML],HEARTBEAT,1,0,0,-107,3.5
2026-09-08 22:18:28,2,Supply Bolt Piston [ML],HEARTBEAT,1,0,0,-109,4.5
2026-09-08 22:18:38,2,Supply Bolt Piston [ML],HEARTBEAT,1,0,0,-106,6.25
2026-09-08 22:18:49,2,Supply Bolt Piston [ML],HEARTBEAT,1,0,0,-107,4
2026-09-08 22:18:59,2,Supply Bolt Piston [ML],HEARTBEAT,1,0,0,-105,6
2026-09-08 22:19:09,2,Supply Bolt Piston [ML],HEARTBEAT,1,0,0,-104,6.75
2026-09-08 22:19:20,2,Supply Bolt Piston [ML],HEARTBEAT,1,0,0,-110,3
2026-09-08 22:19:30,2,Supply Bolt Piston [ML],HEARTBEAT,1,0,0,-109,4.5
2026-09-08 22:19:41,2,Supply Bolt Piston [ML],HEARTBEAT,1,0,0,-108,3.5
2026-09-08 22:19:51,2,Supply Bolt Piston [ML],HEARTBEAT,1,0,0,-110,3.5
2026-09-08 22:20:01,2,Supply Bolt Piston [ML],HEARTBEAT,1,0,0,-107,5.75
2026-09-08 22:20:12,2,Supply Bolt Piston [ML],HEARTBEAT,1,0,0,-112,0
2026-09-08 22:20:22,2,Supply Bolt Piston [ML],HEARTBEAT,1,0,0,-108,5.25
2026-09-08 22:20:33,2,Supply Bolt Piston [ML],HEARTBEAT,1,0,0,-107,6
2026-09-08 22:20:43,2,Supply Bolt Piston [ML],HEARTBEAT,1,0,0,-104,7.75
2026-09-08 22:20:53,2,Supply Bolt Piston [ML],HEARTBEAT,1,0,0,-104,8
2026-09-08 22:21:04,2,Supply Bolt Piston [ML],HEARTBEAT,1,0,0,-109,4.75
2026-09-08 22:21:14,2,Supply Bolt Piston [ML],HEARTBEAT,1,0,0,-105,6.75
2026-09-08 22:21:25,2,Supply Bolt Piston [ML],HEARTBEAT,1,0,0,-105,7.5
2026-09-08 22:21:35,2,Supply Bolt Piston [ML],HEARTBEAT,1,0,0,-103,7.25
2026-09-08 22:21:46,2,Supply Bolt Piston [ML],HEARTBEAT,1,0,0,-102,8.75
2026-09-08 22:21:56,2,Supply Bolt Piston [ML],HEARTBEAT,1,0,0,-105,6.25
2026-09-08 22:22:06,2,Supply Bolt Piston [ML],HEARTBEAT,1,0,0,-104,8
2026-09-08 22:22:17,2,Supply Bolt Piston [ML],HEARTBEAT,1,0,0,-105,7
2026-09-08 22:22:27,2,Supply Bolt Piston [ML],HEARTBEAT,1,0,0,-103,7.75
2026-09-08 22:22:38,2,Supply Bolt Piston [ML],HEARTBEAT,1,0,0,-106,7
2026-09-08 22:22:48,2,Supply Bolt Piston [ML],HEARTBEAT,1,0,0,-106,6.5
2026-09-08 22:22:58,2,Supply Bolt Piston [ML],HEARTBEAT,1,0,0,-106,6.75
2026-09-08 22:23:09,2,Supply Bolt Piston [ML],HEARTBEAT,1,0,0,-105,6.25
2026-09-08 22:23:19,2,Supply Bolt Piston [ML],HEARTBEAT,1,0,0,-101,8.25
2026-09-08 22:23:30,2,Supply Bolt Piston [ML],HEARTBEAT,1,0,0,-103,8.75
2026-09-08 22:23:40,2,Supply Bolt Piston [ML],HEARTBEAT,1,0,0,-107,5.75
2026-09-08 22:24:01,2,Supply Bolt Piston [ML],HEARTBEAT,1,0,0,-109,4.25
2026-09-08 22:24:11,2,Supply Bolt Piston [ML],HEARTBEAT,1,0,0,-103,5.75
2026-09-08 22:24:22,2,Supply Bolt Piston [ML],HEARTBEAT,1,0,0,-106,6.5
2026-09-08 22:24:32,2,Supply Bolt Piston [ML],HEARTBEAT,1,0,0,-107,4
2026-09-08 22:24:42,2,Supply Bolt Piston [ML],HEARTBEAT,1,0,0,-104,7
2026-09-08 22:24:53,2,Supply Bolt Piston [ML],HEARTBEAT,1,0,0,-108,4.75
2026-09-08 22:25:03,2,Supply Bolt Piston [ML],HEARTBEAT,1,0,0,-105,6.75
2026-09-08 22:25:14,2,Supply Bolt Piston [ML],HEARTBEAT,1,0,0,-105,6.5
2026-09-08 22:25:24,2,Supply Bolt Piston [ML],HEARTBEAT,1,0,0,-105,7.25
2026-09-08 22:25:34,2,Supply Bolt Piston [ML],HEARTBEAT,1,0,0,-103,7.5
2026-09-08 22:25:45,2,Supply Bolt Piston [ML],HEARTBEAT,1,0,0,-113,1
2026-09-08 22:25:55,2,Supply Bolt Piston [ML],HEARTBEAT,1,0,0,-108,5.25
2026-09-08 22:26:06,2,Supply Bolt Piston [ML],HEARTBEAT,1,0,0,-109,2
2026-09-08 22:26:16,2,Supply Bolt Piston [ML],HEARTBEAT,1,0,0,-109,3.5
2026-09-08 22:26:26,2,Supply Bolt Piston [ML],HEARTBEAT,1,0,0,-110,3.25
2026-09-08 22:26:37,2,Supply Bolt Piston [ML],HEARTBEAT,1,0,0,-106,6.5
2026-09-08 22:26:47,2,Supply Bolt Piston [ML],HEARTBEAT,1,0,0,-105,6
2026-09-08 22:26:58,2,Supply Bolt Piston [ML],HEARTBEAT,1,0,0,-109,4.25
2026-09-08 22:27:08,2,Supply Bolt Piston [ML],HEARTBEAT,1,0,0,-108,5.25
2026-09-08 22:27:19,2,Supply Bolt Piston [ML],HEARTBEAT,1,0,0,-110,3.5
2026-09-08 22:27:29,2,Supply Bolt Piston [ML],HEARTBEAT,1,0,0,-107,5.25
2026-09-08 22:27:39,2,Supply Bolt Piston [ML],HEARTBEAT,1,0,0,-109,4
2026-09-08 22:27:50,2,Supply Bolt Piston [ML],HEARTBEAT,1,0,0,-104,6.25
2026-09-08 22:28:00,2,Supply Bolt Piston [ML],HEARTBEAT,1,0,0,-106,6.5
2026-09-08 22:28:11,2,Supply Bolt Piston [ML],HEARTBEAT,1,0,0,-111,2.75
2026-09-08 22:28:21,2,Supply Bolt Piston [ML],HEARTBEAT,1,0,0,-106,4
2026-09-08 22:28:31,2,Supply Bolt Piston [ML],HEARTBEAT,1,0,0,-112,2
2026-09-08 22:28:42,2,Supply Bolt Piston [ML],HEARTBEAT,1,0,0,-111,2.25
2026-09-08 22:28:52,2,Supply Bolt Piston [ML],HEARTBEAT,1,0,0,-116,-2
2026-09-08 22:29:03,2,Supply Bolt Piston [ML],HEARTBEAT,1,0,0,-111,1.75
2026-09-08 22:29:13,2,Supply Bolt Piston [ML],HEARTBEAT,1,0,0,-108,2
2026-09-08 22:29:23,2,Supply Bolt Piston [ML],HEARTBEAT,1,0,0,-112,1.75
2026-09-08 22:29:34,2,Supply Bolt Piston [ML],HEARTBEAT,1,0,0,-127,-13
2026-09-08 22:29:44,2,Supply Bolt Piston [ML],HEARTBEAT,1,0,0,-116,-2.5
2026-09-08 22:29:55,2,Supply Bolt Piston [ML],HEARTBEAT,1,0,0,-107,5.75
2026-09-08 22:30:05,2,Supply Bolt Piston [ML],HEARTBEAT,1,0,0,-108,2.75
2026-09-08 22:30:15,2,Supply Bolt Piston [ML],HEARTBEAT,1,0,0,-109,2.75
2026-09-08 22:30:26,2,Supply Bolt Piston [ML],HEARTBEAT,1,0,0,-117,-2.75
2026-09-08 22:30:36,2,Supply Bolt Piston [ML],HEARTBEAT,1,0,0,-109,4.5
2026-09-08 22:30:47,2,Supply Bolt Piston [ML],HEARTBEAT,1,0,0,-108,3.25
2026-09-08 22:30:57,2,Supply Bolt Piston [ML],HEARTBEAT,1,0,0,-108,4.5
2026-09-08 22:31:07,2,Supply Bolt Piston [ML],HEARTBEAT,1,0,0,-109,4.25
2026-09-08 22:31:18,2,Supply Bolt Piston [ML],HEARTBEAT,1,0,0,-109,3.75
2026-09-08 22:31:28,2,Supply Bolt Piston [ML],HEARTBEAT,1,0,0,-109,4.5
2026-09-08 22:31:39,2,Supply Bolt Piston [ML],HEARTBEAT,1,0,0,-112,2.25
2026-09-08 22:31:49,2,Supply Bolt Piston [ML],HEARTBEAT,1,0,0,-112,1.25
2026-09-08 22:31:59,2,Supply Bolt Piston [ML],HEARTBEAT,1,0,0,-107,5.25
2026-09-08 22:32:10,2,Supply Bolt Piston [ML],HEARTBEAT,1,0,0,-109,3.75
2026-09-08 22:32:20,2,Supply Bolt Piston [ML],HEARTBEAT,1,0,0,-111,0
2026-09-08 22:32:41,2,Supply Bolt Piston [ML],HEARTBEAT,1,0,0,-109,3
2026-09-08 22:32:51,2,Supply Bolt Piston [ML],HEARTBEAT,1,0,0,-112,1
2026-09-08 22:33:02,2,Supply Bolt Piston [ML],HEARTBEAT,1,0,0,-114,0.25
2026-09-08 22:33:12,2,Supply Bolt Piston [ML],HEARTBEAT,1,0,0,-111,1.75
2026-09-08 22:33:23,2,Supply Bolt Piston [ML],HEARTBEAT,1,0,0,-118,-3.75
2026-09-08 22:33:33,2,Supply Bolt Piston [ML],HEARTBEAT,1,0,0,-112,1.25
2026-09-08 22:33:44,2,Supply Bolt Piston [ML],HEARTBEAT,1,0,0,-114,-0.5
2026-09-08 22:34:04,2,Supply Bolt Piston [ML],HEARTBEAT,1,0,0,-114,0.5
2026-09-08 22:34:15,2,Supply Bolt Piston [ML],HEARTBEAT,1,0,0,-109,4.75
2026-09-08 22:34:25,2,Supply Bolt Piston [ML],HEARTBEAT,1,0,0,-113,0.75
2026-09-08 22:34:36,2,Supply Bolt Piston [ML],HEARTBEAT,1,0,0,-111,2
2026-09-08 22:34:46,2,Supply Bolt Piston [ML],HEARTBEAT,1,0,0,-109,-0.25
2026-09-08 22:34:56,2,Supply Bolt Piston [ML],HEARTBEAT,1,0,0,-111,2
2026-09-08 22:35:07,2,Supply Bolt Piston [ML],HEARTBEAT,1,0,0,-112,2.25
2026-09-08 22:35:17,2,Supply Bolt Piston [ML],HEARTBEAT,1,0,0,-109,3.5
2026-09-08 22:35:28,2,Supply Bolt Piston [ML],HEARTBEAT,1,0,0,-110,1.75
2026-09-08 22:35:38,2,Supply Bolt Piston [ML],HEARTBEAT,1,0,0,-113,0.75
2026-09-08 22:35:48,2,Supply Bolt Piston [ML],HEARTBEAT,1,0,0,-105,2
2026-09-08 22:35:59,2,Supply Bolt Piston [ML],HEARTBEAT,1,0,0,-112,1.5
2026-09-08 22:36:09,2,Supply Bolt Piston [ML],HEARTBEAT,1,0,0,-109,4.75
2026-09-08 22:36:20,2,Supply Bolt Piston [ML],HEARTBEAT,1,0,0,-108,4.75
2026-09-08 22:36:30,2,Supply Bolt Piston [ML],HEARTBEAT,1,0,0,-112,1.75
2026-09-08 22:36:40,2,Supply Bolt Piston [ML],HEARTBEAT,1,0,0,-110,3
2026-09-08 22:36:51,2,Supply Bolt Piston [ML],HEARTBEAT,1,0,0,-111,3.5
2026-09-08 22:37:01,2,Supply Bolt Piston [ML],HEARTBEAT,1,0,0,-109,4.5
2026-09-08 22:37:12,2,Supply Bolt Piston [ML],HEARTBEAT,1,0,0,-109,4.75
2026-09-08 22:37:22,2,Supply Bolt Piston [ML],HEARTBEAT,1,0,0,-113,0.5
2026-09-08 22:37:32,2,Supply Bolt Piston [ML],HEARTBEAT,1,0,0,-111,3.5
2026-09-08 22:37:43,2,Supply Bolt Piston [ML],HEARTBEAT,1,0,0,-112,1.5
2026-09-08 22:37:53,2,Supply Bolt Piston [ML],HEARTBEAT,1,0,0,-109,4.75
2026-09-08 22:38:04,2,Supply Bolt Piston [ML],HEARTBEAT,1,0,0,-108,5
2026-09-08 22:38:14,2,Supply Bolt Piston [ML],HEARTBEAT,1,0,0,-106,5.75
2026-09-08 22:38:24,2,Supply Bolt Piston [ML],HEARTBEAT,1,0,0,-103,6.5
2026-09-08 22:38:35,2,Supply Bolt Piston [ML],HEARTBEAT,1,0,0,-109,4.25
2026-09-08 22:38:45,2,Supply Bolt Piston [ML],HEARTBEAT,1,0,0,-106,7
2026-09-08 22:38:56,2,Supply Bolt Piston [ML],HEARTBEAT,1,0,0,-103,7.75
2026-09-08 22:39:06,2,Supply Bolt Piston [ML],HEARTBEAT,1,0,0,-107,4
2026-09-08 22:39:17,2,Supply Bolt Piston [ML],HEARTBEAT,1,0,0,-105,4.25
2026-09-08 22:39:27,2,Supply Bolt Piston [ML],HEARTBEAT,1,0,0,-120,-6.5
2026-09-08 22:39:37,2,Supply Bolt Piston [ML],HEARTBEAT,1,0,0,-106,7
2026-09-08 22:39:48,2,Supply Bolt Piston [ML],HEARTBEAT,1,0,0,-107,4
2026-09-08 22:39:58,2,Supply Bolt Piston [ML],HEARTBEAT,1,0,0,-119,-4.25
2026-09-08 22:40:09,2,Supply Bolt Piston [ML],HEARTBEAT,1,0,0,-113,0.75
2026-09-08 22:40:19,2,Supply Bolt Piston [ML],HEARTBEAT,1,0,0,-112,1
2026-09-08 22:40:40,2,Supply Bolt Piston [ML],HEARTBEAT,1,0,0,-119,-4.75
2026-09-08 22:41:01,2,Supply Bolt Piston [ML],HEARTBEAT,1,0,0,-111,2
2026-09-08 22:41:11,2,Supply Bolt Piston [ML],HEARTBEAT,1,0,0,-112,2
2026-09-08 22:41:21,2,Supply Bolt Piston [ML],HEARTBEAT,1,0,0,-109,4.5
2026-09-08 22:41:32,2,Supply Bolt Piston [ML],HEARTBEAT,1,0,0,-107,6
2026-09-08 22:41:42,2,Supply Bolt Piston [ML],HEARTBEAT,1,0,0,-109,4
2026-09-08 22:41:53,2,Supply Bolt Piston [ML],HEARTBEAT,1,0,0,-106,6.25
2026-09-08 22:42:03,2,Supply Bolt Piston [ML],HEARTBEAT,1,0,0,-108,3.75
2026-09-08 22:42:13,2,Supply Bolt Piston [ML],HEARTBEAT,1,0,0,-108,4.75
2026-09-08 22:42:24,2,Supply Bolt Piston [ML],HEARTBEAT,1,0,0,-109,4
2026-09-08 22:42:34,2,Supply Bolt Piston [ML],HEARTBEAT,1,0,0,-109,4
2026-09-08 22:42:45,2,Supply Bolt Piston [ML],HEARTBEAT,1,0,0,-106,6.5
2026-09-08 22:42:55,2,Supply Bolt Piston [ML],HEARTBEAT,1,0,0,-108,4.25
2026-09-08 22:43:06,2,Supply Bolt Piston [ML],HEARTBEAT,1,0,0,-104,7.75
2026-09-08 22:43:16,2,Supply Bolt Piston [ML],HEARTBEAT,1,0,0,-103,8.5
2026-09-08 22:43:26,2,Supply Bolt Piston [ML],HEARTBEAT,1,0,0,-107,5.75
2026-09-08 22:43:37,2,Supply Bolt Piston [ML],HEARTBEAT,1,0,0,-107,6
2026-09-08 22:43:47,2,Supply Bolt Piston [ML],HEARTBEAT,1,0,0,-111,2
2026-09-08 22:43:58,2,Supply Bolt Piston [ML],HEARTBEAT,1,0,0,-108,4.5
2026-09-08 22:44:08,2,Supply Bolt Piston [ML],HEARTBEAT,1,0,0,-108,5.5
2026-09-08 22:44:18,2,Supply Bolt Piston [ML],HEARTBEAT,1,0,0,-109,4.5
2026-09-08 22:44:29,2,Supply Bolt Piston [ML],HEARTBEAT,1,0,0,-108,0.75
2026-09-08 22:44:39,2,Supply Bolt Piston [ML],HEARTBEAT,1,0,0,-116,-2.25
2026-09-08 22:44:50,2,Supply Bolt Piston [ML],HEARTBEAT,1,0,0,-110,2.75
2026-09-08 22:45:00,2,Supply Bolt Piston [ML],HEARTBEAT,1,0,0,-109,4.5
2026-09-08 22:45:10,2,Supply Bolt Piston [ML],HEARTBEAT,1,0,0,-108,5
2026-09-08 22:45:21,2,Supply Bolt Piston [ML],HEARTBEAT,1,0,0,-109,3.5
2026-09-08 22:45:31,2,Supply Bolt Piston [ML],HEARTBEAT,1,0,0,-108,4.75
2026-09-08 22:45:42,2,Supply Bolt Piston [ML],HEARTBEAT,1,0,0,-108,5
2026-09-08 22:45:52,2,Supply Bolt Piston [ML],HEARTBEAT,1,0,0,-111,3
2026-09-08 22:46:02,2,Supply Bolt Piston [ML],HEARTBEAT,1,0,0,-109,4.5
2026-09-08 22:46:13,2,Supply Bolt Piston [ML],HEARTBEAT,1,0,0,-108,4.25
2026-09-08 22:46:23,2,Supply Bolt Piston [ML],HEARTBEAT,1,0,0,-109,2.75
2026-09-08 22:46:34,2,Supply Bolt Piston [ML],HEARTBEAT,1,0,0,-109,3
2026-09-08 22:46:44,2,Supply Bolt Piston [ML],HEARTBEAT,1,0,0,-113,0.5
2026-09-08 22:46:54,2,Supply Bolt Piston [ML],HEARTBEAT,1,0,0,-111,1.75
2026-09-08 22:47:05,2,Supply Bolt Piston [ML],HEARTBEAT,1,0,0,-108,4.25
2026-09-08 22:47:15,2,Supply Bolt Piston [ML],HEARTBEAT,1,0,0,-109,4.75
2026-09-08 22:47:26,2,Supply Bolt Piston [ML],HEARTBEAT,1,0,0,-106,5.75
2026-09-08 22:47:36,2,Supply Bolt Piston [ML],HEARTBEAT,1,0,0,-111,2
2026-09-08 22:47:46,2,Supply Bolt Piston [ML],HEARTBEAT,1,0,0,-110,3.5
2026-09-08 22:47:57,2,Supply Bolt Piston [ML],HEARTBEAT,1,0,0,-109,3.5
2026-09-08 22:48:07,2,Supply Bolt Piston [ML],HEARTBEAT,1,0,0,-108,1.25
2026-09-08 22:48:18,2,Supply Bolt Piston [ML],HEARTBEAT,1,0,0,-108,4.5
2026-09-08 22:48:28,2,Supply Bolt Piston [ML],HEARTBEAT,1,0,0,-109,2.75
2026-09-08 22:48:39,2,Supply Bolt Piston [ML],HEARTBEAT,1,0,0,-107,5.75
2026-09-08 22:48:49,2,Supply Bolt Piston [ML],HEARTBEAT,1,0,0,-108,5.5
2026-09-08 22:48:59,2,Supply Bolt Piston [ML],HEARTBEAT,1,0,0,-105,6.75
2026-09-08 22:49:10,2,Supply Bolt Piston [ML],HEARTBEAT,1,0,0,-106,6.75
2026-09-08 22:49:20,2,Supply Bolt Piston [ML],HEARTBEAT,1,0,0,-108,5.5
2026-09-08 22:49:31,2,Supply Bolt Piston [ML],HEARTBEAT,1,0,0,-110,3.75
2026-09-08 22:49:41,2,Supply Bolt Piston [ML],HEARTBEAT,1,0,0,-113,1.5
2026-09-08 22:49:51,2,Supply Bolt Piston [ML],HEARTBEAT,1,0,0,-107,4.25
2026-09-08 22:50:02,2,Supply Bolt Piston [ML],HEARTBEAT,1,0,0,-113,1.5
2026-09-08 22:50:12,2,Supply Bolt Piston [ML],HEARTBEAT,1,0,0,-117,-5.5
2026-09-08 22:50:23,2,Supply Bolt Piston [ML],HEARTBEAT,1,0,0,-111,3
2026-09-08 22:50:33,2,Supply Bolt Piston [ML],HEARTBEAT,1,0,0,-110,3.5
2026-09-08 22:50:54,2,Supply Bolt Piston [ML],HEARTBEAT,1,0,0,-122,-7.25
2026-09-08 22:51:15,2,Supply Bolt Piston [ML],HEARTBEAT,1,0,0,-120,-8.5
2026-09-08 22:51:25,2,Supply Bolt Piston [ML],HEARTBEAT,1,0,0,-113,1
2026-09-08 22:51:35,2,Supply Bolt Piston [ML],HEARTBEAT,1,0,0,-114,-0.75
2026-09-08 22:51:56,2,Supply Bolt Piston [ML],HEARTBEAT,1,0,0,-113,-0.5
2026-09-08 22:52:07,2,Supply Bolt Piston [ML],HEARTBEAT,1,0,0,-110,3.5
2026-09-08 22:52:17,2,Supply Bolt Piston [ML],HEARTBEAT,1,0,0,-117,-3.25
2026-09-08 22:52:27,2,Supply Bolt Piston [ML],HEARTBEAT,1,0,0,-113,-2.5
2026-09-08 22:52:38,2,Supply Bolt Piston [ML],HEARTBEAT,1,0,0,-111,1.75
2026-09-08 22:52:48,2,Supply Bolt Piston [ML],HEARTBEAT,1,0,0,-111,2.25
2026-09-08 22:52:59,2,Supply Bolt Piston [ML],HEARTBEAT,1,0,0,-110,3
2026-09-08 22:53:09,2,Supply Bolt Piston [ML],HEARTBEAT,1,0,0,-109,4.5
2026-09-08 22:53:20,2,Supply Bolt Piston [ML],HEARTBEAT,1,0,0,-111,2.5
2026-09-08 22:53:30,2,Supply Bolt Piston [ML],HEARTBEAT,1,0,0,-108,2.75
2026-09-08 22:53:40,2,Supply Bolt Piston [ML],HEARTBEAT,1,0,0,-111,2.75
2026-09-08 22:53:51,2,Supply Bolt Piston [ML],HEARTBEAT,1,0,0,-111,2.5
2026-09-08 22:54:01,2,Supply Bolt Piston [ML],HEARTBEAT,1,0,0,-110,2.75
2026-09-08 22:54:12,2,Supply Bolt Piston [ML],HEARTBEAT,1,0,0,-109,3.5
2026-09-08 22:54:22,2,Supply Bolt Piston [ML],HEARTBEAT,1,0,0,-107,2.25
2026-09-08 22:54:32,2,Supply Bolt Piston [ML],HEARTBEAT,1,0,0,-112,1
2026-09-08 22:54:43,2,Supply Bolt Piston [ML],HEARTBEAT,1,0,0,-108,5
2026-09-08 22:54:53,2,Supply Bolt Piston [ML],HEARTBEAT,1,0,0,-110,3.25
2026-09-08 22:55:04,2,Supply Bolt Piston [ML],HEARTBEAT,1,0,0,-107,3.5
2026-09-08 22:55:14,2,Supply Bolt Piston [ML],HEARTBEAT,1,0,0,-109,4.25
2026-09-08 22:55:24,2,Supply Bolt Piston [ML],HEARTBEAT,1,0,0,-109,4.25
2026-09-08 22:55:35,2,Supply Bolt Piston [ML],HEARTBEAT,1,0,0,-109,4.5
2026-09-08 22:55:45,2,Supply Bolt Piston [ML],HEARTBEAT,1,0,0,-105,5.25
2026-09-08 22:55:56,2,Supply Bolt Piston [ML],HEARTBEAT,1,0,0,-105,7
2026-09-08 22:56:06,2,Supply Bolt Piston [ML],HEARTBEAT,1,0,0,-104,6.75
2026-09-08 22:56:16,2,Supply Bolt Piston [ML],HEARTBEAT,1,0,0,-110,3.75
2026-09-08 22:56:27,2,Supply Bolt Piston [ML],HEARTBEAT,1,0,0,-106,5.5
2026-09-08 22:56:37,2,Supply Bolt Piston [ML],HEARTBEAT,1,0,0,-112,1
2026-09-08 22:56:48,2,Supply Bolt Piston [ML],HEARTBEAT,1,0,0,-111,2.5
2026-09-08 22:56:58,2,Supply Bolt Piston [ML],HEARTBEAT,1,0,0,-111,2.5
2026-09-08 22:57:08,2,Supply Bolt Piston [ML],HEARTBEAT,1,0,0,-113,1.5
2026-09-08 22:57:19,2,Supply Bolt Piston [ML],HEARTBEAT,1,0,0,-108,4.5
2026-09-08 22:57:29,2,Supply Bolt Piston [ML],HEARTBEAT,1,0,0,-109,0.25
2026-09-08 22:57:40,2,Supply Bolt Piston [ML],HEARTBEAT,1,0,0,-107,5.75
2026-09-08 22:57:50,2,Supply Bolt Piston [ML],HEARTBEAT,1,0,0,-111,2.75
2026-09-08 22:58:00,2,Supply Bolt Piston [ML],HEARTBEAT,1,0,0,-105,6.5
2026-09-08 22:58:11,2,Supply Bolt Piston [ML],HEARTBEAT,1,0,0,-110,3.5
2026-09-08 22:58:21,2,Supply Bolt Piston [ML],HEARTBEAT,1,0,0,-111,2.75
2026-09-08 22:58:32,2,Supply Bolt Piston [ML],HEARTBEAT,1,0,0,-112,1.25
2026-09-08 22:58:42,2,Supply Bolt Piston [ML],HEARTBEAT,1,0,0,-113,1
2026-09-08 22:58:52,2,Supply Bolt Piston [ML],HEARTBEAT,1,0,0,-113,1.75
2026-09-08 22:59:03,2,Supply Bolt Piston [ML],HEARTBEAT,1,0,0,-110,2.25
2026-09-08 22:59:13,2,Supply Bolt Piston [ML],HEARTBEAT,1,0,0,-109,4.25
2026-09-08 22:59:24,2,Supply Bolt Piston [ML],HEARTBEAT,1,0,0,-114,-0.25
2026-09-08 22:59:34,2,Supply Bolt Piston [ML],HEARTBEAT,1,0,0,-116,-2.25
2026-09-08 22:59:45,2,Supply Bolt Piston [ML],HEARTBEAT,1,0,0,-109,4.25
2026-09-08 22:59:55,2,Supply Bolt Piston [ML],HEARTBEAT,1,0,0,-108,5
2026-09-08 23:00:05,2,Supply Bolt Piston [ML],HEARTBEAT,1,0,0,-109,4.25
2026-09-08 23:00:16,2,Supply Bolt Piston [ML],HEARTBEAT,1,0,0,-106,7
2026-09-08 23:00:26,2,Supply Bolt Piston [ML],HEARTBEAT,1,0,0,-109,1
2026-09-08 23:00:37,2,Supply Bolt Piston [ML],HEARTBEAT,1,0,0,-108,5.25
2026-09-08 23:00:47,2,Supply Bolt Piston [ML],HEARTBEAT,1,0,0,-113,1
2026-09-08 23:00:57,2,Supply Bolt Piston [ML],HEARTBEAT,1,0,0,-108,5.25
2026-09-08 23:01:08,2,Supply Bolt Piston [ML],HEARTBEAT,1,0,0,-104,6.25
2026-09-08 23:01:18,2,Supply Bolt Piston [ML],HEARTBEAT,1,0,0,-108,4.75
2026-09-08 23:01:29,2,Supply Bolt Piston [ML],HEARTBEAT,1,0,0,-104,7.5
2026-09-08 23:01:39,2,Supply Bolt Piston [ML],HEARTBEAT,1,0,0,-111,1
2026-09-08 23:01:49,2,Supply Bolt Piston [ML],HEARTBEAT,1,0,0,-107,5.25
2026-09-08 23:02:00,2,Supply Bolt Piston [ML],HEARTBEAT,1,0,0,-109,3.5
2026-09-08 23:02:10,2,Supply Bolt Piston [ML],HEARTBEAT,1,0,0,-110,4
2026-09-08 23:02:21,2,Supply Bolt Piston [ML],HEARTBEAT,1,0,0,-108,5
2026-09-08 23:02:31,2,Supply Bolt Piston [ML],HEARTBEAT,1,0,0,-110,3.5
2026-09-08 23:02:41,2,Supply Bolt Piston [ML],HEARTBEAT,1,0,0,-107,6
2026-09-08 23:02:52,2,Supply Bolt Piston [ML],HEARTBEAT,1,0,0,-110,3.75
2026-09-08 23:03:02,2,Supply Bolt Piston [ML],HEARTBEAT,1,0,0,-106,4
2026-09-08 23:03:13,2,Supply Bolt Piston [ML],HEARTBEAT,1,0,0,-108,5
2026-09-08 23:03:23,2,Supply Bolt Piston [ML],HEARTBEAT,1,0,0,-107,5.75
2026-09-08 23:03:33,2,Supply Bolt Piston [ML],HEARTBEAT,1,0,0,-109,4
2026-09-08 23:03:44,2,Supply Bolt Piston [ML],HEARTBEAT,1,0,0,-110,2.25
2026-09-08 23:03:54,2,Supply Bolt Piston [ML],HEARTBEAT,1,0,0,-117,-5
2026-09-08 23:04:05,2,Supply Bolt Piston [ML],HEARTBEAT,1,0,0,-109,1.25
2026-09-08 23:04:15,2,Supply Bolt Piston [ML],HEARTBEAT,1,0,0,-110,3.75
2026-09-08 23:04:25,2,Supply Bolt Piston [ML],HEARTBEAT,1,0,0,-109,4.75
2026-09-08 23:04:36,2,Supply Bolt Piston [ML],HEARTBEAT,1,0,0,-108,4
2026-09-08 23:04:46,2,Supply Bolt Piston [ML],HEARTBEAT,1,0,0,-107,4.75
2026-09-08 23:04:57,2,Supply Bolt Piston [ML],HEARTBEAT,1,0,0,-115,-1
2026-09-08 23:05:07,2,Supply Bolt Piston [ML],HEARTBEAT,1,0,0,-109,4.75
2026-09-08 23:05:18,2,Supply Bolt Piston [ML],HEARTBEAT,1,0,0,-108,4.5
2026-09-08 23:05:28,2,Supply Bolt Piston [ML],HEARTBEAT,1,0,0,-110,4
2026-09-08 23:05:38,2,Supply Bolt Piston [ML],HEARTBEAT,1,0,0,-110,3.5
2026-09-08 23:05:49,2,Supply Bolt Piston [ML],HEARTBEAT,1,0,0,-110,3.5
2026-09-08 23:05:59,2,Supply Bolt Piston [ML],HEARTBEAT,1,0,0,-115,-1
2026-09-08 23:06:10,2,Supply Bolt Piston [ML],HEARTBEAT,1,0,0,-111,2.5
2026-09-08 23:06:20,2,Supply Bolt Piston [ML],HEARTBEAT,1,0,0,-120,-6.25
2026-09-08 23:06:30,2,Supply Bolt Piston [ML],HEARTBEAT,1,0,0,-115,-0.75
2026-09-08 23:06:41,2,Supply Bolt Piston [ML],HEARTBEAT,1,0,0,-113,0.75
2026-09-08 23:06:51,2,Supply Bolt Piston [ML],HEARTBEAT,1,0,0,-106,6
2026-09-08 23:07:02,2,Supply Bolt Piston [ML],HEARTBEAT,1,0,0,-111,2
2026-09-08 23:07:12,2,Supply Bolt Piston [ML],HEARTBEAT,1,0,0,-115,-1
2026-09-08 23:07:22,2,Supply Bolt Piston [ML],HEARTBEAT,1,0,0,-112,0.25
2026-09-08 23:07:33,2,Supply Bolt Piston [ML],HEARTBEAT,1,0,0,-117,-6
2026-09-08 23:07:43,2,Supply Bolt Piston [ML],HEARTBEAT,1,0,0,-125,-10.25
2026-09-08 23:07:54,2,Supply Bolt Piston [ML],HEARTBEAT,1,0,0,-117,-4.5
2026-09-08 23:08:04,2,Supply Bolt Piston [ML],HEARTBEAT,1,0,0,-107,3
2026-09-08 23:08:14,2,Supply Bolt Piston [ML],HEARTBEAT,1,0,0,-113,0.75
2026-09-08 23:08:25,2,Supply Bolt Piston [ML],HEARTBEAT,1,0,0,-114,0
2026-09-08 23:08:35,2,Supply Bolt Piston [ML],HEARTBEAT,1,0,0,-108,2.5
2026-09-08 23:08:46,2,Supply Bolt Piston [ML],HEARTBEAT,1,0,0,-105,7
2026-09-08 23:08:56,2,Supply Bolt Piston [ML],HEARTBEAT,1,0,0,-111,3.25
2026-09-08 23:09:06,2,Supply Bolt Piston [ML],HEARTBEAT,1,0,0,-111,2.75
2026-09-08 23:09:17,2,Supply Bolt Piston [ML],HEARTBEAT,1,0,0,-109,4.25
2026-09-08 23:09:27,2,Supply Bolt Piston [ML],HEARTBEAT,1,0,0,-108,3.5
2026-09-08 23:09:38,2,Supply Bolt Piston [ML],HEARTBEAT,1,0,0,-106,7.25
2026-09-08 23:09:48,2,Supply Bolt Piston [ML],HEARTBEAT,1,0,0,-108,5
2026-09-08 23:09:58,2,Supply Bolt Piston [ML],HEARTBEAT,1,0,0,-108,5.25
2026-09-08 23:10:09,2,Supply Bolt Piston [ML],HEARTBEAT,1,0,0,-108,4.25
2026-09-08 23:10:19,2,Supply Bolt Piston [ML],HEARTBEAT,1,0,0,-109,4.25
2026-09-08 23:10:30,2,Supply Bolt Piston [ML],HEARTBEAT,1,0,0,-105,6.5
2026-09-08 23:10:40,2,Supply Bolt Piston [ML],HEARTBEAT,1,0,0,-104,5.5
2026-09-08 23:10:51,2,Supply Bolt Piston [ML],HEARTBEAT,1,0,0,-105,7
2026-09-08 23:11:01,2,Supply Bolt Piston [ML],HEARTBEAT,1,0,0,-107,6
2026-09-08 23:11:11,2,Supply Bolt Piston [ML],HEARTBEAT,1,0,0,-108,5.75
2026-09-08 23:11:22,2,Supply Bolt Piston [ML],HEARTBEAT,1,0,0,-105,6.75
2026-09-08 23:11:32,2,Supply Bolt Piston [ML],HEARTBEAT,1,0,0,-106,6
2026-09-08 23:11:43,2,Supply Bolt Piston [ML],HEARTBEAT,1,0,0,-104,7.5
2026-09-08 23:11:53,2,Supply Bolt Piston [ML],HEARTBEAT,1,0,0,-105,7
2026-09-08 23:12:03,2,Supply Bolt Piston [ML],HEARTBEAT,1,0,0,-105,3.25
2026-09-08 23:12:14,2,Supply Bolt Piston [ML],HEARTBEAT,1,0,0,-105,6.75
2026-09-08 23:12:24,2,Supply Bolt Piston [ML],HEARTBEAT,1,0,0,-106,6.5
2026-09-08 23:12:35,2,Supply Bolt Piston [ML],HEARTBEAT,1,0,0,-105,5.25
2026-09-08 23:12:45,2,Supply Bolt Piston [ML],HEARTBEAT,1,0,0,-104,5.75
2026-09-08 23:12:55,2,Supply Bolt Piston [ML],HEARTBEAT,1,0,0,-104,7.25
2026-09-08 23:13:06,2,Supply Bolt Piston [ML],HEARTBEAT,1,0,0,-103,7.5
2026-09-08 23:13:16,2,Supply Bolt Piston [ML],HEARTBEAT,1,0,0,-104,7.25
2026-09-08 23:13:27,2,Supply Bolt Piston [ML],HEARTBEAT,1,0,0,-104,7.5
2026-09-08 23:13:37,2,Supply Bolt Piston [ML],HEARTBEAT,1,0,0,-103,6.75
2026-09-08 23:13:47,2,Supply Bolt Piston [ML],HEARTBEAT,1,0,0,-104,7.25
2026-09-08 23:13:58,2,Supply Bolt Piston [ML],HEARTBEAT,1,0,0,-105,7
2026-09-08 23:14:08,2,Supply Bolt Piston [ML],HEARTBEAT,1,0,0,-107,5.75
2026-09-08 23:14:19,2,Supply Bolt Piston [ML],HEARTBEAT,1,0,0,-105,7.25
2026-09-08 23:14:29,2,Supply Bolt Piston [ML],HEARTBEAT,1,0,0,-109,4
2026-09-08 23:14:39,2,Supply Bolt Piston [ML],HEARTBEAT,1,0,0,-108,4.25
2026-09-08 23:14:50,2,Supply Bolt Piston [ML],HEARTBEAT,1,0,0,-105,6.75
2026-09-08 23:15:00,2,Supply Bolt Piston [ML],HEARTBEAT,1,0,0,-111,2.25
2026-09-08 23:15:11,2,Supply Bolt Piston [ML],HEARTBEAT,1,0,0,-114,-0.5
2026-09-08 23:15:21,2,Supply Bolt Piston [ML],HEARTBEAT,1,0,0,-111,1.5
2026-09-08 23:15:31,2,Supply Bolt Piston [ML],HEARTBEAT,1,0,0,-109,4.5
2026-09-08 23:15:42,2,Supply Bolt Piston [ML],HEARTBEAT,1,0,0,-111,2.75
2026-09-08 23:15:52,2,Supply Bolt Piston [ML],HEARTBEAT,1,0,0,-111,2.75
2026-09-08 23:16:03,2,Supply Bolt Piston [ML],HEARTBEAT,1,0,0,-110,3.5
2026-09-08 23:16:13,2,Supply Bolt Piston [ML],HEARTBEAT,1,0,0,-114,-0.75
2026-09-08 23:16:23,2,Supply Bolt Piston [ML],HEARTBEAT,1,0,0,-110,1.5
2026-09-08 23:16:34,2,Supply Bolt Piston [ML],HEARTBEAT,1,0,0,-112,-1.25
2026-09-08 23:16:44,2,Supply Bolt Piston [ML],HEARTBEAT,1,0,0,-112,-0.5
2026-09-08 23:16:55,2,Supply Bolt Piston [ML],HEARTBEAT,1,0,0,-112,1.25
2026-09-08 23:17:05,2,Supply Bolt Piston [ML],HEARTBEAT,1,0,0,-106,3
2026-09-08 23:17:16,2,Supply Bolt Piston [ML],HEARTBEAT,1,0,0,-112,2
2026-09-08 23:17:26,2,Supply Bolt Piston [ML],HEARTBEAT,1,0,0,-110,4.25
2026-09-08 23:17:36,2,Supply Bolt Piston [ML],HEARTBEAT,1,0,0,-109,4
2026-09-08 23:17:47,2,Supply Bolt Piston [ML],HEARTBEAT,1,0,0,-106,6.5
2026-09-08 23:17:57,2,Supply Bolt Piston [ML],HEARTBEAT,1,0,0,-109,4.5
2026-09-08 23:18:08,2,Supply Bolt Piston [ML],HEARTBEAT,1,0,0,-108,4.75
2026-09-08 23:18:18,2,Supply Bolt Piston [ML],HEARTBEAT,1,0,0,-109,4.75
2026-09-08 23:18:28,2,Supply Bolt Piston [ML],HEARTBEAT,1,0,0,-108,4.25
2026-09-08 23:18:39,2,Supply Bolt Piston [ML],HEARTBEAT,1,0,0,-108,5
2026-09-08 23:18:49,2,Supply Bolt Piston [ML],HEARTBEAT,1,0,0,-108,4.75
2026-09-08 23:19:00,2,Supply Bolt Piston [ML],HEARTBEAT,1,0,0,-109,4.5
2026-09-08 23:19:10,2,Supply Bolt Piston [ML],HEARTBEAT,1,0,0,-108,5
2026-09-08 23:19:20,2,Supply Bolt Piston [ML],HEARTBEAT,1,0,0,-109,4.25
2026-09-08 23:19:31,2,Supply Bolt Piston [ML],HEARTBEAT,1,0,0,-108,3.5
2026-09-08 23:19:41,2,Supply Bolt Piston [ML],HEARTBEAT,1,0,0,-108,4.75
2026-09-08 23:19:52,2,Supply Bolt Piston [ML],HEARTBEAT,1,0,0,-106,6.5
2026-09-08 23:20:02,2,Supply Bolt Piston [ML],HEARTBEAT,1,0,0,-106,6.5
2026-09-08 23:20:12,2,Supply Bolt Piston [ML],HEARTBEAT,1,0,0,-110,4.5
2026-09-08 23:20:23,2,Supply Bolt Piston [ML],HEARTBEAT,1,0,0,-109,4.25
2026-09-08 23:20:33,2,Supply Bolt Piston [ML],HEARTBEAT,1,0,0,-109,4.5
2026-09-08 23:20:44,2,Supply Bolt Piston [ML],HEARTBEAT,1,0,0,-110,3
2026-09-08 23:20:54,2,Supply Bolt Piston [ML],HEARTBEAT,1,0,0,-107,4
2026-09-08 23:21:04,2,Supply Bolt Piston [ML],HEARTBEAT,1,0,0,-112,1.5
2026-09-08 23:21:15,2,Supply Bolt Piston [ML],HEARTBEAT,1,0,0,-110,3.75
2026-09-08 23:21:25,2,Supply Bolt Piston [ML],HEARTBEAT,1,0,0,-109,4.5
2026-09-08 23:21:36,2,Supply Bolt Piston [ML],HEARTBEAT,1,0,0,-108,4.75
2026-09-08 23:21:46,2,Supply Bolt Piston [ML],HEARTBEAT,1,0,0,-107,4.75
2026-09-08 23:21:56,2,Supply Bolt Piston [ML],HEARTBEAT,1,0,0,-108,5.25
2026-09-08 23:22:07,2,Supply Bolt Piston [ML],HEARTBEAT,1,0,0,-107,5.25
2026-09-08 23:22:17,2,Supply Bolt Piston [ML],HEARTBEAT,1,0,0,-110,3
2026-09-08 23:22:28,2,Supply Bolt Piston [ML],HEARTBEAT,1,0,0,-107,4.5
2026-09-08 23:22:38,2,Supply Bolt Piston [ML],HEARTBEAT,1,0,0,-105,3.25
2026-09-08 23:22:48,2,Supply Bolt Piston [ML],HEARTBEAT,1,0,0,-104,7.5
2026-09-08 23:22:59,2,Supply Bolt Piston [ML],HEARTBEAT,1,0,0,-108,5.25
2026-09-08 23:23:09,2,Supply Bolt Piston [ML],HEARTBEAT,1,0,0,-107,5.5
2026-09-08 23:23:20,2,Supply Bolt Piston [ML],HEARTBEAT,1,0,0,-107,3.25
2026-09-08 23:23:30,2,Supply Bolt Piston [ML],HEARTBEAT,1,0,0,-109,4.5
2026-09-08 23:23:41,2,Supply Bolt Piston [ML],HEARTBEAT,1,0,0,-108,4.75
2026-09-08 23:23:51,2,Supply Bolt Piston [ML],HEARTBEAT,1,0,0,-105,7.5
2026-09-08 23:24:01,2,Supply Bolt Piston [ML],HEARTBEAT,1,0,0,-107,5
2026-09-08 23:24:12,2,Supply Bolt Piston [ML],HEARTBEAT,1,0,0,-117,-2.25
2026-09-08 23:24:22,2,Supply Bolt Piston [ML],HEARTBEAT,1,0,0,-117,-4.75
2026-09-08 23:24:33,2,Supply Bolt Piston [ML],HEARTBEAT,1,0,0,-108,5.25
2026-09-08 23:24:43,2,Supply Bolt Piston [ML],HEARTBEAT,1,0,0,-103,6
2026-09-08 23:24:53,2,Supply Bolt Piston [ML],HEARTBEAT,1,0,0,-109,3.25
2026-09-08 23:25:04,2,Supply Bolt Piston [ML],HEARTBEAT,1,0,0,-110,3
2026-09-08 23:25:14,2,Supply Bolt Piston [ML],HEARTBEAT,1,0,0,-109,4.5
2026-09-08 23:25:25,2,Supply Bolt Piston [ML],HEARTBEAT,1,0,0,-106,6.75
2026-09-08 23:25:35,2,Supply Bolt Piston [ML],HEARTBEAT,1,0,0,-105,6.75
2026-09-08 23:25:45,2,Supply Bolt Piston [ML],HEARTBEAT,1,0,0,-110,-2.5
2026-09-08 23:25:56,2,Supply Bolt Piston [ML],HEARTBEAT,1,0,0,-109,4
2026-09-08 23:26:06,2,Supply Bolt Piston [ML],HEARTBEAT,1,0,0,-110,2.75
2026-09-08 23:26:17,2,Supply Bolt Piston [ML],HEARTBEAT,1,0,0,-116,-2.75
2026-09-08 23:26:27,2,Supply Bolt Piston [ML],HEARTBEAT,1,0,0,-109,4.5
2026-09-08 23:26:37,2,Supply Bolt Piston [ML],HEARTBEAT,1,0,0,-114,0.5
2026-09-08 23:26:48,2,Supply Bolt Piston [ML],HEARTBEAT,1,0,0,-111,2.25
2026-09-08 23:26:58,2,Supply Bolt Piston [ML],HEARTBEAT,1,0,0,-111,2.75
2026-09-08 23:27:09,2,Supply Bolt Piston [ML],HEARTBEAT,1,0,0,-106,6.25
2026-09-08 23:27:19,2,Supply Bolt Piston [ML],HEARTBEAT,1,0,0,-111,2.5
2026-09-08 23:27:29,2,Supply Bolt Piston [ML],HEARTBEAT,1,0,0,-110,3.5
2026-09-08 23:27:40,2,Supply Bolt Piston [ML],HEARTBEAT,1,0,0,-106,6.75
2026-09-08 23:27:50,2,Supply Bolt Piston [ML],HEARTBEAT,1,0,0,-111,1.5
2026-09-08 23:28:01,2,Supply Bolt Piston [ML],HEARTBEAT,1,0,0,-108,3.75
2026-09-08 23:28:11,2,Supply Bolt Piston [ML],HEARTBEAT,1,0,0,-109,4
2026-09-08 23:28:21,2,Supply Bolt Piston [ML],HEARTBEAT,1,0,0,-113,0.25
2026-09-08 23:28:32,2,Supply Bolt Piston [ML],HEARTBEAT,1,0,0,-108,5
2026-09-08 23:28:42,2,Supply Bolt Piston [ML],HEARTBEAT,1,0,0,-111,1.75
2026-09-08 23:28:53,2,Supply Bolt Piston [ML],HEARTBEAT,1,0,0,-110,2.75
2026-09-08 23:29:03,2,Supply Bolt Piston [ML],HEARTBEAT,1,0,0,-114,-0.25
2026-09-08 23:29:13,2,Supply Bolt Piston [ML],HEARTBEAT,1,0,0,-114,0
2026-09-08 23:29:24,2,Supply Bolt Piston [ML],HEARTBEAT,1,0,0,-110,2.75
2026-09-08 23:29:34,2,Supply Bolt Piston [ML],HEARTBEAT,1,0,0,-111,2
2026-09-08 23:29:45,2,Supply Bolt Piston [ML],HEARTBEAT,1,0,0,-111,1.25
2026-09-08 23:29:55,2,Supply Bolt Piston [ML],HEARTBEAT,1,0,0,-111,1.25
2026-09-08 23:30:06,2,Supply Bolt Piston [ML],HEARTBEAT,1,0,0,-111,2.5
2026-09-08 23:30:16,2,Supply Bolt Piston [ML],HEARTBEAT,1,0,0,-109,3.25
2026-09-08 23:30:26,2,Supply Bolt Piston [ML],HEARTBEAT,1,0,0,-109,3.25
2026-09-08 23:30:37,2,Supply Bolt Piston [ML],HEARTBEAT,1,0,0,-108,5.5
2026-09-08 23:30:47,2,Supply Bolt Piston [ML],HEARTBEAT,1,0,0,-110,3
2026-09-08 23:30:58,2,Supply Bolt Piston [ML],HEARTBEAT,1,0,0,-114,0
2026-09-08 23:31:08,2,Supply Bolt Piston [ML],HEARTBEAT,1,0,0,-109,4.25
2026-09-08 23:31:18,2,Supply Bolt Piston [ML],HEARTBEAT,1,0,0,-109,3
2026-09-08 23:31:29,2,Supply Bolt Piston [ML],HEARTBEAT,1,0,0,-109,4
2026-09-08 23:31:39,2,Supply Bolt Piston [ML],HEARTBEAT,1,0,0,-108,-0.75
2026-09-08 23:31:50,2,Supply Bolt Piston [ML],HEARTBEAT,1,0,0,-112,1.5
2026-09-08 23:32:00,2,Supply Bolt Piston [ML],HEARTBEAT,1,0,0,-109,2.5
2026-09-08 23:32:10,2,Supply Bolt Piston [ML],HEARTBEAT,1,0,0,-112,-1
2026-09-08 23:32:21,2,Supply Bolt Piston [ML],HEARTBEAT,1,0,0,-110,1.5
2026-09-08 23:32:31,2,Supply Bolt Piston [ML],HEARTBEAT,1,0,0,-108,4.75
2026-09-08 23:32:42,2,Supply Bolt Piston [ML],HEARTBEAT,1,0,0,-110,3.5
2026-09-08 23:32:52,2,Supply Bolt Piston [ML],HEARTBEAT,1,0,0,-111,2.25
2026-09-08 23:33:02,2,Supply Bolt Piston [ML],HEARTBEAT,1,0,0,-106,5
2026-09-08 23:33:13,2,Supply Bolt Piston [ML],HEARTBEAT,1,0,0,-109,4.25
2026-09-08 23:33:23,2,Supply Bolt Piston [ML],HEARTBEAT,1,0,0,-110,4
2026-09-08 23:33:34,2,Supply Bolt Piston [ML],HEARTBEAT,1,0,0,-103,8.25
2026-09-08 23:33:44,2,Supply Bolt Piston [ML],HEARTBEAT,1,0,0,-104,7.75
2026-09-08 23:33:54,2,Supply Bolt Piston [ML],HEARTBEAT,1,0,0,-107,4.75
2026-09-08 23:34:05,2,Supply Bolt Piston [ML],HEARTBEAT,1,0,0,-103,7.75
2026-09-08 23:34:15,2,Supply Bolt Piston [ML],HEARTBEAT,1,0,0,-105,7.25
2026-09-08 23:34:26,2,Supply Bolt Piston [ML],HEARTBEAT,1,0,0,-104,8
2026-09-08 23:34:36,2,Supply Bolt Piston [ML],HEARTBEAT,1,0,0,-106,6
2026-09-08 23:34:46,2,Supply Bolt Piston [ML],HEARTBEAT,1,0,0,-109,0.75
2026-09-08 23:34:57,2,Supply Bolt Piston [ML],HEARTBEAT,1,0,0,-104,7.5
2026-09-08 23:35:07,2,Supply Bolt Piston [ML],HEARTBEAT,1,0,0,-106,7
2026-09-08 23:35:18,2,Supply Bolt Piston [ML],HEARTBEAT,1,0,0,-104,6.75
2026-09-08 23:35:28,2,Supply Bolt Piston [ML],HEARTBEAT,1,0,0,-106,6.5
2026-09-08 23:35:38,2,Supply Bolt Piston [ML],HEARTBEAT,1,0,0,-107,3.25
2026-09-08 23:35:49,2,Supply Bolt Piston [ML],HEARTBEAT,1,0,0,-103,8.5
2026-09-08 23:35:59,2,Supply Bolt Piston [ML],HEARTBEAT,1,0,0,-109,4.5
2026-09-08 23:36:10,2,Supply Bolt Piston [ML],HEARTBEAT,1,0,0,-105,7
2026-09-08 23:36:20,2,Supply Bolt Piston [ML],HEARTBEAT,1,0,0,-106,3.5
2026-09-08 23:36:30,2,Supply Bolt Piston [ML],HEARTBEAT,1,0,0,-107,5.25
2026-09-08 23:36:41,2,Supply Bolt Piston [ML],HEARTBEAT,1,0,0,-107,5.5
2026-09-08 23:36:51,2,Supply Bolt Piston [ML],HEARTBEAT,1,0,0,-107,4.25
2026-09-08 23:37:02,2,Supply Bolt Piston [ML],HEARTBEAT,1,0,0,-106,6.75
2026-09-08 23:37:12,2,Supply Bolt Piston [ML],HEARTBEAT,1,0,0,-105,7.25
2026-09-08 23:37:23,2,Supply Bolt Piston [ML],HEARTBEAT,1,0,0,-106,6.25
2026-09-08 23:37:33,2,Supply Bolt Piston [ML],HEARTBEAT,1,0,0,-107,6
2026-09-08 23:37:43,2,Supply Bolt Piston [ML],HEARTBEAT,1,0,0,-101,8
2026-09-08 23:37:54,2,Supply Bolt Piston [ML],HEARTBEAT,1,0,0,-104,7.5
2026-09-08 23:38:04,2,Supply Bolt Piston [ML],HEARTBEAT,1,0,0,-110,3.5
2026-09-08 23:38:15,2,Supply Bolt Piston [ML],HEARTBEAT,1,0,0,-108,4.5
2026-09-08 23:38:25,2,Supply Bolt Piston [ML],HEARTBEAT,1,0,0,-107,5.25
2026-09-08 23:38:35,2,Supply Bolt Piston [ML],HEARTBEAT,1,0,0,-105,7
2026-09-08 23:38:46,2,Supply Bolt Piston [ML],HEARTBEAT,1,0,0,-106,5.75
2026-09-08 23:38:56,2,Supply Bolt Piston [ML],HEARTBEAT,1,0,0,-104,5.75
2026-09-08 23:39:07,2,Supply Bolt Piston [ML],HEARTBEAT,1,0,0,-106,6.75
2026-09-08 23:39:17,2,Supply Bolt Piston [ML],HEARTBEAT,1,0,0,-104,6.75
2026-09-08 23:39:27,2,Supply Bolt Piston [ML],HEARTBEAT,1,0,0,-107,5.5
2026-09-08 23:39:38,2,Supply Bolt Piston [ML],HEARTBEAT,1,0,0,-103,8.25
2026-09-08 23:39:48,2,Supply Bolt Piston [ML],HEARTBEAT,1,0,0,-107,5.5
2026-09-08 23:39:59,2,Supply Bolt Piston [ML],HEARTBEAT,1,0,0,-105,7
2026-09-08 23:40:09,2,Supply Bolt Piston [ML],HEARTBEAT,1,0,0,-106,7
2026-09-08 23:40:19,2,Supply Bolt Piston [ML],HEARTBEAT,1,0,0,-103,5.5
2026-09-08 23:40:30,2,Supply Bolt Piston [ML],HEARTBEAT,1,0,0,-103,7.5
2026-09-08 23:40:40,2,Supply Bolt Piston [ML],HEARTBEAT,1,0,0,-114,0.5
2026-09-08 23:40:51,2,Supply Bolt Piston [ML],HEARTBEAT,1,0,0,-108,3
2026-09-08 23:41:01,2,Supply Bolt Piston [ML],HEARTBEAT,1,0,0,-107,2.75
2026-09-08 23:41:11,2,Supply Bolt Piston [ML],HEARTBEAT,1,0,0,-110,4
2026-09-08 23:41:22,2,Supply Bolt Piston [ML],HEARTBEAT,1,0,0,-110,2.5
2026-09-08 23:41:32,2,Supply Bolt Piston [ML],HEARTBEAT,1,0,0,-108,4
2026-09-08 23:41:43,2,Supply Bolt Piston [ML],HEARTBEAT,1,0,0,-107,5.5
2026-09-08 23:41:53,2,Supply Bolt Piston [ML],HEARTBEAT,1,0,0,-107,4.5
2026-09-08 23:42:03,2,Supply Bolt Piston [ML],HEARTBEAT,1,0,0,-103,7.75
2026-09-08 23:42:14,2,Supply Bolt Piston [ML],HEARTBEAT,1,0,0,-106,6.75
2026-09-08 23:42:24,2,Supply Bolt Piston [ML],HEARTBEAT,1,0,0,-106,6.5
2026-09-08 23:42:35,2,Supply Bolt Piston [ML],HEARTBEAT,1,0,0,-107,5.75
2026-09-08 23:42:45,2,Supply Bolt Piston [ML],HEARTBEAT,1,0,0,-107,5.25
2026-09-08 23:42:55,2,Supply Bolt Piston [ML],HEARTBEAT,1,0,0,-110,3.5
2026-09-08 23:43:06,2,Supply Bolt Piston [ML],HEARTBEAT,1,0,0,-108,5.25
2026-09-08 23:43:16,2,Supply Bolt Piston [ML],HEARTBEAT,1,0,0,-110,4
2026-09-08 23:43:27,2,Supply Bolt Piston [ML],HEARTBEAT,1,0,0,-107,5.75
2026-09-08 23:43:37,2,Supply Bolt Piston [ML],HEARTBEAT,1,0,0,-106,6.5
2026-09-08 23:43:48,2,Supply Bolt Piston [ML],HEARTBEAT,1,0,0,-111,2.5
2026-09-08 23:43:58,2,Supply Bolt Piston [ML],HEARTBEAT,1,0,0,-109,4.75
2026-09-08 23:44:08,2,Supply Bolt Piston [ML],HEARTBEAT,1,0,0,-110,2.75
2026-09-08 23:44:19,2,Supply Bolt Piston [ML],HEARTBEAT,1,0,0,-109,4.75
2026-09-08 23:44:29,2,Supply Bolt Piston [ML],HEARTBEAT,1,0,0,-106,6.75
2026-09-08 23:44:40,2,Supply Bolt Piston [ML],HEARTBEAT,1,0,0,-106,5
2026-09-08 23:44:50,2,Supply Bolt Piston [ML],HEARTBEAT,1,0,0,-104,5.75
2026-09-08 23:45:00,2,Supply Bolt Piston [ML],HEARTBEAT,1,0,0,-106,6
2026-09-08 23:45:11,2,Supply Bolt Piston [ML],HEARTBEAT,1,0,0,-105,5.25
2026-09-08 23:45:21,2,Supply Bolt Piston [ML],HEARTBEAT,1,0,0,-109,2.25
2026-09-08 23:45:32,2,Supply Bolt Piston [ML],HEARTBEAT,1,0,0,-106,6.75
2026-09-08 23:45:42,2,Supply Bolt Piston [ML],HEARTBEAT,1,0,0,-108,5.5
2026-09-08 23:45:52,2,Supply Bolt Piston [ML],HEARTBEAT,1,0,0,-108,3.5
2026-09-08 23:46:03,2,Supply Bolt Piston [ML],HEARTBEAT,1,0,0,-109,4
2026-09-08 23:46:13,2,Supply Bolt Piston [ML],HEARTBEAT,1,0,0,-107,6.25
2026-09-08 23:46:24,2,Supply Bolt Piston [ML],HEARTBEAT,1,0,0,-107,5.25
2026-09-08 23:46:34,2,Supply Bolt Piston [ML],HEARTBEAT,1,0,0,-105,7.25
2026-09-08 23:46:44,2,Supply Bolt Piston [ML],HEARTBEAT,1,0,0,-104,7.25
2026-09-08 23:46:55,2,Supply Bolt Piston [ML],HEARTBEAT,1,0,0,-104,7
2026-09-08 23:47:05,2,Supply Bolt Piston [ML],HEARTBEAT,1,0,0,-102,8.5
2026-09-08 23:47:16,2,Supply Bolt Piston [ML],HEARTBEAT,1,0,0,-106,6.75
2026-09-08 23:47:26,2,Supply Bolt Piston [ML],HEARTBEAT,1,0,0,-112,1.75
2026-09-08 23:47:36,2,Supply Bolt Piston [ML],HEARTBEAT,1,0,0,-105,6.75
2026-09-08 23:47:47,2,Supply Bolt Piston [ML],HEARTBEAT,1,0,0,-104,7.5
2026-09-08 23:47:57,2,Supply Bolt Piston [ML],HEARTBEAT,1,0,0,-106,6.75
2026-09-08 23:48:08,2,Supply Bolt Piston [ML],HEARTBEAT,1,0,0,-107,6.25
2026-09-08 23:48:18,2,Supply Bolt Piston [ML],HEARTBEAT,1,0,0,-104,6.75
2026-09-08 23:48:28,2,Supply Bolt Piston [ML],HEARTBEAT,1,0,0,-110,3.75
2026-09-08 23:48:39,2,Supply Bolt Piston [ML],HEARTBEAT,1,0,0,-109,5
2026-09-08 23:48:49,2,Supply Bolt Piston [ML],HEARTBEAT,1,0,0,-107,6
2026-09-08 23:49:00,2,Supply Bolt Piston [ML],HEARTBEAT,1,0,0,-111,2.75
2026-09-08 23:49:10,2,Supply Bolt Piston [ML],HEARTBEAT,1,0,0,-106,6
2026-09-08 23:49:20,2,Supply Bolt Piston [ML],HEARTBEAT,1,0,0,-109,4.25
2026-09-08 23:49:31,2,Supply Bolt Piston [ML],HEARTBEAT,1,0,0,-105,7
2026-09-08 23:49:41,2,Supply Bolt Piston [ML],HEARTBEAT,1,0,0,-108,5.25
2026-09-08 23:49:52,2,Supply Bolt Piston [ML],HEARTBEAT,1,0,0,-108,4.25
2026-09-08 23:50:02,2,Supply Bolt Piston [ML],HEARTBEAT,1,0,0,-112,1.75
2026-09-08 23:50:12,2,Supply Bolt Piston [ML],HEARTBEAT,1,0,0,-107,5.5
2026-09-08 23:50:23,2,Supply Bolt Piston [ML],HEARTBEAT,1,0,0,-106,6.5
2026-09-08 23:50:33,2,Supply Bolt Piston [ML],HEARTBEAT,1,0,0,-110,2.5
2026-09-08 23:50:44,2,Supply Bolt Piston [ML],HEARTBEAT,1,0,0,-104,6.25
2026-09-08 23:50:54,2,Supply Bolt Piston [ML],HEARTBEAT,1,0,0,-107,5.75
2026-09-08 23:51:04,2,Supply Bolt Piston [ML],HEARTBEAT,1,0,0,-110,4
2026-09-08 23:51:15,2,Supply Bolt Piston [ML],HEARTBEAT,1,0,0,-109,4.25
2026-09-08 23:51:25,2,Supply Bolt Piston [ML],HEARTBEAT,1,0,0,-103,7.5
2026-09-08 23:51:28,2,Supply Bolt Piston [ML],HEARTBEAT,1,0,1,-106,6.25
2026-09-08 23:51:28,2,Supply Bolt Piston [ML],MANUAL_MODE,1,0,1,-106,6.25
2026-09-08 23:51:37,2,Supply Bolt Piston [ML],HEARTBEAT,1,0,0,-107,4.5
2026-09-08 23:51:37,2,Supply Bolt Piston [ML],AUTO_MODE,1,0,0,-107,4.5
2026-09-08 23:51:48,2,Supply Bolt Piston [ML],HEARTBEAT,1,0,0,-108,5.25
2026-09-08 23:51:58,2,Supply Bolt Piston [ML],HEARTBEAT,1,0,0,-112,1.75
2026-09-08 23:52:09,2,Supply Bolt Piston [ML],HEARTBEAT,1,0,0,-106,4.25
2026-09-08 23:52:19,2,Supply Bolt Piston [ML],HEARTBEAT,1,0,0,-106,6.25
2026-09-08 23:52:29,2,Supply Bolt Piston [ML],HEARTBEAT,1,0,0,-104,7.75
2026-09-08 23:52:40,2,Supply Bolt Piston [ML],HEARTBEAT,1,0,0,-108,5
2026-09-08 23:52:50,2,Supply Bolt Piston [ML],HEARTBEAT,1,0,0,-108,4.75
2026-09-08 23:53:01,2,Supply Bolt Piston [ML],HEARTBEAT,1,0,0,-103,6.25
2026-09-08 23:53:11,2,Supply Bolt Piston [ML],HEARTBEAT,1,0,0,-105,7.25
2026-09-08 23:53:21,2,Supply Bolt Piston [ML],HEARTBEAT,1,0,0,-109,4.5
2026-09-08 23:53:32,2,Supply Bolt Piston [ML],HEARTBEAT,1,0,0,-109,3.75
2026-09-08 23:53:42,2,Supply Bolt Piston [ML],HEARTBEAT,1,0,0,-113,1.25
2026-09-08 23:53:53,2,Supply Bolt Piston [ML],HEARTBEAT,1,0,0,-108,5
2026-09-08 23:54:03,2,Supply Bolt Piston [ML],HEARTBEAT,1,0,0,-113,-2
2026-09-08 23:54:13,2,Supply Bolt Piston [ML],HEARTBEAT,1,0,0,-109,4.75
2026-09-08 23:54:24,2,Supply Bolt Piston [ML],HEARTBEAT,1,0,0,-107,2.5
2026-09-08 23:54:34,2,Supply Bolt Piston [ML],HEARTBEAT,1,0,0,-114,-1
2026-09-08 23:54:45,2,Supply Bolt Piston [ML],HEARTBEAT,1,0,0,-108,4
2026-09-08 23:54:55,2,Supply Bolt Piston [ML],HEARTBEAT,1,0,0,-111,2.25
2026-09-08 23:55:05,2,Supply Bolt Piston [ML],HEARTBEAT,1,0,0,-108,4.5
2026-09-08 23:55:16,2,Supply Bolt Piston [ML],HEARTBEAT,1,0,0,-114,0.5
2026-09-08 23:55:26,2,Supply Bolt Piston [ML],HEARTBEAT,1,0,0,-111,2.25
2026-09-08 23:55:37,2,Supply Bolt Piston [ML],HEARTBEAT,1,0,0,-110,3.5
2026-09-08 23:55:47,2,Supply Bolt Piston [ML],HEARTBEAT,1,0,0,-108,5.5
2026-09-08 23:55:57,2,Supply Bolt Piston [ML],HEARTBEAT,1,0,0,-103,6.25
2026-09-08 23:56:08,2,Supply Bolt Piston [ML],HEARTBEAT,1,0,0,-109,3.5
2026-09-08 23:56:18,2,Supply Bolt Piston [ML],HEARTBEAT,1,0,0,-111,3
2026-09-08 23:56:29,2,Supply Bolt Piston [ML],HEARTBEAT,1,0,0,-111,3
2026-09-08 23:56:39,2,Supply Bolt Piston [ML],HEARTBEAT,1,0,0,-108,3
2026-09-08 23:56:49,2,Supply Bolt Piston [ML],HEARTBEAT,1,0,0,-115,-0.75
2026-09-08 23:57:00,2,Supply Bolt Piston [ML],HEARTBEAT,1,0,0,-116,-2
2026-09-08 23:57:10,2,Supply Bolt Piston [ML],HEARTBEAT,1,0,0,-113,1.25
2026-09-08 23:57:21,2,Supply Bolt Piston [ML],HEARTBEAT,1,0,0,-116,-2.75
2026-09-08 23:57:41,2,Supply Bolt Piston [ML],HEARTBEAT,1,0,0,-112,-3.25
2026-09-08 23:57:52,2,Supply Bolt Piston [ML],HEARTBEAT,1,0,0,-113,1.5
2026-09-08 23:58:02,2,Supply Bolt Piston [ML],HEARTBEAT,1,0,0,-112,2.5
2026-09-08 23:58:13,2,Supply Bolt Piston [ML],HEARTBEAT,1,0,0,-116,-1.5
2026-09-08 23:58:23,2,Supply Bolt Piston [ML],HEARTBEAT,1,0,0,-114,-1.25
2026-09-08 23:58:33,2,Supply Bolt Piston [ML],HEARTBEAT,1,0,0,-113,-2
2026-09-08 23:58:44,2,Supply Bolt Piston [ML],HEARTBEAT,1,0,0,-113,1.5
2026-09-08 23:58:54,2,Supply Bolt Piston [ML],HEARTBEAT,1,0,0,-114,0.5
2026-09-08 23:59:05,2,Supply Bolt Piston [ML],HEARTBEAT,1,0,0,-111,2
2026-09-08 23:59:15,2,Supply Bolt Piston [ML],HEARTBEAT,1,0,0,-118,-3.75
2026-09-08 23:59:25,2,Supply Bolt Piston [ML],HEARTBEAT,1,0,0,-117,-3.25
2026-09-08 23:59:36,2,Supply Bolt Piston [ML],HEARTBEAT,1,0,0,-120,-6.25
2026-09-08 23:59:46,2,Supply Bolt Piston [ML],HEARTBEAT,1,0,0,-116,-2.5
2026-09-08 23:59:57,2,Supply Bolt Piston [ML],HEARTBEAT,1,0,0,-114,0.25
2026-09-09 00:00:07,2,Supply Bolt Piston [ML],HEARTBEAT,1,0,0,-118,-5
2026-09-09 00:00:17,2,Supply Bolt Piston [ML],HEARTBEAT,1,0,0,-111,3
2026-09-09 00:00:28,2,Supply Bolt Piston [ML],HEARTBEAT,1,0,0,-118,-3.5
2026-09-09 00:00:38,2,Supply Bolt Piston [ML],HEARTBEAT,1,0,0,-114,-0.25
2026-09-09 00:00:49,2,Supply Bolt Piston [ML],HEARTBEAT,1,0,0,-114,-0.5
2026-09-09 00:00:59,2,Supply Bolt Piston [ML],HEARTBEAT,1,0,0,-120,-5.75
2026-09-09 00:01:09,2,Supply Bolt Piston [ML],HEARTBEAT,1,0,0,-116,-2.5
2026-09-09 00:01:30,2,Supply Bolt Piston [ML],HEARTBEAT,1,0,0,-114,-0.75
2026-09-09 00:01:41,2,Supply Bolt Piston [ML],HEARTBEAT,1,0,0,-119,-5.25
2026-09-09 00:01:51,2,Supply Bolt Piston [ML],HEARTBEAT,1,0,0,-121,-6.5
2026-09-09 00:02:01,2,Supply Bolt Piston [ML],HEARTBEAT,1,0,0,-116,-1.5
2026-09-09 00:02:12,2,Supply Bolt Piston [ML],HEARTBEAT,1,0,0,-121,-6
2026-09-09 00:02:22,2,Supply Bolt Piston [ML],HEARTBEAT,1,0,0,-114,-1
2026-09-09 00:02:33,2,Supply Bolt Piston [ML],HEARTBEAT,1,0,0,-118,-4.25
2026-09-09 00:02:43,2,Supply Bolt Piston [ML],HEARTBEAT,1,0,0,-118,-4.25
2026-09-09 00:02:53,2,Supply Bolt Piston [ML],HEARTBEAT,1,0,0,-115,-2.25
2026-09-09 00:03:04,2,Supply Bolt Piston [ML],HEARTBEAT,1,0,0,-117,-4.75
2026-09-09 00:03:14,2,Supply Bolt Piston [ML],HEARTBEAT,1,0,0,-120,-5.75
2026-09-09 00:03:25,2,Supply Bolt Piston [ML],HEARTBEAT,1,0,0,-119,-5
2026-09-09 00:03:35,2,Supply Bolt Piston [ML],HEARTBEAT,1,0,0,-122,-8
2026-09-09 00:03:45,2,Supply Bolt Piston [ML],HEARTBEAT,1,0,0,-117,-3.25
2026-09-09 00:03:56,2,Supply Bolt Piston [ML],HEARTBEAT,1,0,0,-117,-3.75
2026-09-09 00:04:17,2,Supply Bolt Piston [ML],HEARTBEAT,1,0,0,-117,-2.25
2026-09-09 00:04:27,2,Supply Bolt Piston [ML],HEARTBEAT,1,0,0,-118,-4.25
2026-09-09 00:04:38,2,Supply Bolt Piston [ML],HEARTBEAT,1,0,0,-115,-1.25
2026-09-09 00:04:48,2,Supply Bolt Piston [ML],HEARTBEAT,1,0,0,-119,-4.25
2026-09-09 00:04:58,2,Supply Bolt Piston [ML],HEARTBEAT,1,0,0,-117,-2.75
2026-09-09 00:05:09,2,Supply Bolt Piston [ML],HEARTBEAT,1,0,0,-118,-4.5
2026-09-09 00:05:30,2,Supply Bolt Piston [ML],HEARTBEAT,1,0,0,-115,-0.5
2026-09-09 00:05:40,2,Supply Bolt Piston [ML],HEARTBEAT,1,0,0,-117,-3.25
2026-09-09 00:05:50,2,Supply Bolt Piston [ML],HEARTBEAT,1,0,0,-116,-2
2026-09-09 00:06:01,2,Supply Bolt Piston [ML],HEARTBEAT,1,0,0,-118,-4
2026-09-09 00:06:11,2,Supply Bolt Piston [ML],HEARTBEAT,1,0,0,-115,-2.5
2026-09-09 00:06:22,2,Supply Bolt Piston [ML],HEARTBEAT,1,0,0,-115,-1
2026-09-09 00:06:32,2,Supply Bolt Piston [ML],HEARTBEAT,1,0,0,-118,-3.5
2026-09-09 00:06:42,2,Supply Bolt Piston [ML],HEARTBEAT,1,0,0,-116,-1.5
2026-09-09 00:06:53,2,Supply Bolt Piston [ML],HEARTBEAT,1,0,0,-117,-4
2026-09-09 00:07:03,2,Supply Bolt Piston [ML],HEARTBEAT,1,0,0,-116,-1.75
2026-09-09 00:07:14,2,Supply Bolt Piston [ML],HEARTBEAT,1,0,0,-115,-1.25
2026-09-09 00:07:24,2,Supply Bolt Piston [ML],HEARTBEAT,1,0,0,-118,-3.75
2026-09-09 00:07:34,2,Supply Bolt Piston [ML],HEARTBEAT,1,0,0,-116,-1.5
2026-09-09 00:07:45,2,Supply Bolt Piston [ML],HEARTBEAT,1,0,0,-119,-6
2026-09-09 00:07:55,2,Supply Bolt Piston [ML],HEARTBEAT,1,0,0,-115,-1.25
2026-09-09 00:08:06,2,Supply Bolt Piston [ML],HEARTBEAT,1,0,0,-114,-1.5
2026-09-09 00:08:16,2,Supply Bolt Piston [ML],HEARTBEAT,1,0,0,-118,-4
2026-09-09 00:08:26,2,Supply Bolt Piston [ML],HEARTBEAT,1,0,0,-114,-1
2026-09-09 00:08:37,2,Supply Bolt Piston [ML],HEARTBEAT,1,0,0,-118,-4
2026-09-09 00:08:47,2,Supply Bolt Piston [ML],HEARTBEAT,1,0,0,-115,-1.25
2026-09-09 00:08:58,2,Supply Bolt Piston [ML],HEARTBEAT,1,0,0,-116,-2.25
2026-09-09 00:09:08,2,Supply Bolt Piston [ML],HEARTBEAT,1,0,0,-118,-4
2026-09-09 00:09:18,2,Supply Bolt Piston [ML],HEARTBEAT,1,0,0,-116,-1.75
2026-09-09 00:09:29,2,Supply Bolt Piston [ML],HEARTBEAT,1,0,0,-118,-4.25
2026-09-09 00:09:39,2,Supply Bolt Piston [ML],HEARTBEAT,1,0,0,-115,-1.5
2026-09-09 00:09:50,2,Supply Bolt Piston [ML],HEARTBEAT,1,0,0,-116,-2.75
2026-09-09 00:10:00,2,Supply Bolt Piston [ML],HEARTBEAT,1,0,0,-119,-4.25
2026-09-09 00:10:10,2,Supply Bolt Piston [ML],HEARTBEAT,1,0,0,-116,-2.75
2026-09-09 00:10:21,2,Supply Bolt Piston [ML],HEARTBEAT,1,0,0,-117,-4.25
2026-09-09 00:10:31,2,Supply Bolt Piston [ML],HEARTBEAT,1,0,0,-115,-1
2026-09-09 00:10:42,2,Supply Bolt Piston [ML],HEARTBEAT,1,0,0,-115,-4.75
2026-09-09 00:10:52,2,Supply Bolt Piston [ML],HEARTBEAT,1,0,0,-118,-5.25
2026-09-09 00:11:02,2,Supply Bolt Piston [ML],HEARTBEAT,1,0,0,-115,-1.25
2026-09-09 00:11:13,2,Supply Bolt Piston [ML],HEARTBEAT,1,0,0,-118,-5.25
2026-09-09 00:11:23,2,Supply Bolt Piston [ML],HEARTBEAT,1,0,0,-116,-2
2026-09-09 00:11:34,2,Supply Bolt Piston [ML],HEARTBEAT,1,0,0,-119,-4.25
2026-09-09 00:11:44,2,Supply Bolt Piston [ML],HEARTBEAT,1,0,0,-121,-7
2026-09-09 00:11:54,2,Supply Bolt Piston [ML],HEARTBEAT,1,0,0,-117,-3.75
2026-09-09 00:12:05,2,Supply Bolt Piston [ML],HEARTBEAT,1,0,0,-120,-6.25
2026-09-09 00:12:15,2,Supply Bolt Piston [ML],HEARTBEAT,1,0,0,-106,5.25
2026-09-09 00:12:36,2,Supply Bolt Piston [ML],HEARTBEAT,1,0,0,-113,0.5
2026-09-09 00:12:46,2,Supply Bolt Piston [ML],HEARTBEAT,1,0,0,-113,-0.5
2026-09-09 00:12:57,2,Supply Bolt Piston [ML],HEARTBEAT,1,0,0,-116,-2
2026-09-09 00:13:07,2,Supply Bolt Piston [ML],HEARTBEAT,1,0,0,-114,-0.25
2026-09-09 00:13:18,2,Supply Bolt Piston [ML],HEARTBEAT,1,0,0,-115,-1.5
2026-09-09 00:13:28,2,Supply Bolt Piston [ML],HEARTBEAT,1,0,0,-115,-0.5
2026-09-09 00:13:38,2,Supply Bolt Piston [ML],HEARTBEAT,1,0,0,-110,-3.25
2026-09-09 00:13:49,2,Supply Bolt Piston [ML],HEARTBEAT,1,0,0,-115,-1
2026-09-09 00:13:59,2,Supply Bolt Piston [ML],HEARTBEAT,1,0,0,-113,-0.5
2026-09-09 00:14:10,2,Supply Bolt Piston [ML],HEARTBEAT,1,0,0,-114,-0.25
2026-09-09 00:14:20,2,Supply Bolt Piston [ML],HEARTBEAT,1,0,0,-113,0.25
2026-09-09 00:14:30,2,Supply Bolt Piston [ML],HEARTBEAT,1,0,0,-113,0
2026-09-09 00:14:41,2,Supply Bolt Piston [ML],HEARTBEAT,1,0,0,-115,-1.25
2026-09-09 00:14:51,2,Supply Bolt Piston [ML],HEARTBEAT,1,0,0,-113,0.5
2026-09-09 00:15:02,2,Supply Bolt Piston [ML],HEARTBEAT,1,0,0,-115,-1.25
2026-09-09 00:15:12,2,Supply Bolt Piston [ML],HEARTBEAT,1,0,0,-114,0.25
2026-09-09 00:15:22,2,Supply Bolt Piston [ML],HEARTBEAT,1,0,0,-113,-0.25
2026-09-09 00:15:33,2,Supply Bolt Piston [ML],HEARTBEAT,1,0,0,-115,-1
2026-09-09 00:15:43,2,Supply Bolt Piston [ML],HEARTBEAT,1,0,0,-113,-0.5
2026-09-09 00:15:54,2,Supply Bolt Piston [ML],HEARTBEAT,1,0,0,-114,-0.75
2026-09-09 00:16:04,2,Supply Bolt Piston [ML],HEARTBEAT,1,0,0,-113,1
2026-09-09 00:16:14,2,Supply Bolt Piston [ML],HEARTBEAT,1,0,0,-114,-2.25
2026-09-09 00:16:25,2,Supply Bolt Piston [ML],HEARTBEAT,1,0,0,-115,-1.75
2026-09-09 00:16:35,2,Supply Bolt Piston [ML],HEARTBEAT,1,0,0,-114,0
2026-09-09 00:16:46,2,Supply Bolt Piston [ML],HEARTBEAT,1,0,0,-115,-1.5
2026-09-09 00:16:56,2,Supply Bolt Piston [ML],HEARTBEAT,1,0,0,-114,0.5
2026-09-09 00:17:06,2,Supply Bolt Piston [ML],HEARTBEAT,1,0,0,-115,-1.75
2026-09-09 00:17:17,2,Supply Bolt Piston [ML],HEARTBEAT,1,0,0,-115,-1.5
2026-09-09 00:17:27,2,Supply Bolt Piston [ML],HEARTBEAT,1,0,0,-114,0.5
2026-09-09 00:17:38,2,Supply Bolt Piston [ML],HEARTBEAT,1,0,0,-116,-2.75
2026-09-09 00:17:48,2,Supply Bolt Piston [ML],HEARTBEAT,1,0,0,-113,0.5
2026-09-09 00:17:58,2,Supply Bolt Piston [ML],HEARTBEAT,1,0,0,-116,-1.75
2026-09-09 00:18:09,2,Supply Bolt Piston [ML],HEARTBEAT,1,0,0,-114,-4
2026-09-09 00:18:19,2,Supply Bolt Piston [ML],HEARTBEAT,1,0,0,-114,-1.25
2026-09-09 00:18:30,2,Supply Bolt Piston [ML],HEARTBEAT,1,0,0,-116,-2.5
2026-09-09 00:18:40,2,Supply Bolt Piston [ML],HEARTBEAT,1,0,0,-114,-0.5
2026-09-09 00:18:50,2,Supply Bolt Piston [ML],HEARTBEAT,1,0,0,-116,-3.25
2026-09-09 00:19:01,2,Supply Bolt Piston [ML],HEARTBEAT,1,0,0,-116,-2.75
2026-09-09 00:19:11,2,Supply Bolt Piston [ML],HEARTBEAT,1,0,0,-115,-0.75
2026-09-09 00:19:22,2,Supply Bolt Piston [ML],HEARTBEAT,1,0,0,-117,-2.25
2026-09-09 00:19:32,2,Supply Bolt Piston [ML],HEARTBEAT,1,0,0,-115,-1.5
2026-09-09 00:19:42,2,Supply Bolt Piston [ML],HEARTBEAT,1,0,0,-116,-2.75
2026-09-09 00:19:53,2,Supply Bolt Piston [ML],HEARTBEAT,1,0,0,-117,-3.75
2026-09-09 00:20:03,2,Supply Bolt Piston [ML],HEARTBEAT,1,0,0,-115,-0.75
2026-09-09 00:20:14,2,Supply Bolt Piston [ML],HEARTBEAT,1,0,0,-115,-1.75
2026-09-09 00:20:24,2,Supply Bolt Piston [ML],HEARTBEAT,1,0,0,-114,-1.5
2026-09-09 00:20:35,2,Supply Bolt Piston [ML],HEARTBEAT,1,0,0,-117,-2.75
2026-09-09 00:20:45,2,Supply Bolt Piston [ML],HEARTBEAT,1,0,0,-115,-1.25
2026-09-09 00:20:55,2,Supply Bolt Piston [ML],HEARTBEAT,1,0,0,-115,-0.75
2026-09-09 00:21:06,2,Supply Bolt Piston [ML],HEARTBEAT,1,0,0,-116,-1.75
2026-09-09 00:21:16,2,Supply Bolt Piston [ML],HEARTBEAT,1,0,0,-114,-2
2026-09-09 00:21:27,2,Supply Bolt Piston [ML],HEARTBEAT,1,0,0,-117,-2.75
2026-09-09 00:21:37,2,Supply Bolt Piston [ML],HEARTBEAT,1,0,0,-116,-2.25
2026-09-09 00:21:47,2,Supply Bolt Piston [ML],HEARTBEAT,1,0,0,-116,-1.75
2026-09-09 00:21:58,2,Supply Bolt Piston [ML],HEARTBEAT,1,0,0,-117,-2.75
2026-09-09 00:22:08,2,Supply Bolt Piston [ML],HEARTBEAT,1,0,0,-117,-2
2026-09-09 00:22:19,2,Supply Bolt Piston [ML],HEARTBEAT,1,0,0,-114,-5.25
2026-09-09 00:22:29,2,Supply Bolt Piston [ML],HEARTBEAT,1,0,0,-116,-1.25
2026-09-09 00:22:39,2,Supply Bolt Piston [ML],HEARTBEAT,1,0,0,-115,-1
2026-09-09 00:22:50,2,Supply Bolt Piston [ML],HEARTBEAT,1,0,0,-117,-4
2026-09-09 00:23:00,2,Supply Bolt Piston [ML],HEARTBEAT,1,0,0,-114,-1.25
2026-09-09 00:23:11,2,Supply Bolt Piston [ML],HEARTBEAT,1,0,0,-117,-3
2026-09-09 00:23:21,2,Supply Bolt Piston [ML],HEARTBEAT,1,0,0,-114,-1
2026-09-09 00:23:31,2,Supply Bolt Piston [ML],HEARTBEAT,1,0,0,-116,-2.25
2026-09-09 00:23:42,2,Supply Bolt Piston [ML],HEARTBEAT,1,0,0,-118,-3.5
2026-09-09 00:23:52,2,Supply Bolt Piston [ML],HEARTBEAT,1,0,0,-115,-2
2026-09-09 00:24:03,2,Supply Bolt Piston [ML],HEARTBEAT,1,0,0,-117,-3
2026-09-09 00:24:13,2,Supply Bolt Piston [ML],HEARTBEAT,1,0,0,-115,-2.5
2026-09-09 00:24:23,2,Supply Bolt Piston [ML],HEARTBEAT,1,0,0,-117,-3
2026-09-09 00:24:34,2,Supply Bolt Piston [ML],HEARTBEAT,1,0,0,-116,-2.5
2026-09-09 00:24:44,2,Supply Bolt Piston [ML],HEARTBEAT,1,0,0,-118,-4
2026-09-09 00:24:55,2,Supply Bolt Piston [ML],HEARTBEAT,1,0,0,-115,-2.75
2026-09-09 00:25:05,2,Supply Bolt Piston [ML],HEARTBEAT,1,0,0,-114,0
2026-09-09 00:25:15,2,Supply Bolt Piston [ML],HEARTBEAT,1,0,0,-115,-1.5
2026-09-09 00:25:26,2,Supply Bolt Piston [ML],HEARTBEAT,1,0,0,-116,-1.75
2026-09-09 00:25:36,2,Supply Bolt Piston [ML],HEARTBEAT,1,0,0,-114,-0.25
2026-09-09 00:25:47,2,Supply Bolt Piston [ML],HEARTBEAT,1,0,0,-116,-2.25
2026-09-09 00:25:57,2,Supply Bolt Piston [ML],HEARTBEAT,1,0,0,-109,-2.5
2026-09-09 00:26:07,2,Supply Bolt Piston [ML],HEARTBEAT,1,0,0,-116,-1.25
2026-09-09 00:26:18,2,Supply Bolt Piston [ML],HEARTBEAT,1,0,0,-115,-1
2026-09-09 00:26:28,2,Supply Bolt Piston [ML],HEARTBEAT,1,0,0,-114,0.25
2026-09-09 00:26:39,2,Supply Bolt Piston [ML],HEARTBEAT,1,0,0,-115,-1.5
2026-09-09 00:26:49,2,Supply Bolt Piston [ML],HEARTBEAT,1,0,0,-113,-2.75
2026-09-09 00:26:59,2,Supply Bolt Piston [ML],HEARTBEAT,1,0,0,-116,-2.5
2026-09-09 00:27:10,2,Supply Bolt Piston [ML],HEARTBEAT,1,0,0,-116,-2.25
2026-09-09 00:27:20,2,Supply Bolt Piston [ML],HEARTBEAT,1,0,0,-114,-0.25
2026-09-09 00:27:31,2,Supply Bolt Piston [ML],HEARTBEAT,1,0,0,-117,-3
2026-09-09 00:27:41,2,Supply Bolt Piston [ML],HEARTBEAT,1,0,0,-114,-1
2026-09-09 00:27:51,2,Supply Bolt Piston [ML],HEARTBEAT,1,0,0,-114,-4.25
2026-09-09 00:28:02,2,Supply Bolt Piston [ML],HEARTBEAT,1,0,0,-116,-1.5
2026-09-09 00:28:12,2,Supply Bolt Piston [ML],HEARTBEAT,1,0,0,-115,-0.25
2026-09-09 00:28:23,2,Supply Bolt Piston [ML],HEARTBEAT,1,0,0,-116,-2.5
2026-09-09 00:28:33,2,Supply Bolt Piston [ML],HEARTBEAT,1,0,0,-115,-0.5
2026-09-09 00:28:43,2,Supply Bolt Piston [ML],HEARTBEAT,1,0,0,-115,-1.25
2026-09-09 00:28:54,2,Supply Bolt Piston [ML],HEARTBEAT,1,0,0,-114,0.25
2026-09-09 00:29:04,2,Supply Bolt Piston [ML],HEARTBEAT,1,0,0,-114,0.25
2026-09-09 00:29:15,2,Supply Bolt Piston [ML],HEARTBEAT,1,0,0,-116,-2
2026-09-09 00:29:25,2,Supply Bolt Piston [ML],HEARTBEAT,1,0,0,-114,-0.25
2026-09-09 00:29:35,2,Supply Bolt Piston [ML],HEARTBEAT,1,0,0,-115,-2.25
2026-09-09 00:29:46,2,Supply Bolt Piston [ML],HEARTBEAT,1,0,0,-114,-0.5
2026-09-09 00:29:56,2,Supply Bolt Piston [ML],HEARTBEAT,1,0,0,-115,-1
2026-09-09 00:30:07,2,Supply Bolt Piston [ML],HEARTBEAT,1,0,0,-115,-1.75
2026-09-09 00:30:17,2,Supply Bolt Piston [ML],HEARTBEAT,1,0,0,-114,-0.25
2026-09-09 00:30:27,2,Supply Bolt Piston [ML],HEARTBEAT,1,0,0,-116,-2
2026-09-09 00:30:38,2,Supply Bolt Piston [ML],HEARTBEAT,1,0,0,-114,-1
2026-09-09 00:30:48,2,Supply Bolt Piston [ML],HEARTBEAT,1,0,0,-114,-0.25
2026-09-09 00:30:59,2,Supply Bolt Piston [ML],HEARTBEAT,1,0,0,-115,-0.5
2026-09-09 00:31:09,2,Supply Bolt Piston [ML],HEARTBEAT,1,0,0,-112,-1
2026-09-09 00:31:19,2,Supply Bolt Piston [ML],HEARTBEAT,1,0,0,-116,-2.25
2026-09-09 00:31:30,2,Supply Bolt Piston [ML],HEARTBEAT,1,0,0,-114,0
2026-09-09 00:31:40,2,Supply Bolt Piston [ML],HEARTBEAT,1,0,0,-114,-0.5
2026-09-09 00:31:51,2,Supply Bolt Piston [ML],HEARTBEAT,1,0,0,-110,-3.5
2026-09-09 00:32:01,2,Supply Bolt Piston [ML],HEARTBEAT,1,0,0,-114,0.25
2026-09-09 00:32:12,2,Supply Bolt Piston [ML],HEARTBEAT,1,0,0,-116,-1.75
2026-09-09 00:32:22,2,Supply Bolt Piston [ML],HEARTBEAT,1,0,0,-113,-1.75
2026-09-09 00:32:32,2,Supply Bolt Piston [ML],HEARTBEAT,1,0,0,-115,-1.5
2026-09-09 00:32:43,2,Supply Bolt Piston [ML],HEARTBEAT,1,0,0,-115,-1.25
2026-09-09 00:32:53,2,Supply Bolt Piston [ML],HEARTBEAT,1,0,0,-113,0.5
2026-09-09 00:33:04,2,Supply Bolt Piston [ML],HEARTBEAT,1,0,0,-115,-1
2026-09-09 00:33:14,2,Supply Bolt Piston [ML],HEARTBEAT,1,0,0,-111,-1.75
2026-09-09 00:33:24,2,Supply Bolt Piston [ML],HEARTBEAT,1,0,0,-115,-0.5
2026-09-09 00:33:45,2,Supply Bolt Piston [ML],HEARTBEAT,1,0,0,-113,0.25
2026-09-09 00:33:56,2,Supply Bolt Piston [ML],HEARTBEAT,1,0,0,-115,-1.25
2026-09-09 00:34:06,2,Supply Bolt Piston [ML],HEARTBEAT,1,0,0,-114,-0.25
2026-09-09 00:34:16,2,Supply Bolt Piston [ML],HEARTBEAT,1,0,0,-115,-1.25
2026-09-09 00:34:27,2,Supply Bolt Piston [ML],HEARTBEAT,1,0,0,-114,-1.5
2026-09-09 00:34:37,2,Supply Bolt Piston [ML],HEARTBEAT,1,0,0,-113,0
2026-09-09 00:34:48,2,Supply Bolt Piston [ML],HEARTBEAT,1,0,0,-117,-3.25
2026-09-09 00:34:58,2,Supply Bolt Piston [ML],HEARTBEAT,1,0,0,-115,-0.25
2026-09-09 00:35:08,2,Supply Bolt Piston [ML],HEARTBEAT,1,0,0,-116,-2.25
2026-09-09 00:35:19,2,Supply Bolt Piston [ML],HEARTBEAT,1,0,0,-115,-1
2026-09-09 00:35:29,2,Supply Bolt Piston [ML],HEARTBEAT,1,0,0,-114,0
2026-09-09 00:35:40,2,Supply Bolt Piston [ML],HEARTBEAT,1,0,0,-115,-1.25
2026-09-09 00:35:50,2,Supply Bolt Piston [ML],HEARTBEAT,1,0,0,-113,-0.5
2026-09-09 00:36:00,2,Supply Bolt Piston [ML],HEARTBEAT,1,0,0,-114,-2
2026-09-09 00:36:11,2,Supply Bolt Piston [ML],HEARTBEAT,1,0,0,-114,0.25
2026-09-09 00:36:21,2,Supply Bolt Piston [ML],HEARTBEAT,1,0,0,-111,0
2026-09-09 00:36:32,2,Supply Bolt Piston [ML],HEARTBEAT,1,0,0,-113,-2.75
2026-09-09 00:36:42,2,Supply Bolt Piston [ML],HEARTBEAT,1,0,0,-113,0.25
2026-09-09 00:36:52,2,Supply Bolt Piston [ML],HEARTBEAT,1,0,0,-112,0
2026-09-09 00:37:03,2,Supply Bolt Piston [ML],HEARTBEAT,1,0,0,-113,0.25
2026-09-09 00:37:13,2,Supply Bolt Piston [ML],HEARTBEAT,1,0,0,-114,0.5
2026-09-09 00:37:24,2,Supply Bolt Piston [ML],HEARTBEAT,1,0,0,-114,-0.5
2026-09-09 00:37:34,2,Supply Bolt Piston [ML],HEARTBEAT,1,0,0,-112,1.75
2026-09-09 00:37:44,2,Supply Bolt Piston [ML],HEARTBEAT,1,0,0,-117,-2.25
2026-09-09 00:37:55,2,Supply Bolt Piston [ML],HEARTBEAT,1,0,0,-113,0.25
2026-09-09 00:38:05,2,Supply Bolt Piston [ML],HEARTBEAT,1,0,0,-114,0.25
2026-09-09 00:38:16,2,Supply Bolt Piston [ML],HEARTBEAT,1,0,0,-114,-0.5
2026-09-09 00:38:26,2,Supply Bolt Piston [ML],HEARTBEAT,1,0,0,-111,1.25
2026-09-09 00:38:36,2,Supply Bolt Piston [ML],HEARTBEAT,1,0,0,-111,0.75
2026-09-09 00:38:47,2,Supply Bolt Piston [ML],HEARTBEAT,1,0,0,-115,-1.25
2026-09-09 00:38:57,2,Supply Bolt Piston [ML],HEARTBEAT,1,0,0,-115,-0.5
2026-09-09 00:39:08,2,Supply Bolt Piston [ML],HEARTBEAT,1,0,0,-118,-4.5
2026-09-09 00:39:18,2,Supply Bolt Piston [ML],HEARTBEAT,1,0,0,-116,-1.5
2026-09-09 00:39:28,2,Supply Bolt Piston [ML],HEARTBEAT,1,0,0,-116,-2.5
2026-09-09 00:39:39,2,Supply Bolt Piston [ML],HEARTBEAT,1,0,0,-118,-4
2026-09-09 00:39:49,2,Supply Bolt Piston [ML],HEARTBEAT,1,0,0,-111,2.25
2026-09-09 00:40:00,2,Supply Bolt Piston [ML],HEARTBEAT,1,0,0,-116,-2.25
2026-09-09 00:40:10,2,Supply Bolt Piston [ML],HEARTBEAT,1,0,0,-112,-0.5
2026-09-09 00:40:20,2,Supply Bolt Piston [ML],HEARTBEAT,1,0,0,-116,-2.75
2026-09-09 00:40:31,2,Supply Bolt Piston [ML],HEARTBEAT,1,0,0,-120,-6.5
2026-09-09 00:40:41,2,Supply Bolt Piston [ML],HEARTBEAT,1,0,0,-119,-5.5
2026-09-09 00:40:52,2,Supply Bolt Piston [ML],HEARTBEAT,1,0,0,-113,-1
2026-09-09 00:41:02,2,Supply Bolt Piston [ML],HEARTBEAT,1,0,0,-126,-11.75
2026-09-09 00:41:12,2,Supply Bolt Piston [ML],HEARTBEAT,1,0,0,-125,-11.25
2026-09-09 00:41:23,2,Supply Bolt Piston [ML],HEARTBEAT,1,0,0,-113,-0.25
2026-09-09 00:41:33,2,Supply Bolt Piston [ML],HEARTBEAT,1,0,0,-117,-3.25
2026-09-09 00:41:44,2,Supply Bolt Piston [ML],HEARTBEAT,1,0,0,-122,-7.75
2026-09-09 00:41:54,2,Supply Bolt Piston [ML],HEARTBEAT,1,0,0,-109,4.5
2026-09-09 00:42:05,2,Supply Bolt Piston [ML],HEARTBEAT,1,0,0,-120,-6
2026-09-09 00:42:36,2,Supply Bolt Piston [ML],HEARTBEAT,1,0,0,-114,-0.5
2026-09-09 00:42:43,2,Supply Bolt Piston [ML],HEARTBEAT,1,0,1,-110,3.75
2026-09-09 00:42:43,2,Supply Bolt Piston [ML],MANUAL_MODE,1,0,1,-110,3.75
2026-09-09 00:42:51,2,Supply Bolt Piston [ML],HEARTBEAT,1,0,0,-112,2
2026-09-09 00:42:51,2,Supply Bolt Piston [ML],AUTO_MODE,1,0,0,-112,2
2026-09-09 00:43:12,2,Supply Bolt Piston [ML],HEARTBEAT,1,0,0,-114,-0.75
2026-09-09 00:43:23,2,Supply Bolt Piston [ML],HEARTBEAT,1,0,0,-110,2.25
2026-09-09 00:43:33,2,Supply Bolt Piston [ML],HEARTBEAT,1,0,0,-104,7.75
2026-09-09 00:43:43,2,Supply Bolt Piston [ML],HEARTBEAT,1,0,0,-118,-4.25
2026-09-09 00:43:54,2,Supply Bolt Piston [ML],HEARTBEAT,1,0,0,-109,4
2026-09-09 00:44:04,2,Supply Bolt Piston [ML],HEARTBEAT,1,0,0,-110,2.5
2026-09-09 00:44:15,2,Supply Bolt Piston [ML],HEARTBEAT,1,0,0,-112,2.25
2026-09-09 00:44:25,2,Supply Bolt Piston [ML],HEARTBEAT,1,0,0,-111,2.75
2026-09-09 00:44:35,2,Supply Bolt Piston [ML],HEARTBEAT,1,0,0,-114,0.25
2026-09-09 00:44:46,2,Supply Bolt Piston [ML],HEARTBEAT,1,0,0,-113,1
2026-09-09 00:44:56,2,Supply Bolt Piston [ML],HEARTBEAT,1,0,0,-109,4.25
2026-09-09 00:45:07,2,Supply Bolt Piston [ML],HEARTBEAT,1,0,0,-108,4.5
2026-09-09 00:45:17,2,Supply Bolt Piston [ML],HEARTBEAT,1,0,0,-106,0.5
2026-09-09 00:45:27,2,Supply Bolt Piston [ML],HEARTBEAT,1,0,0,-110,2.75
2026-09-09 00:45:38,2,Supply Bolt Piston [ML],HEARTBEAT,1,0,0,-106,6.25
2026-09-09 00:45:48,2,Supply Bolt Piston [ML],HEARTBEAT,1,0,0,-109,3
2026-09-09 00:45:59,2,Supply Bolt Piston [ML],HEARTBEAT,1,0,0,-107,6
2026-09-09 00:46:09,2,Supply Bolt Piston [ML],HEARTBEAT,1,0,0,-106,6.75
2026-09-09 00:46:20,2,Supply Bolt Piston [ML],HEARTBEAT,1,0,0,-106,6.25
2026-09-09 00:46:30,2,Supply Bolt Piston [ML],HEARTBEAT,1,0,0,-108,4.5
2026-09-09 00:46:40,2,Supply Bolt Piston [ML],HEARTBEAT,1,0,0,-110,2.75
2026-09-09 00:46:51,2,Supply Bolt Piston [ML],HEARTBEAT,1,0,0,-108,5.5
2026-09-09 00:47:01,2,Supply Bolt Piston [ML],HEARTBEAT,1,0,0,-108,4.75
2026-09-09 00:47:12,2,Supply Bolt Piston [ML],HEARTBEAT,1,0,0,-109,3.75
2026-09-09 00:47:22,2,Supply Bolt Piston [ML],HEARTBEAT,1,0,0,-107,3.75
2026-09-09 00:47:32,2,Supply Bolt Piston [ML],HEARTBEAT,1,0,0,-106,6
2026-09-09 00:47:43,2,Supply Bolt Piston [ML],HEARTBEAT,1,0,0,-106,6.75
2026-09-09 00:47:48,2,Supply Bolt Piston [ML],HEARTBEAT,1,0,1,-104,7
2026-09-09 00:47:48,2,Supply Bolt Piston [ML],MANUAL_MODE,1,0,1,-104,7
2026-09-09 00:47:58,2,Supply Bolt Piston [ML],HEARTBEAT,1,0,1,-103,6
2026-09-09 00:48:00,2,Supply Bolt Piston [ML],HEARTBEAT,1,0,0,-103,7.5
2026-09-09 00:48:00,2,Supply Bolt Piston [ML],AUTO_MODE,1,0,0,-103,7.5
2026-09-09 00:48:10,2,Supply Bolt Piston [ML],HEARTBEAT,1,0,0,-107,5
2026-09-09 00:48:20,2,Supply Bolt Piston [ML],HEARTBEAT,1,0,0,-108,5
2026-09-09 00:48:31,2,Supply Bolt Piston [ML],HEARTBEAT,1,0,0,-103,8.5
2026-09-09 00:48:41,2,Supply Bolt Piston [ML],HEARTBEAT,1,0,0,-104,7.25
2026-09-09 00:48:52,2,Supply Bolt Piston [ML],HEARTBEAT,1,0,0,-105,6
2026-09-09 00:49:02,2,Supply Bolt Piston [ML],HEARTBEAT,1,0,0,-102,5
2026-09-09 00:49:12,2,Supply Bolt Piston [ML],HEARTBEAT,1,0,0,-105,6.75
2026-09-09 00:49:23,2,Supply Bolt Piston [ML],HEARTBEAT,1,0,0,-104,8.25
2026-09-09 00:49:33,2,Supply Bolt Piston [ML],HEARTBEAT,1,0,0,-105,6.75
2026-09-09 00:49:44,2,Supply Bolt Piston [ML],HEARTBEAT,1,0,0,-109,1
2026-09-09 00:49:54,2,Supply Bolt Piston [ML],HEARTBEAT,1,0,0,-108,5
2026-09-09 00:50:04,2,Supply Bolt Piston [ML],HEARTBEAT,1,0,0,-107,6
2026-09-09 00:50:15,2,Supply Bolt Piston [ML],HEARTBEAT,1,0,0,-104,6.25
2026-09-09 00:50:25,2,Supply Bolt Piston [ML],HEARTBEAT,1,0,0,-104,6.5
2026-09-09 00:50:36,2,Supply Bolt Piston [ML],HEARTBEAT,1,0,0,-104,7.25
2026-09-09 00:50:46,2,Supply Bolt Piston [ML],HEARTBEAT,1,0,0,-104,6.5
2026-09-09 00:50:57,2,Supply Bolt Piston [ML],HEARTBEAT,1,0,0,-104,7.5
2026-09-09 00:51:07,2,Supply Bolt Piston [ML],HEARTBEAT,1,0,0,-104,6
2026-09-09 00:51:17,2,Supply Bolt Piston [ML],HEARTBEAT,1,0,0,-102,7
2026-09-09 00:51:28,2,Supply Bolt Piston [ML],HEARTBEAT,1,0,0,-103,8.25
2026-09-09 00:51:38,2,Supply Bolt Piston [ML],HEARTBEAT,1,0,0,-108,5
2026-09-09 00:51:49,2,Supply Bolt Piston [ML],HEARTBEAT,1,0,0,-106,6.5
2026-09-09 00:51:59,2,Supply Bolt Piston [ML],HEARTBEAT,1,0,0,-103,7.75
2026-09-09 00:52:09,2,Supply Bolt Piston [ML],HEARTBEAT,1,0,0,-104,4.75
2026-09-09 00:52:20,2,Supply Bolt Piston [ML],HEARTBEAT,1,0,0,-106,6.25
2026-09-09 00:52:30,2,Supply Bolt Piston [ML],HEARTBEAT,1,0,0,-106,6.25
2026-09-09 00:52:41,2,Supply Bolt Piston [ML],HEARTBEAT,1,0,0,-105,6.75
2026-09-09 00:52:51,2,Supply Bolt Piston [ML],HEARTBEAT,1,0,0,-108,5
2026-09-09 00:53:01,2,Supply Bolt Piston [ML],HEARTBEAT,1,0,0,-106,7
2026-09-09 00:53:12,2,Supply Bolt Piston [ML],HEARTBEAT,1,0,0,-104,7
2026-09-09 00:53:22,2,Supply Bolt Piston [ML],HEARTBEAT,1,0,0,-111,2.5
2026-09-09 00:53:33,2,Supply Bolt Piston [ML],HEARTBEAT,1,0,0,-108,5.5
2026-09-09 00:53:43,2,Supply Bolt Piston [ML],HEARTBEAT,1,0,0,-111,1
2026-09-09 00:53:53,2,Supply Bolt Piston [ML],HEARTBEAT,1,0,0,-111,-3.25
2026-09-09 00:54:04,2,Supply Bolt Piston [ML],HEARTBEAT,1,0,0,-108,4.75
2026-09-09 00:54:14,2,Supply Bolt Piston [ML],HEARTBEAT,1,0,0,-107,4.75
2026-09-09 00:54:25,2,Supply Bolt Piston [ML],HEARTBEAT,1,0,0,-110,2.75
2026-09-09 00:54:35,2,Supply Bolt Piston [ML],HEARTBEAT,1,0,0,-110,4.25
2026-09-09 00:54:45,2,Supply Bolt Piston [ML],HEARTBEAT,1,0,0,-107,5.75
2026-09-09 00:54:56,2,Supply Bolt Piston [ML],HEARTBEAT,1,0,0,-109,4.75
2026-09-09 00:55:06,2,Supply Bolt Piston [ML],HEARTBEAT,1,0,0,-107,2.5
2026-09-09 00:55:17,2,Supply Bolt Piston [ML],HEARTBEAT,1,0,0,-111,2
2026-09-09 00:55:27,2,Supply Bolt Piston [ML],HEARTBEAT,1,0,0,-111,2.5
2026-09-09 00:55:37,2,Supply Bolt Piston [ML],HEARTBEAT,1,0,0,-109,4.5
2026-09-09 00:55:48,2,Supply Bolt Piston [ML],HEARTBEAT,1,0,0,-110,3.75
2026-09-09 00:55:58,2,Supply Bolt Piston [ML],HEARTBEAT,1,0,0,-114,-0.25
2026-09-09 00:56:09,2,Supply Bolt Piston [ML],HEARTBEAT,1,0,0,-110,0
2026-09-09 00:56:19,2,Supply Bolt Piston [ML],HEARTBEAT,1,0,0,-111,1.5
2026-09-09 00:56:29,2,Supply Bolt Piston [ML],HEARTBEAT,1,0,0,-108,4.75
2026-09-09 00:56:40,2,Supply Bolt Piston [ML],HEARTBEAT,1,0,0,-104,6.5
2026-09-09 00:56:50,2,Supply Bolt Piston [ML],HEARTBEAT,1,0,0,-109,3.75
2026-09-09 00:57:01,2,Supply Bolt Piston [ML],HEARTBEAT,1,0,0,-109,4.5
2026-09-09 00:57:11,2,Supply Bolt Piston [ML],HEARTBEAT,1,0,0,-108,5
2026-09-09 00:57:21,2,Supply Bolt Piston [ML],HEARTBEAT,1,0,0,-108,4.25
2026-09-09 00:57:32,2,Supply Bolt Piston [ML],HEARTBEAT,1,0,0,-108,5.25
2026-09-09 00:57:42,2,Supply Bolt Piston [ML],HEARTBEAT,1,0,0,-109,-0.5
2026-09-09 00:57:53,2,Supply Bolt Piston [ML],HEARTBEAT,1,0,0,-109,4.25
2026-09-09 00:58:03,2,Supply Bolt Piston [ML],HEARTBEAT,1,0,0,-107,2.25
2026-09-09 00:58:13,2,Supply Bolt Piston [ML],HEARTBEAT,1,0,0,-107,6.25
2026-09-09 00:58:24,2,Supply Bolt Piston [ML],HEARTBEAT,1,0,0,-107,4
2026-09-09 00:58:34,2,Supply Bolt Piston [ML],HEARTBEAT,1,0,0,-107,3.25
2026-09-09 00:58:45,2,Supply Bolt Piston [ML],HEARTBEAT,1,0,0,-108,3.75
2026-09-09 00:58:55,2,Supply Bolt Piston [ML],HEARTBEAT,1,0,0,-112,1
2026-09-09 00:59:05,2,Supply Bolt Piston [ML],HEARTBEAT,1,0,0,-113,1.25
2026-09-09 00:59:16,2,Supply Bolt Piston [ML],HEARTBEAT,1,0,0,-105,6
2026-09-09 00:59:26,2,Supply Bolt Piston [ML],HEARTBEAT,1,0,0,-107,4.75
2026-09-09 00:59:37,2,Supply Bolt Piston [ML],HEARTBEAT,1,0,0,-101,8.5
2026-09-09 00:59:47,2,Supply Bolt Piston [ML],HEARTBEAT,1,0,0,-104,4.25
2026-09-09 00:59:58,2,Supply Bolt Piston [ML],HEARTBEAT,1,0,0,-108,4.5
2026-09-09 01:00:08,2,Supply Bolt Piston [ML],HEARTBEAT,1,0,0,-105,7.25
2026-09-09 01:00:18,2,Supply Bolt Piston [ML],HEARTBEAT,1,0,0,-106,5.75
2026-09-09 01:00:29,2,Supply Bolt Piston [ML],HEARTBEAT,1,0,0,-106,5.75
2026-09-09 01:00:39,2,Supply Bolt Piston [ML],HEARTBEAT,1,0,0,-109,3.75
2026-09-09 01:00:50,2,Supply Bolt Piston [ML],HEARTBEAT,1,0,0,-106,7.25
2026-09-09 01:01:00,2,Supply Bolt Piston [ML],HEARTBEAT,1,0,0,-105,7.25
2026-09-09 01:01:10,2,Supply Bolt Piston [ML],HEARTBEAT,1,0,0,-104,5
2026-09-09 01:01:21,2,Supply Bolt Piston [ML],HEARTBEAT,1,0,0,-114,0
2026-09-09 01:01:31,2,Supply Bolt Piston [ML],HEARTBEAT,1,0,0,-110,3.25
2026-09-09 01:01:42,2,Supply Bolt Piston [ML],HEARTBEAT,1,0,0,-109,4
2026-09-09 01:01:52,2,Supply Bolt Piston [ML],HEARTBEAT,1,0,0,-110,3.5
2026-09-09 01:02:02,2,Supply Bolt Piston [ML],HEARTBEAT,1,0,0,-112,-2.5
2026-09-09 01:02:13,2,Supply Bolt Piston [ML],HEARTBEAT,1,0,0,-109,4.5
2026-09-09 01:02:23,2,Supply Bolt Piston [ML],HEARTBEAT,1,0,0,-105,7.25
2026-09-09 01:02:34,2,Supply Bolt Piston [ML],HEARTBEAT,1,0,0,-105,7
2026-09-09 01:02:44,2,Supply Bolt Piston [ML],HEARTBEAT,1,0,0,-105,4.75
2026-09-09 01:02:54,2,Supply Bolt Piston [ML],HEARTBEAT,1,0,0,-110,3.5
2026-09-09 01:03:05,2,Supply Bolt Piston [ML],HEARTBEAT,1,0,0,-104,6.75
2026-09-09 01:03:15,2,Supply Bolt Piston [ML],HEARTBEAT,1,0,0,-112,1.25
2026-09-09 01:03:26,2,Supply Bolt Piston [ML],HEARTBEAT,1,0,0,-107,6.5
2026-09-09 01:03:36,2,Supply Bolt Piston [ML],HEARTBEAT,1,0,0,-107,5.75
2026-09-09 01:03:46,2,Supply Bolt Piston [ML],HEARTBEAT,1,0,0,-105,6.75
2026-09-09 01:03:57,2,Supply Bolt Piston [ML],HEARTBEAT,1,0,0,-107,5.25
2026-09-09 01:04:07,2,Supply Bolt Piston [ML],HEARTBEAT,1,0,0,-110,2.5
2026-09-09 01:04:18,2,Supply Bolt Piston [ML],HEARTBEAT,1,0,0,-103,7.5
2026-09-09 01:04:28,2,Supply Bolt Piston [ML],HEARTBEAT,1,0,0,-107,5.75
2026-09-09 01:04:38,2,Supply Bolt Piston [ML],HEARTBEAT,1,0,0,-103,8.5
2026-09-09 01:04:49,2,Supply Bolt Piston [ML],HEARTBEAT,1,0,0,-103,6.25
2026-09-09 01:04:59,2,Supply Bolt Piston [ML],HEARTBEAT,1,0,0,-105,4.25
2026-09-09 01:05:10,2,Supply Bolt Piston [ML],HEARTBEAT,1,0,0,-106,6.25
2026-09-09 01:05:20,2,Supply Bolt Piston [ML],HEARTBEAT,1,0,0,-107,5.5
2026-09-09 01:05:30,2,Supply Bolt Piston [ML],HEARTBEAT,1,0,0,-107,5.5
2026-09-09 01:05:41,2,Supply Bolt Piston [ML],HEARTBEAT,1,0,0,-102,6.5
2026-09-09 01:05:51,2,Supply Bolt Piston [ML],HEARTBEAT,1,0,0,-103,8.75
2026-09-09 01:06:02,2,Supply Bolt Piston [ML],HEARTBEAT,1,0,0,-103,8.5
2026-09-09 01:06:12,2,Supply Bolt Piston [ML],HEARTBEAT,1,0,0,-103,8.5
2026-09-09 01:06:22,2,Supply Bolt Piston [ML],HEARTBEAT,1,0,0,-103,8.25
2026-09-09 01:06:33,2,Supply Bolt Piston [ML],HEARTBEAT,1,0,0,-105,7
2026-09-09 01:06:43,2,Supply Bolt Piston [ML],HEARTBEAT,1,0,0,-104,5.25
2026-09-09 01:06:54,2,Supply Bolt Piston [ML],HEARTBEAT,1,0,0,-104,7.5
2026-09-09 01:07:04,2,Supply Bolt Piston [ML],HEARTBEAT,1,0,0,-105,7.25
2026-09-09 01:07:14,2,Supply Bolt Piston [ML],HEARTBEAT,1,0,0,-104,7.25
2026-09-09 01:07:25,2,Supply Bolt Piston [ML],HEARTBEAT,1,0,0,-103,6.75
2026-09-09 01:07:35,2,Supply Bolt Piston [ML],HEARTBEAT,1,0,0,-107,6
2026-09-09 01:07:46,2,Supply Bolt Piston [ML],HEARTBEAT,1,0,0,-105,6.5
2026-09-09 01:07:56,2,Supply Bolt Piston [ML],HEARTBEAT,1,0,0,-107,5.25
2026-09-09 01:08:07,2,Supply Bolt Piston [ML],HEARTBEAT,1,0,0,-106,6.75
2026-09-09 01:08:17,2,Supply Bolt Piston [ML],HEARTBEAT,1,0,0,-104,7.25
2026-09-09 01:08:27,2,Supply Bolt Piston [ML],HEARTBEAT,1,0,0,-103,8.5
2026-09-09 01:08:38,2,Supply Bolt Piston [ML],HEARTBEAT,1,0,0,-108,4.75
2026-09-09 01:08:48,2,Supply Bolt Piston [ML],HEARTBEAT,1,0,0,-106,6.5
2026-09-09 01:08:59,2,Supply Bolt Piston [ML],HEARTBEAT,1,0,0,-106,6.25
2026-09-09 01:09:09,2,Supply Bolt Piston [ML],HEARTBEAT,1,0,0,-104,7.75
2026-09-09 01:09:19,2,Supply Bolt Piston [ML],HEARTBEAT,1,0,0,-106,5.75
2026-09-09 01:09:30,2,Supply Bolt Piston [ML],HEARTBEAT,1,0,0,-106,7
2026-09-09 01:09:40,2,Supply Bolt Piston [ML],HEARTBEAT,1,0,0,-106,6.75
2026-09-09 01:09:51,2,Supply Bolt Piston [ML],HEARTBEAT,1,0,0,-108,5.25
2026-09-09 01:10:01,2,Supply Bolt Piston [ML],HEARTBEAT,1,0,0,-103,7.25
2026-09-09 01:10:11,2,Supply Bolt Piston [ML],HEARTBEAT,1,0,0,-107,6
2026-09-09 01:10:22,2,Supply Bolt Piston [ML],HEARTBEAT,1,0,0,-112,1
2026-09-09 01:10:32,2,Supply Bolt Piston [ML],HEARTBEAT,1,0,0,-110,2.5
2026-09-09 01:10:43,2,Supply Bolt Piston [ML],HEARTBEAT,1,0,0,-110,4
2026-09-09 01:10:53,2,Supply Bolt Piston [ML],HEARTBEAT,1,0,0,-108,5
2026-09-09 01:11:03,2,Supply Bolt Piston [ML],HEARTBEAT,1,0,0,-107,4.75
2026-09-09 01:11:14,2,Supply Bolt Piston [ML],HEARTBEAT,1,0,0,-105,5.25
2026-09-09 01:11:24,2,Supply Bolt Piston [ML],HEARTBEAT,1,0,0,-102,4.5
2026-09-09 01:11:35,2,Supply Bolt Piston [ML],HEARTBEAT,1,0,0,-106,6
2026-09-09 01:11:45,2,Supply Bolt Piston [ML],HEARTBEAT,1,0,0,-112,1.25
2026-09-09 01:11:55,2,Supply Bolt Piston [ML],HEARTBEAT,1,0,0,-110,4
2026-09-09 01:12:06,2,Supply Bolt Piston [ML],HEARTBEAT,1,0,0,-110,3.5
2026-09-09 01:12:16,2,Supply Bolt Piston [ML],HEARTBEAT,1,0,0,-110,2.5
2026-09-09 01:12:27,2,Supply Bolt Piston [ML],HEARTBEAT,1,0,0,-108,1.5
2026-09-09 01:12:37,2,Supply Bolt Piston [ML],HEARTBEAT,1,0,0,-107,5.25
2026-09-09 01:12:47,2,Supply Bolt Piston [ML],HEARTBEAT,1,0,0,-112,1.75
2026-09-09 01:12:58,2,Supply Bolt Piston [ML],HEARTBEAT,1,0,0,-108,5
2026-09-09 01:13:08,2,Supply Bolt Piston [ML],HEARTBEAT,1,0,0,-110,3
2026-09-09 01:13:19,2,Supply Bolt Piston [ML],HEARTBEAT,1,0,0,-111,3
2026-09-09 01:13:29,2,Supply Bolt Piston [ML],HEARTBEAT,1,0,0,-114,-0.5
2026-09-09 01:13:39,2,Supply Bolt Piston [ML],HEARTBEAT,1,0,0,-107,5.25
2026-09-09 01:13:50,2,Supply Bolt Piston [ML],HEARTBEAT,1,0,0,-115,-2
2026-09-09 01:14:00,2,Supply Bolt Piston [ML],HEARTBEAT,1,0,0,-109,2.5
2026-09-09 01:14:11,2,Supply Bolt Piston [ML],HEARTBEAT,1,0,0,-110,3.25
2026-09-09 01:14:21,2,Supply Bolt Piston [ML],HEARTBEAT,1,0,0,-110,3.75
2026-09-09 01:14:31,2,Supply Bolt Piston [ML],HEARTBEAT,1,0,0,-109,4.5
2026-09-09 01:14:42,2,Supply Bolt Piston [ML],HEARTBEAT,1,0,0,-107,5.5
2026-09-09 01:14:52,2,Supply Bolt Piston [ML],HEARTBEAT,1,0,0,-105,7.5
2026-09-09 01:15:03,2,Supply Bolt Piston [ML],HEARTBEAT,1,0,0,-104,7
2026-09-09 01:15:13,2,Supply Bolt Piston [ML],HEARTBEAT,1,0,0,-105,7
2026-09-09 01:15:23,2,Supply Bolt Piston [ML],HEARTBEAT,1,0,0,-103,7.75
2026-09-09 01:15:34,2,Supply Bolt Piston [ML],HEARTBEAT,1,0,0,-105,5.75
2026-09-09 01:15:44,2,Supply Bolt Piston [ML],HEARTBEAT,1,0,0,-106,6.5
2026-09-09 01:15:55,2,Supply Bolt Piston [ML],HEARTBEAT,1,0,0,-104,7
2026-09-09 01:16:05,2,Supply Bolt Piston [ML],HEARTBEAT,1,0,0,-106,6.75
2026-09-09 01:16:16,2,Supply Bolt Piston [ML],HEARTBEAT,1,0,0,-103,7
2026-09-09 01:16:26,2,Supply Bolt Piston [ML],HEARTBEAT,1,0,0,-105,6.75
2026-09-09 01:16:36,2,Supply Bolt Piston [ML],HEARTBEAT,1,0,0,-103,7
2026-09-09 01:16:47,2,Supply Bolt Piston [ML],HEARTBEAT,1,0,0,-106,6
2026-09-09 01:16:57,2,Supply Bolt Piston [ML],HEARTBEAT,1,0,0,-106,6.5
2026-09-09 01:17:08,2,Supply Bolt Piston [ML],HEARTBEAT,1,0,0,-108,3.75
2026-09-09 01:17:18,2,Supply Bolt Piston [ML],HEARTBEAT,1,0,0,-106,7.25
2026-09-09 01:17:28,2,Supply Bolt Piston [ML],HEARTBEAT,1,0,0,-105,7.25
2026-09-09 01:17:39,2,Supply Bolt Piston [ML],HEARTBEAT,1,0,0,-104,7.25
2026-09-09 01:17:49,2,Supply Bolt Piston [ML],HEARTBEAT,1,0,0,-108,5.25
2026-09-09 01:18:00,2,Supply Bolt Piston [ML],HEARTBEAT,1,0,0,-104,4.25
2026-09-09 01:18:10,2,Supply Bolt Piston [ML],HEARTBEAT,1,0,0,-104,7.5
2026-09-09 01:18:20,2,Supply Bolt Piston [ML],HEARTBEAT,1,0,0,-108,5
2026-09-09 01:18:31,2,Supply Bolt Piston [ML],HEARTBEAT,1,0,0,-103,5.75
2026-09-09 01:18:41,2,Supply Bolt Piston [ML],HEARTBEAT,1,0,0,-105,6.75
2026-09-09 01:18:52,2,Supply Bolt Piston [ML],HEARTBEAT,1,0,0,-105,5.5
2026-09-09 01:19:02,2,Supply Bolt Piston [ML],HEARTBEAT,1,0,0,-105,7.25
2026-09-09 01:19:12,2,Supply Bolt Piston [ML],HEARTBEAT,1,0,0,-107,6.25
2026-09-09 01:19:23,2,Supply Bolt Piston [ML],HEARTBEAT,1,0,0,-109,4.25
2026-09-09 01:19:33,2,Supply Bolt Piston [ML],HEARTBEAT,1,0,0,-109,4.5
2026-09-09 01:19:44,2,Supply Bolt Piston [ML],HEARTBEAT,1,0,0,-108,4.75
2026-09-09 01:19:54,2,Supply Bolt Piston [ML],HEARTBEAT,1,0,0,-109,4.5
2026-09-09 01:20:04,2,Supply Bolt Piston [ML],HEARTBEAT,1,0,0,-107,6
2026-09-09 01:20:15,2,Supply Bolt Piston [ML],HEARTBEAT,1,0,0,-107,2.5
2026-09-09 01:20:25,2,Supply Bolt Piston [ML],HEARTBEAT,1,0,0,-107,4.5
2026-09-09 01:20:36,2,Supply Bolt Piston [ML],HEARTBEAT,1,0,0,-103,8
2026-09-09 01:20:46,2,Supply Bolt Piston [ML],HEARTBEAT,1,0,0,-103,7.75
2026-09-09 01:20:56,2,Supply Bolt Piston [ML],HEARTBEAT,1,0,0,-107,5
2026-09-09 01:21:07,2,Supply Bolt Piston [ML],HEARTBEAT,1,0,0,-106,7
2026-09-09 01:21:17,2,Supply Bolt Piston [ML],HEARTBEAT,1,0,0,-103,8
2026-09-09 01:21:28,2,Supply Bolt Piston [ML],HEARTBEAT,1,0,0,-104,7.5
2026-09-09 01:21:38,2,Supply Bolt Piston [ML],HEARTBEAT,1,0,0,-105,7.25
2026-09-09 01:21:48,2,Supply Bolt Piston [ML],HEARTBEAT,1,0,0,-104,8
2026-09-09 01:21:59,2,Supply Bolt Piston [ML],HEARTBEAT,1,0,0,-107,4.5
2026-09-09 01:22:09,2,Supply Bolt Piston [ML],HEARTBEAT,1,0,0,-107,3.5
2026-09-09 01:22:20,2,Supply Bolt Piston [ML],HEARTBEAT,1,0,0,-106,7
2026-09-09 01:22:30,2,Supply Bolt Piston [ML],HEARTBEAT,1,0,0,-106,6.5
2026-09-09 01:22:40,2,Supply Bolt Piston [ML],HEARTBEAT,1,0,0,-108,5.5
2026-09-09 01:22:51,2,Supply Bolt Piston [ML],HEARTBEAT,1,0,0,-102,8
2026-09-09 01:23:01,2,Supply Bolt Piston [ML],HEARTBEAT,1,0,0,-107,5.75
2026-09-09 01:23:12,2,Supply Bolt Piston [ML],HEARTBEAT,1,0,0,-105,7
2026-09-09 01:23:22,2,Supply Bolt Piston [ML],HEARTBEAT,1,0,0,-104,5.25
2026-09-09 01:23:32,2,Supply Bolt Piston [ML],HEARTBEAT,1,0,0,-106,6.5
2026-09-09 01:23:43,2,Supply Bolt Piston [ML],HEARTBEAT,1,0,0,-105,6.25
2026-09-09 01:23:53,2,Supply Bolt Piston [ML],HEARTBEAT,1,0,0,-107,3.75
2026-09-09 01:24:04,2,Supply Bolt Piston [ML],HEARTBEAT,1,0,0,-106,7
2026-09-09 01:24:14,2,Supply Bolt Piston [ML],HEARTBEAT,1,0,0,-103,7.75
2026-09-09 01:24:25,2,Supply Bolt Piston [ML],HEARTBEAT,1,0,0,-104,6.25
2026-09-09 01:24:35,2,Supply Bolt Piston [ML],HEARTBEAT,1,0,0,-105,6.25
2026-09-09 01:24:45,2,Supply Bolt Piston [ML],HEARTBEAT,1,0,0,-107,5.25
2026-09-09 01:24:56,2,Supply Bolt Piston [ML],HEARTBEAT,1,0,0,-104,7.25
2026-09-09 01:25:06,2,Supply Bolt Piston [ML],HEARTBEAT,1,0,0,-103,8.75
2026-09-09 01:25:17,2,Supply Bolt Piston [ML],HEARTBEAT,1,0,0,-103,8.5
2026-09-09 01:25:27,2,Supply Bolt Piston [ML],HEARTBEAT,1,0,0,-106,5.75
2026-09-09 01:25:37,2,Supply Bolt Piston [ML],HEARTBEAT,1,0,0,-103,8.5
2026-09-09 01:25:48,2,Supply Bolt Piston [ML],HEARTBEAT,1,0,0,-103,8.75
2026-09-09 01:25:58,2,Supply Bolt Piston [ML],HEARTBEAT,1,0,0,-106,6
2026-09-09 01:26:09,2,Supply Bolt Piston [ML],HEARTBEAT,1,0,0,-105,6.75
2026-09-09 01:26:19,2,Supply Bolt Piston [ML],HEARTBEAT,1,0,0,-110,2.25
2026-09-09 01:26:29,2,Supply Bolt Piston [ML],HEARTBEAT,1,0,0,-112,1.75
2026-09-09 01:26:40,2,Supply Bolt Piston [ML],HEARTBEAT,1,0,0,-105,3.75
2026-09-09 01:26:50,2,Supply Bolt Piston [ML],HEARTBEAT,1,0,0,-109,4.5
2026-09-09 01:27:11,2,Supply Bolt Piston [ML],HEARTBEAT,1,0,0,-116,-2
2026-09-09 01:27:21,2,Supply Bolt Piston [ML],HEARTBEAT,1,0,0,-117,-3.25
2026-09-09 01:27:42,2,Supply Bolt Piston [ML],HEARTBEAT,1,0,0,-116,-2.75
2026-09-09 01:27:53,2,Supply Bolt Piston [ML],HEARTBEAT,1,0,0,-109,3.25
2026-09-09 01:28:03,2,Supply Bolt Piston [ML],HEARTBEAT,1,0,0,-110,2.75
2026-09-09 01:28:13,2,Supply Bolt Piston [ML],HEARTBEAT,1,0,0,-111,0
2026-09-09 01:28:24,2,Supply Bolt Piston [ML],HEARTBEAT,1,0,0,-113,0.75
2026-09-09 01:28:34,2,Supply Bolt Piston [ML],HEARTBEAT,1,0,0,-118,-5
2026-09-09 01:28:45,2,Supply Bolt Piston [ML],HEARTBEAT,1,0,0,-110,3.5
2026-09-09 01:28:55,2,Supply Bolt Piston [ML],HEARTBEAT,1,0,0,-111,2.25
2026-09-09 01:29:05,2,Supply Bolt Piston [ML],HEARTBEAT,1,0,0,-111,2.75
2026-09-09 01:29:16,2,Supply Bolt Piston [ML],HEARTBEAT,1,0,0,-110,3
2026-09-09 01:29:26,2,Supply Bolt Piston [ML],HEARTBEAT,1,0,0,-113,0.25
2026-09-09 01:29:37,2,Supply Bolt Piston [ML],HEARTBEAT,1,0,0,-111,1.25
2026-09-09 01:29:47,2,Supply Bolt Piston [ML],HEARTBEAT,1,0,0,-110,3
2026-09-09 01:29:57,2,Supply Bolt Piston [ML],HEARTBEAT,1,0,0,-111,2.5
2026-09-09 01:30:08,2,Supply Bolt Piston [ML],HEARTBEAT,1,0,0,-105,6.75
2026-09-09 01:30:18,2,Supply Bolt Piston [ML],HEARTBEAT,1,0,0,-109,2
2026-09-09 01:30:29,2,Supply Bolt Piston [ML],HEARTBEAT,1,0,0,-108,5.5
2026-09-09 01:30:39,2,Supply Bolt Piston [ML],HEARTBEAT,1,0,0,-109,4.25
2026-09-09 01:30:49,2,Supply Bolt Piston [ML],HEARTBEAT,1,0,0,-107,6
2026-09-09 01:31:00,2,Supply Bolt Piston [ML],HEARTBEAT,1,0,0,-109,3.75
2026-09-09 01:31:10,2,Supply Bolt Piston [ML],HEARTBEAT,1,0,0,-111,3
2026-09-09 01:31:21,2,Supply Bolt Piston [ML],HEARTBEAT,1,0,0,-110,2.25
2026-09-09 01:31:31,2,Supply Bolt Piston [ML],HEARTBEAT,1,0,0,-107,5.75
2026-09-09 01:31:41,2,Supply Bolt Piston [ML],HEARTBEAT,1,0,0,-105,7
2026-09-09 01:31:52,2,Supply Bolt Piston [ML],HEARTBEAT,1,0,0,-107,6
2026-09-09 01:32:02,2,Supply Bolt Piston [ML],HEARTBEAT,1,0,0,-109,4.25
2026-09-09 01:32:13,2,Supply Bolt Piston [ML],HEARTBEAT,1,0,0,-107,5.75
2026-09-09 01:32:23,2,Supply Bolt Piston [ML],HEARTBEAT,1,0,0,-110,3
2026-09-09 01:32:34,2,Supply Bolt Piston [ML],HEARTBEAT,1,0,0,-108,3.5
2026-09-09 01:32:44,2,Supply Bolt Piston [ML],HEARTBEAT,1,0,0,-111,2.75
2026-09-09 01:32:54,2,Supply Bolt Piston [ML],HEARTBEAT,1,0,0,-106,5.25
2026-09-09 01:33:05,2,Supply Bolt Piston [ML],HEARTBEAT,1,0,0,-107,5.5
2026-09-09 01:33:15,2,Supply Bolt Piston [ML],HEARTBEAT,1,0,0,-109,4.5
2026-09-09 01:33:26,2,Supply Bolt Piston [ML],HEARTBEAT,1,0,0,-107,4.5
2026-09-09 01:33:36,2,Supply Bolt Piston [ML],HEARTBEAT,1,0,0,-108,4.5
2026-09-09 01:33:46,2,Supply Bolt Piston [ML],HEARTBEAT,1,0,0,-109,4
2026-09-09 01:33:57,2,Supply Bolt Piston [ML],HEARTBEAT,1,0,0,-112,-0.5
2026-09-09 01:34:07,2,Supply Bolt Piston [ML],HEARTBEAT,1,0,0,-112,1.5
2026-09-09 01:34:18,2,Supply Bolt Piston [ML],HEARTBEAT,1,0,0,-108,4.75
2026-09-09 01:34:28,2,Supply Bolt Piston [ML],HEARTBEAT,1,0,0,-106,6.25
2026-09-09 01:34:38,2,Supply Bolt Piston [ML],HEARTBEAT,1,0,0,-108,5
2026-09-09 01:34:49,2,Supply Bolt Piston [ML],HEARTBEAT,1,0,0,-107,5.75
2026-09-09 01:34:59,2,Supply Bolt Piston [ML],HEARTBEAT,1,0,0,-110,2.25
2026-09-09 01:35:10,2,Supply Bolt Piston [ML],HEARTBEAT,1,0,0,-106,6
2026-09-09 01:35:20,2,Supply Bolt Piston [ML],HEARTBEAT,1,0,0,-106,7
2026-09-09 01:35:30,2,Supply Bolt Piston [ML],HEARTBEAT,1,0,0,-108,4.5
2026-09-09 01:35:41,2,Supply Bolt Piston [ML],HEARTBEAT,1,0,0,-102,7.75
2026-09-09 01:35:51,2,Supply Bolt Piston [ML],HEARTBEAT,1,0,0,-107,6.25
2026-09-09 01:36:02,2,Supply Bolt Piston [ML],HEARTBEAT,1,0,0,-108,5
2026-09-09 01:36:12,2,Supply Bolt Piston [ML],HEARTBEAT,1,0,0,-110,4.25
2026-09-09 01:36:22,2,Supply Bolt Piston [ML],HEARTBEAT,1,0,0,-107,6.25
2026-09-09 01:36:33,2,Supply Bolt Piston [ML],HEARTBEAT,1,0,0,-107,5.25
2026-09-09 01:36:43,2,Supply Bolt Piston [ML],HEARTBEAT,1,0,0,-107,5.75
2026-09-09 01:36:54,2,Supply Bolt Piston [ML],HEARTBEAT,1,0,0,-111,3.25
2026-09-09 01:37:04,2,Supply Bolt Piston [ML],HEARTBEAT,1,0,0,-113,0.5
2026-09-09 01:37:14,2,Supply Bolt Piston [ML],HEARTBEAT,1,0,0,-112,2
2026-09-09 01:37:25,2,Supply Bolt Piston [ML],HEARTBEAT,1,0,0,-107,6.5
2026-09-09 01:37:35,2,Supply Bolt Piston [ML],HEARTBEAT,1,0,0,-109,4.5
2026-09-09 01:37:46,2,Supply Bolt Piston [ML],HEARTBEAT,1,0,0,-110,3
2026-09-09 01:37:56,2,Supply Bolt Piston [ML],HEARTBEAT,1,0,0,-107,6.25
2026-09-09 01:38:06,2,Supply Bolt Piston [ML],HEARTBEAT,1,0,0,-113,1.25
2026-09-09 01:38:17,2,Supply Bolt Piston [ML],HEARTBEAT,1,0,0,-107,4
2026-09-09 01:38:27,2,Supply Bolt Piston [ML],HEARTBEAT,1,0,0,-113,1.25
2026-09-09 01:38:38,2,Supply Bolt Piston [ML],HEARTBEAT,1,0,0,-112,1
2026-09-09 01:38:48,2,Supply Bolt Piston [ML],HEARTBEAT,1,0,0,-109,4.5
2026-09-09 01:38:58,2,Supply Bolt Piston [ML],HEARTBEAT,1,0,0,-108,4.5
2026-09-09 01:39:09,2,Supply Bolt Piston [ML],HEARTBEAT,1,0,0,-112,1.75
2026-09-09 01:39:19,2,Supply Bolt Piston [ML],HEARTBEAT,1,0,0,-110,2.75
2026-09-09 01:39:30,2,Supply Bolt Piston [ML],HEARTBEAT,1,0,0,-110,1.75
2026-09-09 01:39:40,2,Supply Bolt Piston [ML],HEARTBEAT,1,0,0,-114,-1
2026-09-09 01:39:50,2,Supply Bolt Piston [ML],HEARTBEAT,1,0,0,-111,3.25
2026-09-09 01:40:01,2,Supply Bolt Piston [ML],HEARTBEAT,1,0,0,-123,-9.75
2026-09-09 01:40:11,2,Supply Bolt Piston [ML],HEARTBEAT,1,0,0,-123,-9
2026-09-09 01:40:22,2,Supply Bolt Piston [ML],HEARTBEAT,1,0,0,-108,4.75
2026-09-09 01:40:32,2,Supply Bolt Piston [ML],HEARTBEAT,1,0,0,-111,2.75
2026-09-09 01:40:43,2,Supply Bolt Piston [ML],HEARTBEAT,1,0,0,-109,3.25
2026-09-09 01:40:53,2,Supply Bolt Piston [ML],HEARTBEAT,1,0,0,-111,3
2026-09-09 01:41:03,2,Supply Bolt Piston [ML],HEARTBEAT,1,0,0,-117,-3
2026-09-09 01:41:14,2,Supply Bolt Piston [ML],HEARTBEAT,1,0,0,-108,5
2026-09-09 01:41:24,2,Supply Bolt Piston [ML],HEARTBEAT,1,0,0,-109,4.25
2026-09-09 01:41:35,2,Supply Bolt Piston [ML],HEARTBEAT,1,0,0,-109,3.75
2026-09-09 01:41:45,2,Supply Bolt Piston [ML],HEARTBEAT,1,0,0,-107,4.5
2026-09-09 01:41:55,2,Supply Bolt Piston [ML],HEARTBEAT,1,0,0,-108,4.75
2026-09-09 01:42:06,2,Supply Bolt Piston [ML],HEARTBEAT,1,0,0,-107,5.5
2026-09-09 01:42:16,2,Supply Bolt Piston [ML],HEARTBEAT,1,0,0,-111,2.5
2026-09-09 01:42:27,2,Supply Bolt Piston [ML],HEARTBEAT,1,0,0,-103,8
2026-09-09 01:42:37,2,Supply Bolt Piston [ML],HEARTBEAT,1,0,0,-107,6
2026-09-09 01:42:47,2,Supply Bolt Piston [ML],HEARTBEAT,1,0,0,-102,8.25
2026-09-09 01:42:58,2,Supply Bolt Piston [ML],HEARTBEAT,1,0,0,-109,4
2026-09-09 01:43:08,2,Supply Bolt Piston [ML],HEARTBEAT,1,0,0,-110,3.75
2026-09-09 01:43:19,2,Supply Bolt Piston [ML],HEARTBEAT,1,0,0,-109,4
2026-09-09 01:43:29,2,Supply Bolt Piston [ML],HEARTBEAT,1,0,0,-105,7
2026-09-09 01:43:39,2,Supply Bolt Piston [ML],HEARTBEAT,1,0,0,-104,8
2026-09-09 01:43:50,2,Supply Bolt Piston [ML],HEARTBEAT,1,0,0,-106,6.25
2026-09-09 01:44:00,2,Supply Bolt Piston [ML],HEARTBEAT,1,0,0,-105,6.5
2026-09-09 01:44:11,2,Supply Bolt Piston [ML],HEARTBEAT,1,0,0,-107,6.25
2026-09-09 01:44:21,2,Supply Bolt Piston [ML],HEARTBEAT,1,0,0,-109,4.25
2026-09-09 01:44:31,2,Supply Bolt Piston [ML],HEARTBEAT,1,0,0,-105,7
2026-09-09 01:44:42,2,Supply Bolt Piston [ML],HEARTBEAT,1,0,0,-106,6.25
2026-09-09 01:44:52,2,Supply Bolt Piston [ML],HEARTBEAT,1,0,0,-107,3.75
2026-09-09 01:45:03,2,Supply Bolt Piston [ML],HEARTBEAT,1,0,0,-116,-2.5
2026-09-09 01:45:13,2,Supply Bolt Piston [ML],HEARTBEAT,1,0,0,-113,-0.25
2026-09-09 01:45:23,2,Supply Bolt Piston [ML],HEARTBEAT,1,0,0,-114,0
2026-09-09 01:45:34,2,Supply Bolt Piston [ML],HEARTBEAT,1,0,0,-107,5.75
2026-09-09 01:45:44,2,Supply Bolt Piston [ML],HEARTBEAT,1,0,0,-121,-6.75
2026-09-09 01:45:55,2,Supply Bolt Piston [ML],HEARTBEAT,1,0,0,-106,7
2026-09-09 01:46:05,2,Supply Bolt Piston [ML],HEARTBEAT,1,0,0,-109,4.5
2026-09-09 01:46:15,2,Supply Bolt Piston [ML],HEARTBEAT,1,0,0,-104,4
2026-09-09 01:46:26,2,Supply Bolt Piston [ML],HEARTBEAT,1,0,0,-108,5.5
2026-09-09 01:46:36,2,Supply Bolt Piston [ML],HEARTBEAT,1,0,0,-110,3.75
2026-09-09 01:46:47,2,Supply Bolt Piston [ML],HEARTBEAT,1,0,0,-107,4.5
2026-09-09 01:46:57,2,Supply Bolt Piston [ML],HEARTBEAT,1,0,0,-109,4.75
2026-09-09 01:47:07,2,Supply Bolt Piston [ML],HEARTBEAT,1,0,0,-107,3.5
2026-09-09 01:47:18,2,Supply Bolt Piston [ML],HEARTBEAT,1,0,0,-109,4
2026-09-09 01:47:28,2,Supply Bolt Piston [ML],HEARTBEAT,1,0,0,-112,2.5
2026-09-09 01:47:39,2,Supply Bolt Piston [ML],HEARTBEAT,1,0,0,-109,4.75
2026-09-09 01:47:49,2,Supply Bolt Piston [ML],HEARTBEAT,1,0,0,-109,4.75
2026-09-09 01:47:59,2,Supply Bolt Piston [ML],HEARTBEAT,1,0,0,-104,7.25
2026-09-09 01:48:10,2,Supply Bolt Piston [ML],HEARTBEAT,1,0,0,-106,6.25
2026-09-09 01:48:20,2,Supply Bolt Piston [ML],HEARTBEAT,1,0,0,-106,6.25
2026-09-09 01:48:31,2,Supply Bolt Piston [ML],HEARTBEAT,1,0,0,-103,7
2026-09-09 01:48:41,2,Supply Bolt Piston [ML],HEARTBEAT,1,0,0,-105,5.5
2026-09-09 01:48:52,2,Supply Bolt Piston [ML],HEARTBEAT,1,0,0,-106,6.5
2026-09-09 01:49:02,2,Supply Bolt Piston [ML],HEARTBEAT,1,0,0,-104,6.75
2026-09-09 01:49:12,2,Supply Bolt Piston [ML],HEARTBEAT,1,0,0,-106,0.25
2026-09-09 01:49:23,2,Supply Bolt Piston [ML],HEARTBEAT,1,0,0,-111,3
2026-09-09 01:49:33,2,Supply Bolt Piston [ML],HEARTBEAT,1,0,0,-107,5.75
2026-09-09 01:49:44,2,Supply Bolt Piston [ML],HEARTBEAT,1,0,0,-107,5.75
2026-09-09 01:49:54,2,Supply Bolt Piston [ML],HEARTBEAT,1,0,0,-105,7.25
2026-09-09 01:50:04,2,Supply Bolt Piston [ML],HEARTBEAT,1,0,0,-103,8
2026-09-09 01:50:15,2,Supply Bolt Piston [ML],HEARTBEAT,1,0,0,-103,8.25
2026-09-09 01:50:25,2,Supply Bolt Piston [ML],HEARTBEAT,1,0,0,-106,5.25
2026-09-09 01:50:36,2,Supply Bolt Piston [ML],HEARTBEAT,1,0,0,-105,7
2026-09-09 01:50:46,2,Supply Bolt Piston [ML],HEARTBEAT,1,0,0,-106,3.75
2026-09-09 01:50:56,2,Supply Bolt Piston [ML],HEARTBEAT,1,0,0,-106,4.75
2026-09-09 01:51:07,2,Supply Bolt Piston [ML],HEARTBEAT,1,0,0,-103,6.75
2026-09-09 01:51:17,2,Supply Bolt Piston [ML],HEARTBEAT,1,0,0,-108,5.5
2026-09-09 01:51:28,2,Supply Bolt Piston [ML],HEARTBEAT,1,0,0,-105,6.75
2026-09-09 01:51:38,2,Supply Bolt Piston [ML],HEARTBEAT,1,0,0,-105,6
2026-09-09 01:51:48,2,Supply Bolt Piston [ML],HEARTBEAT,1,0,0,-106,6.75
2026-09-09 01:51:59,2,Supply Bolt Piston [ML],HEARTBEAT,1,0,0,-104,7.5
2026-09-09 01:52:09,2,Supply Bolt Piston [ML],HEARTBEAT,1,0,0,-106,5.5
2026-09-09 01:52:20,2,Supply Bolt Piston [ML],HEARTBEAT,1,0,0,-107,6.5
2026-09-09 01:52:30,2,Supply Bolt Piston [ML],HEARTBEAT,1,0,0,-105,6.25
2026-09-09 01:52:40,2,Supply Bolt Piston [ML],HEARTBEAT,1,0,0,-106,5
2026-09-09 01:52:51,2,Supply Bolt Piston [ML],HEARTBEAT,1,0,0,-103,3.25
2026-09-09 01:53:01,2,Supply Bolt Piston [ML],HEARTBEAT,1,0,0,-106,6.5
2026-09-09 01:53:12,2,Supply Bolt Piston [ML],HEARTBEAT,1,0,0,-104,7.5
2026-09-09 01:53:22,2,Supply Bolt Piston [ML],HEARTBEAT,1,0,0,-105,7
2026-09-09 01:53:32,2,Supply Bolt Piston [ML],HEARTBEAT,1,0,0,-105,6.5
2026-09-09 01:53:43,2,Supply Bolt Piston [ML],HEARTBEAT,1,0,0,-105,7.5
2026-09-09 01:53:53,2,Supply Bolt Piston [ML],HEARTBEAT,1,0,0,-104,8
2026-09-09 01:54:04,2,Supply Bolt Piston [ML],HEARTBEAT,1,0,0,-104,7.75
2026-09-09 01:54:14,2,Supply Bolt Piston [ML],HEARTBEAT,1,0,0,-107,6
2026-09-09 01:54:24,2,Supply Bolt Piston [ML],HEARTBEAT,1,0,0,-106,6
2026-09-09 01:54:35,2,Supply Bolt Piston [ML],HEARTBEAT,1,0,0,-105,6
2026-09-09 01:54:45,2,Supply Bolt Piston [ML],HEARTBEAT,1,0,0,-105,7.25
2026-09-09 01:54:56,2,Supply Bolt Piston [ML],HEARTBEAT,1,0,0,-104,4.25
2026-09-09 01:55:06,2,Supply Bolt Piston [ML],HEARTBEAT,1,0,0,-103,7.25
2026-09-09 01:55:16,2,Supply Bolt Piston [ML],HEARTBEAT,1,0,0,-105,7
2026-09-09 01:55:27,2,Supply Bolt Piston [ML],HEARTBEAT,1,0,0,-104,7
2026-09-09 01:55:37,2,Supply Bolt Piston [ML],HEARTBEAT,1,0,0,-107,5.75
2026-09-09 01:55:48,2,Supply Bolt Piston [ML],HEARTBEAT,1,0,0,-104,7.5
2026-09-09 01:55:58,2,Supply Bolt Piston [ML],HEARTBEAT,1,0,0,-105,5.5
2026-09-09 01:56:09,2,Supply Bolt Piston [ML],HEARTBEAT,1,0,0,-103,7.25
2026-09-09 01:56:19,2,Supply Bolt Piston [ML],HEARTBEAT,1,0,0,-106,4.75
2026-09-09 01:56:29,2,Supply Bolt Piston [ML],HEARTBEAT,1,0,0,-104,7.75
2026-09-09 01:56:40,2,Supply Bolt Piston [ML],HEARTBEAT,1,0,0,-114,0
2026-09-09 01:56:50,2,Supply Bolt Piston [ML],HEARTBEAT,1,0,0,-112,0.75
2026-09-09 01:57:01,2,Supply Bolt Piston [ML],HEARTBEAT,1,0,0,-109,2
2026-09-09 01:57:11,2,Supply Bolt Piston [ML],HEARTBEAT,1,0,0,-108,4.25
2026-09-09 01:57:21,2,Supply Bolt Piston [ML],HEARTBEAT,1,0,0,-110,1.5
2026-09-09 01:57:32,2,Supply Bolt Piston [ML],HEARTBEAT,1,0,0,-109,3.5
2026-09-09 01:57:42,2,Supply Bolt Piston [ML],HEARTBEAT,1,0,0,-109,4
2026-09-09 01:57:53,2,Supply Bolt Piston [ML],HEARTBEAT,1,0,0,-102,8.25
2026-09-09 01:58:03,2,Supply Bolt Piston [ML],HEARTBEAT,1,0,0,-103,7.25
2026-09-09 01:58:13,2,Supply Bolt Piston [ML],HEARTBEAT,1,0,0,-108,4.5
2026-09-09 01:58:24,2,Supply Bolt Piston [ML],HEARTBEAT,1,0,0,-104,7
2026-09-09 01:58:34,2,Supply Bolt Piston [ML],HEARTBEAT,1,0,0,-104,4
2026-09-09 01:58:45,2,Supply Bolt Piston [ML],HEARTBEAT,1,0,0,-105,6.75
2026-09-09 01:58:55,2,Supply Bolt Piston [ML],HEARTBEAT,1,0,0,-106,6.5
2026-09-09 01:59:05,2,Supply Bolt Piston [ML],HEARTBEAT,1,0,0,-113,1.5
2026-09-09 01:59:16,2,Supply Bolt Piston [ML],HEARTBEAT,1,0,0,-105,6.25
2026-09-09 01:59:26,2,Supply Bolt Piston [ML],HEARTBEAT,1,0,0,-103,8.75
2026-09-09 01:59:37,2,Supply Bolt Piston [ML],HEARTBEAT,1,0,0,-107,5.5
2026-09-09 01:59:47,2,Supply Bolt Piston [ML],HEARTBEAT,1,0,0,-107,4.75
2026-09-09 01:59:57,2,Supply Bolt Piston [ML],HEARTBEAT,1,0,0,-106,6
2026-09-09 02:00:08,2,Supply Bolt Piston [ML],HEARTBEAT,1,0,0,-106,7
2026-09-09 02:00:18,2,Supply Bolt Piston [ML],HEARTBEAT,1,0,0,-104,7.25
2026-09-09 02:00:29,2,Supply Bolt Piston [ML],HEARTBEAT,1,0,0,-107,6.25
2026-09-09 02:00:39,2,Supply Bolt Piston [ML],HEARTBEAT,1,0,0,-107,5.5
2026-09-09 02:00:49,2,Supply Bolt Piston [ML],HEARTBEAT,1,0,0,-105,6.75
2026-09-09 02:01:00,2,Supply Bolt Piston [ML],HEARTBEAT,1,0,0,-105,4.25
2026-09-09 02:01:10,2,Supply Bolt Piston [ML],HEARTBEAT,1,0,0,-105,7
2026-09-09 02:01:21,2,Supply Bolt Piston [ML],HEARTBEAT,1,0,0,-103,8
2026-09-09 02:01:31,2,Supply Bolt Piston [ML],HEARTBEAT,1,0,0,-106,7
2026-09-09 02:01:41,2,Supply Bolt Piston [ML],HEARTBEAT,1,0,0,-105,5.75
2026-09-09 02:01:52,2,Supply Bolt Piston [ML],HEARTBEAT,1,0,0,-105,6.75
2026-09-09 02:02:02,2,Supply Bolt Piston [ML],HEARTBEAT,1,0,0,-105,6.5
2026-09-09 02:02:13,2,Supply Bolt Piston [ML],HEARTBEAT,1,0,0,-103,7.75
2026-09-09 02:02:23,2,Supply Bolt Piston [ML],HEARTBEAT,1,0,0,-105,6.25
2026-09-09 02:02:33,2,Supply Bolt Piston [ML],HEARTBEAT,1,0,0,-106,6.5
2026-09-09 02:02:44,2,Supply Bolt Piston [ML],HEARTBEAT,1,0,0,-106,5.75
2026-09-09 02:02:54,2,Supply Bolt Piston [ML],HEARTBEAT,1,0,0,-107,6.25
2026-09-09 02:03:05,2,Supply Bolt Piston [ML],HEARTBEAT,1,0,0,-106,6.5
2026-09-09 02:03:15,2,Supply Bolt Piston [ML],HEARTBEAT,1,0,0,-107,4.5
2026-09-09 02:03:25,2,Supply Bolt Piston [ML],HEARTBEAT,1,0,0,-107,5.75
2026-09-09 02:03:36,2,Supply Bolt Piston [ML],HEARTBEAT,1,0,0,-107,5.75
2026-09-09 02:03:46,2,Supply Bolt Piston [ML],HEARTBEAT,1,0,0,-105,7
2026-09-09 02:03:57,2,Supply Bolt Piston [ML],HEARTBEAT,1,0,0,-106,6.25
2026-09-09 02:04:07,2,Supply Bolt Piston [ML],HEARTBEAT,1,0,0,-104,7.25
2026-09-09 02:04:18,2,Supply Bolt Piston [ML],HEARTBEAT,1,0,0,-102,8
2026-09-09 02:04:28,2,Supply Bolt Piston [ML],HEARTBEAT,1,0,0,-104,7.75
2026-09-09 02:04:38,2,Supply Bolt Piston [ML],HEARTBEAT,1,0,0,-105,6.75
2026-09-09 02:04:49,2,Supply Bolt Piston [ML],HEARTBEAT,1,0,0,-102,7.75
2026-09-09 02:04:59,2,Supply Bolt Piston [ML],HEARTBEAT,1,0,0,-108,4.25
2026-09-09 02:05:10,2,Supply Bolt Piston [ML],HEARTBEAT,1,0,0,-103,8.5
2026-09-09 02:05:20,2,Supply Bolt Piston [ML],HEARTBEAT,1,0,0,-104,7.75
2026-09-09 02:05:30,2,Supply Bolt Piston [ML],HEARTBEAT,1,0,0,-104,7.5
2026-09-09 02:05:41,2,Supply Bolt Piston [ML],HEARTBEAT,1,0,0,-106,6.25
2026-09-09 02:05:51,2,Supply Bolt Piston [ML],HEARTBEAT,1,0,0,-108,5.25
2026-09-09 02:06:02,2,Supply Bolt Piston [ML],HEARTBEAT,1,0,0,-106,6.5
2026-09-09 02:06:12,2,Supply Bolt Piston [ML],HEARTBEAT,1,0,0,-106,7
2026-09-09 02:06:22,2,Supply Bolt Piston [ML],HEARTBEAT,1,0,0,-103,6.25
2026-09-09 02:06:33,2,Supply Bolt Piston [ML],HEARTBEAT,1,0,0,-104,6.5
2026-09-09 02:06:43,2,Supply Bolt Piston [ML],HEARTBEAT,1,0,0,-105,7
2026-09-09 02:06:54,2,Supply Bolt Piston [ML],HEARTBEAT,1,0,0,-105,7
2026-09-09 02:07:04,2,Supply Bolt Piston [ML],HEARTBEAT,1,0,0,-108,5
2026-09-09 02:07:14,2,Supply Bolt Piston [ML],HEARTBEAT,1,0,0,-109,4.75
2026-09-09 02:07:25,2,Supply Bolt Piston [ML],HEARTBEAT,1,0,0,-110,4.25
2026-09-09 02:07:35,2,Supply Bolt Piston [ML],HEARTBEAT,1,0,0,-113,1
2026-09-09 02:07:46,2,Supply Bolt Piston [ML],HEARTBEAT,1,0,0,-107,4.5
2026-09-09 02:08:06,2,Supply Bolt Piston [ML],HEARTBEAT,1,0,0,-113,1.75
2026-09-09 02:08:17,2,Supply Bolt Piston [ML],HEARTBEAT,1,0,0,-113,0.75
2026-09-09 02:08:27,2,Supply Bolt Piston [ML],HEARTBEAT,1,0,0,-116,-1.5
2026-09-09 02:08:38,2,Supply Bolt Piston [ML],HEARTBEAT,1,0,0,-109,4
2026-09-09 02:08:48,2,Supply Bolt Piston [ML],HEARTBEAT,1,0,0,-107,3.5
2026-09-09 02:08:58,2,Supply Bolt Piston [ML],HEARTBEAT,1,0,0,-110,1.5
2026-09-09 02:09:09,2,Supply Bolt Piston [ML],HEARTBEAT,1,0,0,-106,6.5
2026-09-09 02:09:19,2,Supply Bolt Piston [ML],HEARTBEAT,1,0,0,-106,5.75
2026-09-09 02:09:30,2,Supply Bolt Piston [ML],HEARTBEAT,1,0,0,-102,8.5
2026-09-09 02:09:40,2,Supply Bolt Piston [ML],HEARTBEAT,1,0,0,-105,6.25
2026-09-09 02:09:50,2,Supply Bolt Piston [ML],HEARTBEAT,1,0,0,-105,7.25
2026-09-09 02:10:01,2,Supply Bolt Piston [ML],HEARTBEAT,1,0,0,-106,7
2026-09-09 02:10:11,2,Supply Bolt Piston [ML],HEARTBEAT,1,0,0,-103,8.25
2026-09-09 02:10:22,2,Supply Bolt Piston [ML],HEARTBEAT,1,0,0,-106,5.5
2026-09-09 02:10:32,2,Supply Bolt Piston [ML],HEARTBEAT,1,0,0,-109,4
2026-09-09 02:10:42,2,Supply Bolt Piston [ML],HEARTBEAT,1,0,0,-106,6.25
2026-09-09 02:10:53,2,Supply Bolt Piston [ML],HEARTBEAT,1,0,0,-105,6.75
2026-09-09 02:11:03,2,Supply Bolt Piston [ML],HEARTBEAT,1,0,0,-106,6
2026-09-09 02:11:14,2,Supply Bolt Piston [ML],HEARTBEAT,1,0,0,-105,7.25
2026-09-09 02:11:24,2,Supply Bolt Piston [ML],HEARTBEAT,1,0,0,-106,6.75
2026-09-09 02:11:34,2,Supply Bolt Piston [ML],HEARTBEAT,1,0,0,-105,7
2026-09-09 02:11:45,2,Supply Bolt Piston [ML],HEARTBEAT,1,0,0,-104,8
2026-09-09 02:11:55,2,Supply Bolt Piston [ML],HEARTBEAT,1,0,0,-106,6.25
2026-09-09 02:12:06,2,Supply Bolt Piston [ML],HEARTBEAT,1,0,0,-106,6.75
2026-09-09 02:12:16,2,Supply Bolt Piston [ML],HEARTBEAT,1,0,0,-106,5.75
2026-09-09 02:12:27,2,Supply Bolt Piston [ML],HEARTBEAT,1,0,0,-121,-7.25
2026-09-09 02:12:37,2,Supply Bolt Piston [ML],HEARTBEAT,1,0,0,-110,3.5
2026-09-09 02:12:47,2,Supply Bolt Piston [ML],HEARTBEAT,1,0,0,-106,2.75
2026-09-09 02:12:58,2,Supply Bolt Piston [ML],HEARTBEAT,1,0,0,-110,3.75
2026-09-09 02:13:08,2,Supply Bolt Piston [ML],HEARTBEAT,1,0,0,-109,4.75
2026-09-09 02:13:19,2,Supply Bolt Piston [ML],HEARTBEAT,1,0,0,-110,2
2026-09-09 02:13:29,2,Supply Bolt Piston [ML],HEARTBEAT,1,0,0,-109,3.75
2026-09-09 02:13:39,2,Supply Bolt Piston [ML],HEARTBEAT,1,0,0,-108,5
2026-09-09 02:13:50,2,Supply Bolt Piston [ML],HEARTBEAT,1,0,0,-107,6.5
2026-09-09 02:14:00,2,Supply Bolt Piston [ML],HEARTBEAT,1,0,0,-108,5
2026-09-09 02:14:11,2,Supply Bolt Piston [ML],HEARTBEAT,1,0,0,-106,5.75
2026-09-09 02:14:21,2,Supply Bolt Piston [ML],HEARTBEAT,1,0,0,-107,6
2026-09-09 02:14:31,2,Supply Bolt Piston [ML],HEARTBEAT,1,0,0,-106,2.75
2026-09-09 02:14:42,2,Supply Bolt Piston [ML],HEARTBEAT,1,0,0,-108,4.75
2026-09-09 02:14:52,2,Supply Bolt Piston [ML],HEARTBEAT,1,0,0,-108,5.25
2026-09-09 02:15:03,2,Supply Bolt Piston [ML],HEARTBEAT,1,0,0,-107,4.75
2026-09-09 02:15:13,2,Supply Bolt Piston [ML],HEARTBEAT,1,0,0,-105,7.5
2026-09-09 02:15:23,2,Supply Bolt Piston [ML],HEARTBEAT,1,0,0,-104,6.75
2026-09-09 02:15:34,2,Supply Bolt Piston [ML],HEARTBEAT,1,0,0,-103,8
2026-09-09 02:15:44,2,Supply Bolt Piston [ML],HEARTBEAT,1,0,0,-105,7
2026-09-09 02:15:55,2,Supply Bolt Piston [ML],HEARTBEAT,1,0,0,-102,9
2026-09-09 02:16:05,2,Supply Bolt Piston [ML],HEARTBEAT,1,0,0,-106,6.75
2026-09-09 02:16:15,2,Supply Bolt Piston [ML],HEARTBEAT,1,0,0,-109,4.25
2026-09-09 02:16:26,2,Supply Bolt Piston [ML],HEARTBEAT,1,0,0,-104,7.25
2026-09-09 02:16:36,2,Supply Bolt Piston [ML],HEARTBEAT,1,0,0,-106,7
2026-09-09 02:16:47,2,Supply Bolt Piston [ML],HEARTBEAT,1,0,0,-103,4.5
2026-09-09 02:16:57,2,Supply Bolt Piston [ML],HEARTBEAT,1,0,0,-105,6.75
2026-09-09 02:17:07,2,Supply Bolt Piston [ML],HEARTBEAT,1,0,0,-103,6
2026-09-09 02:17:18,2,Supply Bolt Piston [ML],HEARTBEAT,1,0,0,-106,6.25
2026-09-09 02:17:28,2,Supply Bolt Piston [ML],HEARTBEAT,1,0,0,-108,4
2026-09-09 02:17:39,2,Supply Bolt Piston [ML],HEARTBEAT,1,0,0,-103,8.5
2026-09-09 02:17:49,2,Supply Bolt Piston [ML],HEARTBEAT,1,0,0,-105,6.25
2026-09-09 02:17:59,2,Supply Bolt Piston [ML],HEARTBEAT,1,0,0,-107,5.5
2026-09-09 02:18:10,2,Supply Bolt Piston [ML],HEARTBEAT,1,0,0,-108,4.75
2026-09-09 02:18:20,2,Supply Bolt Piston [ML],HEARTBEAT,1,0,0,-107,5.5
2026-09-09 02:18:31,2,Supply Bolt Piston [ML],HEARTBEAT,1,0,0,-105,6.75
2026-09-09 02:18:41,2,Supply Bolt Piston [ML],HEARTBEAT,1,0,0,-105,7
2026-09-09 02:18:51,2,Supply Bolt Piston [ML],HEARTBEAT,1,0,0,-105,7.5
2026-09-09 02:19:02,2,Supply Bolt Piston [ML],HEARTBEAT,1,0,0,-103,8.5
2026-09-09 02:19:12,2,Supply Bolt Piston [ML],HEARTBEAT,1,0,0,-105,6.75
2026-09-09 02:19:23,2,Supply Bolt Piston [ML],HEARTBEAT,1,0,0,-102,6
2026-09-09 02:19:33,2,Supply Bolt Piston [ML],HEARTBEAT,1,0,0,-103,8
2026-09-09 02:19:44,2,Supply Bolt Piston [ML],HEARTBEAT,1,0,0,-103,7.5
2026-09-09 02:19:54,2,Supply Bolt Piston [ML],HEARTBEAT,1,0,0,-104,8
2026-09-09 02:20:04,2,Supply Bolt Piston [ML],HEARTBEAT,1,0,0,-104,6.5
2026-09-09 02:20:15,2,Supply Bolt Piston [ML],HEARTBEAT,1,0,0,-104,7.75
2026-09-09 02:20:25,2,Supply Bolt Piston [ML],HEARTBEAT,1,0,0,-105,6.75
2026-09-09 02:20:36,2,Supply Bolt Piston [ML],HEARTBEAT,1,0,0,-105,7.5
2026-09-09 02:20:46,2,Supply Bolt Piston [ML],HEARTBEAT,1,0,0,-105,6.5
2026-09-09 02:20:56,2,Supply Bolt Piston [ML],HEARTBEAT,1,0,0,-107,6
2026-09-09 02:21:07,2,Supply Bolt Piston [ML],HEARTBEAT,1,0,0,-107,3
2026-09-09 02:21:17,2,Supply Bolt Piston [ML],HEARTBEAT,1,0,0,-106,6.25
2026-09-09 02:21:28,2,Supply Bolt Piston [ML],HEARTBEAT,1,0,0,-106,6.75
2026-09-09 02:21:38,2,Supply Bolt Piston [ML],HEARTBEAT,1,0,0,-104,7.75
2026-09-09 02:21:48,2,Supply Bolt Piston [ML],HEARTBEAT,1,0,0,-102,7
2026-09-09 02:21:59,2,Supply Bolt Piston [ML],HEARTBEAT,1,0,0,-105,7.25
2026-09-09 02:22:09,2,Supply Bolt Piston [ML],HEARTBEAT,1,0,0,-106,7
2026-09-09 02:22:20,2,Supply Bolt Piston [ML],HEARTBEAT,1,0,0,-110,3.75
2026-09-09 02:22:30,2,Supply Bolt Piston [ML],HEARTBEAT,1,0,0,-106,6.5
2026-09-09 02:22:40,2,Supply Bolt Piston [ML],HEARTBEAT,1,0,0,-107,4.5
2026-09-09 02:22:51,2,Supply Bolt Piston [ML],HEARTBEAT,1,0,0,-106,6.25
2026-09-09 02:23:01,2,Supply Bolt Piston [ML],HEARTBEAT,1,0,0,-107,6
2026-09-09 02:23:12,2,Supply Bolt Piston [ML],HEARTBEAT,1,0,0,-106,5.75
2026-09-09 02:23:22,2,Supply Bolt Piston [ML],HEARTBEAT,1,0,0,-103,8.75
2026-09-09 02:23:32,2,Supply Bolt Piston [ML],HEARTBEAT,1,0,0,-107,5
2026-09-09 02:23:43,2,Supply Bolt Piston [ML],HEARTBEAT,1,0,0,-109,4.5
2026-09-09 02:23:53,2,Supply Bolt Piston [ML],HEARTBEAT,1,0,0,-110,3.75
2026-09-09 02:24:04,2,Supply Bolt Piston [ML],HEARTBEAT,1,0,0,-109,4.5
2026-09-09 02:24:14,2,Supply Bolt Piston [ML],HEARTBEAT,1,0,0,-107,5.25
2026-09-09 02:24:24,2,Supply Bolt Piston [ML],HEARTBEAT,1,0,0,-105,5.5
2026-09-09 02:24:35,2,Supply Bolt Piston [ML],HEARTBEAT,1,0,0,-103,8.75
2026-09-09 02:24:45,2,Supply Bolt Piston [ML],HEARTBEAT,1,0,0,-103,8.5
2026-09-09 02:24:56,2,Supply Bolt Piston [ML],HEARTBEAT,1,0,0,-103,8.75
2026-09-09 02:25:06,2,Supply Bolt Piston [ML],HEARTBEAT,1,0,0,-103,7.75
2026-09-09 02:25:16,2,Supply Bolt Piston [ML],HEARTBEAT,1,0,0,-103,8.25
2026-09-09 02:25:27,2,Supply Bolt Piston [ML],HEARTBEAT,1,0,0,-104,8.25
2026-09-09 02:25:37,2,Supply Bolt Piston [ML],HEARTBEAT,1,0,0,-112,2
2026-09-09 02:25:48,2,Supply Bolt Piston [ML],HEARTBEAT,1,0,0,-105,6.75
2026-09-09 02:25:58,2,Supply Bolt Piston [ML],HEARTBEAT,1,0,0,-106,5
2026-09-09 02:26:08,2,Supply Bolt Piston [ML],HEARTBEAT,1,0,0,-105,6.25
2026-09-09 02:26:19,2,Supply Bolt Piston [ML],HEARTBEAT,1,0,0,-112,1.5
2026-09-09 02:26:29,2,Supply Bolt Piston [ML],HEARTBEAT,1,0,0,-108,5
2026-09-09 02:26:40,2,Supply Bolt Piston [ML],HEARTBEAT,1,0,0,-105,6
2026-09-09 02:26:50,2,Supply Bolt Piston [ML],HEARTBEAT,1,0,0,-104,7.25
2026-09-09 02:27:01,2,Supply Bolt Piston [ML],HEARTBEAT,1,0,0,-104,7.75
2026-09-09 02:27:11,2,Supply Bolt Piston [ML],HEARTBEAT,1,0,0,-106,6.75
2026-09-09 02:27:21,2,Supply Bolt Piston [ML],HEARTBEAT,1,0,0,-107,5.75
2026-09-09 02:27:32,2,Supply Bolt Piston [ML],HEARTBEAT,1,0,0,-110,3.5
2026-09-09 02:27:42,2,Supply Bolt Piston [ML],HEARTBEAT,1,0,0,-110,4
2026-09-09 02:27:53,2,Supply Bolt Piston [ML],HEARTBEAT,1,0,0,-108,5.25
2026-09-09 02:28:03,2,Supply Bolt Piston [ML],HEARTBEAT,1,0,0,-109,4.25
2026-09-09 02:28:13,2,Supply Bolt Piston [ML],HEARTBEAT,1,0,0,-109,4.5
2026-09-09 02:28:24,2,Supply Bolt Piston [ML],HEARTBEAT,1,0,0,-108,5.75
2026-09-09 02:28:34,2,Supply Bolt Piston [ML],HEARTBEAT,1,0,0,-100,6
2026-09-09 02:28:45,2,Supply Bolt Piston [ML],HEARTBEAT,1,0,0,-105,7
2026-09-09 02:28:55,2,Supply Bolt Piston [ML],HEARTBEAT,1,0,0,-106,5.75
2026-09-09 02:29:05,2,Supply Bolt Piston [ML],HEARTBEAT,1,0,0,-107,5.5
2026-09-09 02:29:16,2,Supply Bolt Piston [ML],HEARTBEAT,1,0,0,-108,3.5
2026-09-09 02:29:26,2,Supply Bolt Piston [ML],HEARTBEAT,1,0,0,-106,7
2026-09-09 02:29:37,2,Supply Bolt Piston [ML],HEARTBEAT,1,0,0,-109,3
2026-09-09 02:29:47,2,Supply Bolt Piston [ML],HEARTBEAT,1,0,0,-113,0.5
2026-09-09 02:29:57,2,Supply Bolt Piston [ML],HEARTBEAT,1,0,0,-105,6.5
2026-09-09 02:30:08,2,Supply Bolt Piston [ML],HEARTBEAT,1,0,0,-105,5.25
2026-09-09 02:30:18,2,Supply Bolt Piston [ML],HEARTBEAT,1,0,0,-110,3
2026-09-09 02:30:29,2,Supply Bolt Piston [ML],HEARTBEAT,1,0,0,-112,2
2026-09-09 02:30:39,2,Supply Bolt Piston [ML],HEARTBEAT,1,0,0,-113,1.25
2026-09-09 02:30:49,2,Supply Bolt Piston [ML],HEARTBEAT,1,0,0,-108,4.25
2026-09-09 02:31:00,2,Supply Bolt Piston [ML],HEARTBEAT,1,0,0,-107,5.75
2026-09-09 02:31:10,2,Supply Bolt Piston [ML],HEARTBEAT,1,0,0,-108,4.75
2026-09-09 02:31:21,2,Supply Bolt Piston [ML],HEARTBEAT,1,0,0,-113,0.5
2026-09-09 02:31:31,2,Supply Bolt Piston [ML],HEARTBEAT,1,0,0,-105,3.75
2026-09-09 02:31:41,2,Supply Bolt Piston [ML],HEARTBEAT,1,0,0,-106,4.75
2026-09-09 02:31:52,2,Supply Bolt Piston [ML],HEARTBEAT,1,0,0,-109,4.25
2026-09-09 02:32:02,2,Supply Bolt Piston [ML],HEARTBEAT,1,0,0,-112,1.5
2026-09-09 02:32:13,2,Supply Bolt Piston [ML],HEARTBEAT,1,0,0,-110,4.25
2026-09-09 02:32:23,2,Supply Bolt Piston [ML],HEARTBEAT,1,0,0,-109,4.75
2026-09-09 02:32:33,2,Supply Bolt Piston [ML],HEARTBEAT,1,0,0,-106,5.75
2026-09-09 02:32:44,2,Supply Bolt Piston [ML],HEARTBEAT,1,0,0,-108,5.25
2026-09-09 02:32:54,2,Supply Bolt Piston [ML],HEARTBEAT,1,0,0,-112,2.5
2026-09-09 02:33:05,2,Supply Bolt Piston [ML],HEARTBEAT,1,0,0,-111,2.75
2026-09-09 02:33:15,2,Supply Bolt Piston [ML],HEARTBEAT,1,0,0,-105,6.25
2026-09-09 02:33:25,2,Supply Bolt Piston [ML],HEARTBEAT,1,0,0,-105,5.25
2026-09-09 02:33:36,2,Supply Bolt Piston [ML],HEARTBEAT,1,0,0,-107,6
2026-09-09 02:33:46,2,Supply Bolt Piston [ML],HEARTBEAT,1,0,0,-106,7
2026-09-09 02:33:57,2,Supply Bolt Piston [ML],HEARTBEAT,1,0,0,-109,4.5
2026-09-09 02:34:07,2,Supply Bolt Piston [ML],HEARTBEAT,1,0,0,-108,4.75
2026-09-09 02:34:17,2,Supply Bolt Piston [ML],HEARTBEAT,1,0,0,-111,2.5
2026-09-09 02:34:28,2,Supply Bolt Piston [ML],HEARTBEAT,1,0,0,-118,-4.5
2026-09-09 02:34:38,2,Supply Bolt Piston [ML],HEARTBEAT,1,0,0,-114,-1
2026-09-09 02:34:49,2,Supply Bolt Piston [ML],HEARTBEAT,1,0,0,-113,0.5
2026-09-09 02:35:20,2,Supply Bolt Piston [ML],HEARTBEAT,1,0,0,-119,-4.75
2026-09-09 02:35:41,2,Supply Bolt Piston [ML],HEARTBEAT,1,0,0,-120,-8
2026-09-09 02:35:51,2,Supply Bolt Piston [ML],HEARTBEAT,1,0,0,-113,0
2026-09-09 02:36:02,2,Supply Bolt Piston [ML],HEARTBEAT,1,0,0,-113,0.5
2026-09-09 02:36:12,2,Supply Bolt Piston [ML],HEARTBEAT,1,0,0,-107,3.75
2026-09-09 02:36:33,2,Supply Bolt Piston [ML],HEARTBEAT,1,0,0,-113,1
2026-09-09 02:36:43,2,Supply Bolt Piston [ML],HEARTBEAT,1,0,0,-108,4.25
2026-09-09 02:36:54,2,Supply Bolt Piston [ML],HEARTBEAT,1,0,0,-116,-1.75
2026-09-09 02:37:04,2,Supply Bolt Piston [ML],HEARTBEAT,1,0,0,-117,-3.25
2026-09-09 02:37:14,2,Supply Bolt Piston [ML],HEARTBEAT,1,0,0,-114,-1.5
2026-09-09 02:37:25,2,Supply Bolt Piston [ML],HEARTBEAT,1,0,0,-121,-6.5
2026-09-09 02:37:35,2,Supply Bolt Piston [ML],HEARTBEAT,1,0,0,-120,-7
2026-09-09 02:37:46,2,Supply Bolt Piston [ML],HEARTBEAT,1,0,0,-121,-7
2026-09-09 02:37:56,2,Supply Bolt Piston [ML],HEARTBEAT,1,0,0,-125,-11.5
2026-09-09 02:38:06,2,Supply Bolt Piston [ML],HEARTBEAT,1,0,0,-114,0.75
2026-09-09 02:38:17,2,Supply Bolt Piston [ML],HEARTBEAT,1,0,0,-116,-2.25
2026-09-09 02:38:27,2,Supply Bolt Piston [ML],HEARTBEAT,1,0,0,-115,-1.5
2026-09-09 02:38:38,2,Supply Bolt Piston [ML],HEARTBEAT,1,0,0,-114,0.75
2026-09-09 02:38:48,2,Supply Bolt Piston [ML],HEARTBEAT,1,0,0,-114,-1
2026-09-09 02:38:58,2,Supply Bolt Piston [ML],HEARTBEAT,1,0,0,-115,-1
2026-09-09 02:39:09,2,Supply Bolt Piston [ML],HEARTBEAT,1,0,0,-114,0.25
2026-09-09 02:39:19,2,Supply Bolt Piston [ML],HEARTBEAT,1,0,0,-113,0.5
2026-09-09 02:39:30,2,Supply Bolt Piston [ML],HEARTBEAT,1,0,0,-117,-2.75
2026-09-09 02:39:40,2,Supply Bolt Piston [ML],HEARTBEAT,1,0,0,-107,5.75
2026-09-09 02:39:50,2,Supply Bolt Piston [ML],HEARTBEAT,1,0,0,-111,1.25
2026-09-09 02:40:01,2,Supply Bolt Piston [ML],HEARTBEAT,1,0,0,-112,1.75
2026-09-09 02:40:11,2,Supply Bolt Piston [ML],HEARTBEAT,1,0,0,-113,0
2026-09-09 02:40:22,2,Supply Bolt Piston [ML],HEARTBEAT,1,0,0,-111,2.25
2026-09-09 02:40:32,2,Supply Bolt Piston [ML],HEARTBEAT,1,0,0,-114,0.5
2026-09-09 02:40:42,2,Supply Bolt Piston [ML],HEARTBEAT,1,0,0,-120,-8
2026-09-09 02:40:53,2,Supply Bolt Piston [ML],HEARTBEAT,1,0,0,-123,-9.75
2026-09-09 02:41:03,2,Supply Bolt Piston [ML],HEARTBEAT,1,0,0,-117,-3.25
2026-09-09 02:41:14,2,Supply Bolt Piston [ML],HEARTBEAT,1,0,0,-118,-4.5
2026-09-09 02:41:24,2,Supply Bolt Piston [ML],HEARTBEAT,1,0,0,-116,-1.5
2026-09-09 02:41:34,2,Supply Bolt Piston [ML],HEARTBEAT,1,0,0,-110,1.5
2026-09-09 02:41:45,2,Supply Bolt Piston [ML],HEARTBEAT,1,0,0,-106,5.25
2026-09-09 02:41:55,2,Supply Bolt Piston [ML],HEARTBEAT,1,0,0,-110,4.25
2026-09-09 02:42:06,2,Supply Bolt Piston [ML],HEARTBEAT,1,0,0,-109,4.25
2026-09-09 02:42:16,2,Supply Bolt Piston [ML],HEARTBEAT,1,0,0,-108,3
2026-09-09 02:42:26,2,Supply Bolt Piston [ML],HEARTBEAT,1,0,0,-109,5
2026-09-09 02:42:37,2,Supply Bolt Piston [ML],HEARTBEAT,1,0,0,-113,1.25
2026-09-09 02:42:47,2,Supply Bolt Piston [ML],HEARTBEAT,1,0,0,-119,-5
2026-09-09 02:42:58,2,Supply Bolt Piston [ML],HEARTBEAT,1,0,0,-111,2.75
2026-09-09 02:43:08,2,Supply Bolt Piston [ML],HEARTBEAT,1,0,0,-113,1.5
2026-09-09 02:43:29,2,Supply Bolt Piston [ML],HEARTBEAT,1,0,0,-109,4.25
2026-09-09 02:43:39,2,Supply Bolt Piston [ML],HEARTBEAT,1,0,0,-112,-1.5
2026-09-09 02:43:50,2,Supply Bolt Piston [ML],HEARTBEAT,1,0,0,-110,3.5
2026-09-09 02:44:11,2,Supply Bolt Piston [ML],HEARTBEAT,1,0,0,-123,-9.75
2026-09-09 02:44:21,2,Supply Bolt Piston [ML],HEARTBEAT,1,0,0,-116,-3.25
2026-09-09 02:44:31,2,Supply Bolt Piston [ML],HEARTBEAT,1,0,0,-125,-11
2026-09-09 02:44:42,2,Supply Bolt Piston [ML],HEARTBEAT,1,0,0,-111,1.75
2026-09-09 02:44:52,2,Supply Bolt Piston [ML],HEARTBEAT,1,0,0,-107,5.25
2026-09-09 02:45:03,2,Supply Bolt Piston [ML],HEARTBEAT,1,0,0,-116,-1.75
2026-09-09 02:45:13,2,Supply Bolt Piston [ML],HEARTBEAT,1,0,0,-110,3.25
2026-09-09 02:45:23,2,Supply Bolt Piston [ML],HEARTBEAT,1,0,0,-117,-2.5
2026-09-09 02:45:34,2,Supply Bolt Piston [ML],HEARTBEAT,1,0,0,-113,1.25
2026-09-09 02:45:44,2,Supply Bolt Piston [ML],HEARTBEAT,1,0,0,-109,3.75
2026-09-09 02:46:05,2,Supply Bolt Piston [ML],HEARTBEAT,1,0,0,-116,-4.25
2026-09-09 02:46:15,2,Supply Bolt Piston [ML],HEARTBEAT,1,0,0,-123,-10.25
2026-09-09 02:46:26,2,Supply Bolt Piston [ML],HEARTBEAT,1,0,0,-117,-3.25
2026-09-09 02:46:36,2,Supply Bolt Piston [ML],HEARTBEAT,1,0,0,-113,1.5
2026-09-09 02:46:47,2,Supply Bolt Piston [ML],HEARTBEAT,1,0,0,-110,2
2026-09-09 02:46:57,2,Supply Bolt Piston [ML],HEARTBEAT,1,0,0,-109,4.5
2026-09-09 02:47:07,2,Supply Bolt Piston [ML],HEARTBEAT,1,0,0,-106,5.5
2026-09-09 02:47:18,2,Supply Bolt Piston [ML],HEARTBEAT,1,0,0,-112,2
2026-09-09 02:47:28,2,Supply Bolt Piston [ML],HEARTBEAT,1,0,0,-110,2.5
2026-09-09 02:47:39,2,Supply Bolt Piston [ML],HEARTBEAT,1,0,0,-103,1.5
2026-09-09 02:47:49,2,Supply Bolt Piston [ML],HEARTBEAT,1,0,0,-110,3.25
2026-09-09 02:47:59,2,Supply Bolt Piston [ML],HEARTBEAT,1,0,0,-109,4.75
2026-09-09 02:48:10,2,Supply Bolt Piston [ML],HEARTBEAT,1,0,0,-107,6
2026-09-09 02:48:20,2,Supply Bolt Piston [ML],HEARTBEAT,1,0,0,-112,2.25
2026-09-09 02:48:31,2,Supply Bolt Piston [ML],HEARTBEAT,1,0,0,-109,4.75
2026-09-09 02:48:41,2,Supply Bolt Piston [ML],HEARTBEAT,1,0,0,-108,4.75
2026-09-09 02:48:51,2,Supply Bolt Piston [ML],HEARTBEAT,1,0,0,-106,5.75
2026-09-09 02:49:02,2,Supply Bolt Piston [ML],HEARTBEAT,1,0,0,-110,3.5
2026-09-09 02:49:12,2,Supply Bolt Piston [ML],HEARTBEAT,1,0,0,-111,3.25
2026-09-09 02:49:23,2,Supply Bolt Piston [ML],HEARTBEAT,1,0,0,-111,0.75
2026-09-09 02:49:33,2,Supply Bolt Piston [ML],HEARTBEAT,1,0,0,-118,-4.25
2026-09-09 02:49:43,2,Supply Bolt Piston [ML],HEARTBEAT,1,0,0,-111,2.5
2026-09-09 02:49:54,2,Supply Bolt Piston [ML],HEARTBEAT,1,0,0,-104,7.75
2026-09-09 02:50:04,2,Supply Bolt Piston [ML],HEARTBEAT,1,0,0,-107,6.25
2026-09-09 02:50:15,2,Supply Bolt Piston [ML],HEARTBEAT,1,0,0,-112,1.5
2026-09-09 02:50:25,2,Supply Bolt Piston [ML],HEARTBEAT,1,0,0,-107,6
2026-09-09 02:50:36,2,Supply Bolt Piston [ML],HEARTBEAT,1,0,0,-109,4.25
2026-09-09 02:50:46,2,Supply Bolt Piston [ML],HEARTBEAT,1,0,0,-111,2.25
2026-09-09 02:50:56,2,Supply Bolt Piston [ML],HEARTBEAT,1,0,0,-108,3.5
2026-09-09 02:51:07,2,Supply Bolt Piston [ML],HEARTBEAT,1,0,0,-106,6.25
2026-09-09 02:51:17,2,Supply Bolt Piston [ML],HEARTBEAT,1,0,0,-115,-0.75
2026-09-09 02:51:28,2,Supply Bolt Piston [ML],HEARTBEAT,1,0,0,-115,-0.5
2026-09-09 02:51:38,2,Supply Bolt Piston [ML],HEARTBEAT,1,0,0,-116,-4.75
2026-09-09 02:51:48,2,Supply Bolt Piston [ML],HEARTBEAT,1,0,0,-114,-1
2026-09-09 02:51:59,2,Supply Bolt Piston [ML],HEARTBEAT,1,0,0,-108,4.75
2026-09-09 02:52:09,2,Supply Bolt Piston [ML],HEARTBEAT,1,0,0,-110,3.75
2026-09-09 02:52:20,2,Supply Bolt Piston [ML],HEARTBEAT,1,0,0,-111,2.75
2026-09-09 02:52:30,2,Supply Bolt Piston [ML],HEARTBEAT,1,0,0,-115,-0.75
2026-09-09 02:52:40,2,Supply Bolt Piston [ML],HEARTBEAT,1,0,0,-108,1.5
2026-09-09 02:52:51,2,Supply Bolt Piston [ML],HEARTBEAT,1,0,0,-110,3.75
2026-09-09 02:53:01,2,Supply Bolt Piston [ML],HEARTBEAT,1,0,0,-112,1.75
2026-09-09 02:53:12,2,Supply Bolt Piston [ML],HEARTBEAT,1,0,0,-110,3.25
2026-09-09 02:53:22,2,Supply Bolt Piston [ML],HEARTBEAT,1,0,0,-116,-3.5
2026-09-09 02:53:32,2,Supply Bolt Piston [ML],HEARTBEAT,1,0,0,-113,-1
2026-09-09 02:53:43,2,Supply Bolt Piston [ML],HEARTBEAT,1,0,0,-118,-3.75
2026-09-09 02:53:53,2,Supply Bolt Piston [ML],HEARTBEAT,1,0,0,-111,3.25
2026-09-09 02:54:04,2,Supply Bolt Piston [ML],HEARTBEAT,1,0,0,-106,6
2026-09-09 02:54:14,2,Supply Bolt Piston [ML],HEARTBEAT,1,0,0,-111,0.5
2026-09-09 02:54:24,2,Supply Bolt Piston [ML],HEARTBEAT,1,0,0,-109,2.5
2026-09-09 02:54:35,2,Supply Bolt Piston [ML],HEARTBEAT,1,0,0,-107,5.75
2026-09-09 02:54:45,2,Supply Bolt Piston [ML],HEARTBEAT,1,0,0,-110,3.25
2026-09-09 02:54:56,2,Supply Bolt Piston [ML],HEARTBEAT,1,0,0,-109,2.25
2026-09-09 02:55:06,2,Supply Bolt Piston [ML],HEARTBEAT,1,0,0,-109,2.5
2026-09-09 02:55:16,2,Supply Bolt Piston [ML],HEARTBEAT,1,0,0,-109,4.25
2026-09-09 02:55:27,2,Supply Bolt Piston [ML],HEARTBEAT,1,0,0,-113,0
2026-09-09 02:55:37,2,Supply Bolt Piston [ML],HEARTBEAT,1,0,0,-112,-5
2026-09-09 02:55:48,2,Supply Bolt Piston [ML],HEARTBEAT,1,0,0,-112,1.5
2026-09-09 02:55:58,2,Supply Bolt Piston [ML],HEARTBEAT,1,0,0,-111,1.75
2026-09-09 02:56:08,2,Supply Bolt Piston [ML],HEARTBEAT,1,0,0,-110,2
2026-09-09 02:56:19,2,Supply Bolt Piston [ML],HEARTBEAT,1,0,0,-112,2
2026-09-09 02:56:29,2,Supply Bolt Piston [ML],HEARTBEAT,1,0,0,-112,2
2026-09-09 02:56:40,2,Supply Bolt Piston [ML],HEARTBEAT,1,0,0,-110,4
2026-09-09 02:56:50,2,Supply Bolt Piston [ML],HEARTBEAT,1,0,0,-106,4
2026-09-09 02:57:00,2,Supply Bolt Piston [ML],HEARTBEAT,1,0,0,-110,2.75
2026-09-09 02:57:11,2,Supply Bolt Piston [ML],HEARTBEAT,1,0,0,-111,0.75
2026-09-09 02:57:21,2,Supply Bolt Piston [ML],HEARTBEAT,1,0,0,-113,1
2026-09-09 02:57:32,2,Supply Bolt Piston [ML],HEARTBEAT,1,0,0,-111,2
2026-09-09 02:57:42,2,Supply Bolt Piston [ML],HEARTBEAT,1,0,0,-107,3.75
2026-09-09 02:57:52,2,Supply Bolt Piston [ML],HEARTBEAT,1,0,0,-105,4.75
2026-09-09 02:58:03,2,Supply Bolt Piston [ML],HEARTBEAT,1,0,0,-108,5
2026-09-09 02:58:13,2,Supply Bolt Piston [ML],HEARTBEAT,1,0,0,-110,2.25
2026-09-09 02:58:24,2,Supply Bolt Piston [ML],HEARTBEAT,1,0,0,-112,2
2026-09-09 02:58:34,2,Supply Bolt Piston [ML],HEARTBEAT,1,0,0,-108,5.25
2026-09-09 02:58:45,2,Supply Bolt Piston [ML],HEARTBEAT,1,0,0,-110,2.25
2026-09-09 02:58:55,2,Supply Bolt Piston [ML],HEARTBEAT,1,0,0,-110,2.25
2026-09-09 02:59:05,2,Supply Bolt Piston [ML],HEARTBEAT,1,0,0,-111,2
2026-09-09 02:59:16,2,Supply Bolt Piston [ML],HEARTBEAT,1,0,0,-109,4.75
2026-09-09 02:59:26,2,Supply Bolt Piston [ML],HEARTBEAT,1,0,0,-112,1.5
2026-09-09 02:59:37,2,Supply Bolt Piston [ML],HEARTBEAT,1,0,0,-109,4.75
2026-09-09 02:59:47,2,Supply Bolt Piston [ML],HEARTBEAT,1,0,0,-112,1.75
2026-09-09 02:59:57,2,Supply Bolt Piston [ML],HEARTBEAT,1,0,0,-109,1.5
2026-09-09 03:00:08,2,Supply Bolt Piston [ML],HEARTBEAT,1,0,0,-109,4.75
2026-09-09 03:00:18,2,Supply Bolt Piston [ML],HEARTBEAT,1,0,0,-111,3
2026-09-09 03:00:29,2,Supply Bolt Piston [ML],HEARTBEAT,1,0,0,-108,4.75
2026-09-09 03:00:39,2,Supply Bolt Piston [ML],HEARTBEAT,1,0,0,-109,4
2026-09-09 03:00:49,2,Supply Bolt Piston [ML],HEARTBEAT,1,0,0,-110,2.75
2026-09-09 03:01:00,2,Supply Bolt Piston [ML],HEARTBEAT,1,0,0,-109,4
2026-09-09 03:01:10,2,Supply Bolt Piston [ML],HEARTBEAT,1,0,0,-109,4.25
2026-09-09 03:01:21,2,Supply Bolt Piston [ML],HEARTBEAT,1,0,0,-109,4.5
2026-09-09 03:01:31,2,Supply Bolt Piston [ML],HEARTBEAT,1,0,0,-109,3.25
2026-09-09 03:01:41,2,Supply Bolt Piston [ML],HEARTBEAT,1,0,0,-109,4.5
2026-09-09 03:01:52,2,Supply Bolt Piston [ML],HEARTBEAT,1,0,0,-109,4.75
2026-09-09 03:02:02,2,Supply Bolt Piston [ML],HEARTBEAT,1,0,0,-109,4
2026-09-09 03:02:13,2,Supply Bolt Piston [ML],HEARTBEAT,1,0,0,-108,4.5
2026-09-09 03:02:23,2,Supply Bolt Piston [ML],HEARTBEAT,1,0,0,-108,4.25
2026-09-09 03:02:33,2,Supply Bolt Piston [ML],HEARTBEAT,1,0,0,-108,4.75
2026-09-09 03:02:44,2,Supply Bolt Piston [ML],HEARTBEAT,1,0,0,-108,5
2026-09-09 03:02:54,2,Supply Bolt Piston [ML],HEARTBEAT,1,0,0,-107,2.5
2026-09-09 03:03:05,2,Supply Bolt Piston [ML],HEARTBEAT,1,0,0,-109,3.5
2026-09-09 03:03:15,2,Supply Bolt Piston [ML],HEARTBEAT,1,0,0,-109,4.5
2026-09-09 03:03:25,2,Supply Bolt Piston [ML],HEARTBEAT,1,0,0,-107,4
2026-09-09 03:03:36,2,Supply Bolt Piston [ML],HEARTBEAT,1,0,0,-108,4
2026-09-09 03:03:46,2,Supply Bolt Piston [ML],HEARTBEAT,1,0,0,-109,4.25
2026-09-09 03:03:57,2,Supply Bolt Piston [ML],HEARTBEAT,1,0,0,-108,4.75
2026-09-09 03:04:07,2,Supply Bolt Piston [ML],HEARTBEAT,1,0,0,-109,3.5
2026-09-09 03:04:17,2,Supply Bolt Piston [ML],HEARTBEAT,1,0,0,-108,4.25
2026-09-09 03:04:28,2,Supply Bolt Piston [ML],HEARTBEAT,1,0,0,-107,4.5
2026-09-09 03:04:38,2,Supply Bolt Piston [ML],HEARTBEAT,1,0,0,-109,4.5
2026-09-09 03:04:49,2,Supply Bolt Piston [ML],HEARTBEAT,1,0,0,-109,4.5
2026-09-09 03:04:59,2,Supply Bolt Piston [ML],HEARTBEAT,1,0,0,-109,3.75
2026-09-09 03:05:09,2,Supply Bolt Piston [ML],HEARTBEAT,1,0,0,-108,5
2026-09-09 03:05:20,2,Supply Bolt Piston [ML],HEARTBEAT,1,0,0,-109,4.25
2026-09-09 03:05:30,2,Supply Bolt Piston [ML],HEARTBEAT,1,0,0,-109,1.75
2026-09-09 03:05:41,2,Supply Bolt Piston [ML],HEARTBEAT,1,0,0,-110,4.25
2026-09-09 03:05:51,2,Supply Bolt Piston [ML],HEARTBEAT,1,0,0,-110,3.5
2026-09-09 03:06:02,2,Supply Bolt Piston [ML],HEARTBEAT,1,0,0,-109,4.5
2026-09-09 03:06:12,2,Supply Bolt Piston [ML],HEARTBEAT,1,0,0,-109,3.25
2026-09-09 03:06:22,2,Supply Bolt Piston [ML],HEARTBEAT,1,0,0,-110,4
2026-09-09 03:06:33,2,Supply Bolt Piston [ML],HEARTBEAT,1,0,0,-109,4.25
2026-09-09 03:06:43,2,Supply Bolt Piston [ML],HEARTBEAT,1,0,0,-110,3.25
2026-09-09 03:06:54,2,Supply Bolt Piston [ML],HEARTBEAT,1,0,0,-110,4.25
2026-09-09 03:07:04,2,Supply Bolt Piston [ML],HEARTBEAT,1,0,0,-109,4.5
2026-09-09 03:07:14,2,Supply Bolt Piston [ML],HEARTBEAT,1,0,0,-109,4.5
2026-09-09 03:07:25,2,Supply Bolt Piston [ML],HEARTBEAT,1,0,0,-108,4.75
2026-09-09 03:07:35,2,Supply Bolt Piston [ML],HEARTBEAT,1,0,0,-108,3.25
2026-09-09 03:07:46,2,Supply Bolt Piston [ML],HEARTBEAT,1,0,0,-108,4.5
2026-09-09 03:07:56,2,Supply Bolt Piston [ML],HEARTBEAT,1,0,0,-109,2.75
2026-09-09 03:08:06,2,Supply Bolt Piston [ML],HEARTBEAT,1,0,0,-110,3.25
2026-09-09 03:08:17,2,Supply Bolt Piston [ML],HEARTBEAT,1,0,0,-109,4.75
2026-09-09 03:08:27,2,Supply Bolt Piston [ML],HEARTBEAT,1,0,0,-109,3.75
2026-09-09 03:08:38,2,Supply Bolt Piston [ML],HEARTBEAT,1,0,0,-109,4.75
2026-09-09 03:08:48,2,Supply Bolt Piston [ML],HEARTBEAT,1,0,0,-110,4
2026-09-09 03:08:58,2,Supply Bolt Piston [ML],HEARTBEAT,1,0,0,-108,1.5
2026-09-09 03:09:09,2,Supply Bolt Piston [ML],HEARTBEAT,1,0,0,-109,4.5
2026-09-09 03:09:19,2,Supply Bolt Piston [ML],HEARTBEAT,1,0,0,-109,4.75
2026-09-09 03:09:30,2,Supply Bolt Piston [ML],HEARTBEAT,1,0,0,-107,4.25
2026-09-09 03:09:40,2,Supply Bolt Piston [ML],HEARTBEAT,1,0,0,-110,4
2026-09-09 03:09:50,2,Supply Bolt Piston [ML],HEARTBEAT,1,0,0,-108,4.25
2026-09-09 03:10:01,2,Supply Bolt Piston [ML],HEARTBEAT,1,0,0,-106,4
2026-09-09 03:10:11,2,Supply Bolt Piston [ML],HEARTBEAT,1,0,0,-107,6
2026-09-09 03:10:22,2,Supply Bolt Piston [ML],HEARTBEAT,1,0,0,-107,6
2026-09-09 03:10:32,2,Supply Bolt Piston [ML],HEARTBEAT,1,0,0,-110,2.5
2026-09-09 03:10:42,2,Supply Bolt Piston [ML],HEARTBEAT,1,0,0,-112,2.25
2026-09-09 03:10:53,2,Supply Bolt Piston [ML],HEARTBEAT,1,0,0,-109,4.5
2026-09-09 03:11:03,2,Supply Bolt Piston [ML],HEARTBEAT,1,0,0,-109,3.5
2026-09-09 03:11:14,2,Supply Bolt Piston [ML],HEARTBEAT,1,0,0,-110,1.75
2026-09-09 03:11:24,2,Supply Bolt Piston [ML],HEARTBEAT,1,0,0,-111,2.5
2026-09-09 03:11:34,2,Supply Bolt Piston [ML],HEARTBEAT,1,0,0,-109,4.25
2026-09-09 03:11:45,2,Supply Bolt Piston [ML],HEARTBEAT,1,0,0,-109,4.25
2026-09-09 03:11:55,2,Supply Bolt Piston [ML],HEARTBEAT,1,0,0,-110,3.25
2026-09-09 03:12:06,2,Supply Bolt Piston [ML],HEARTBEAT,1,0,0,-112,2.25
2026-09-09 03:12:16,2,Supply Bolt Piston [ML],HEARTBEAT,1,0,0,-109,4.5
2026-09-09 03:12:26,2,Supply Bolt Piston [ML],HEARTBEAT,1,0,0,-116,-2.25
2026-09-09 03:12:37,2,Supply Bolt Piston [ML],HEARTBEAT,1,0,0,-109,2.5
2026-09-09 03:12:47,2,Supply Bolt Piston [ML],HEARTBEAT,1,0,0,-109,4.5
2026-09-09 03:12:58,2,Supply Bolt Piston [ML],HEARTBEAT,1,0,0,-109,3.75
2026-09-09 03:13:08,2,Supply Bolt Piston [ML],HEARTBEAT,1,0,0,-109,3.75
2026-09-09 03:13:19,2,Supply Bolt Piston [ML],HEARTBEAT,1,0,0,-112,1.75
2026-09-09 03:13:29,2,Supply Bolt Piston [ML],HEARTBEAT,1,0,0,-107,4.75
2026-09-09 03:13:39,2,Supply Bolt Piston [ML],HEARTBEAT,1,0,0,-105,7
2026-09-09 03:13:50,2,Supply Bolt Piston [ML],HEARTBEAT,1,0,0,-109,4.5
2026-09-09 03:14:00,2,Supply Bolt Piston [ML],HEARTBEAT,1,0,0,-114,0.25
2026-09-09 03:14:11,2,Supply Bolt Piston [ML],HEARTBEAT,1,0,0,-116,-1.25
2026-09-09 03:14:21,2,Supply Bolt Piston [ML],HEARTBEAT,1,0,0,-112,1.5
2026-09-09 03:14:31,2,Supply Bolt Piston [ML],HEARTBEAT,1,0,0,-116,-1.75
2026-09-09 03:14:42,2,Supply Bolt Piston [ML],HEARTBEAT,1,0,0,-116,-1.75
2026-09-09 03:14:52,2,Supply Bolt Piston [ML],HEARTBEAT,1,0,0,-123,-8.5
2026-09-09 03:15:03,2,Supply Bolt Piston [ML],HEARTBEAT,1,0,0,-122,-7.5
2026-09-09 03:15:13,2,Supply Bolt Piston [ML],HEARTBEAT,1,0,0,-113,-0.5
2026-09-09 03:15:23,2,Supply Bolt Piston [ML],HEARTBEAT,1,0,0,-117,-4.5
2026-09-09 03:15:34,2,Supply Bolt Piston [ML],HEARTBEAT,1,0,0,-111,-0.25
2026-09-09 03:15:44,2,Supply Bolt Piston [ML],HEARTBEAT,1,0,0,-110,3.75
2026-09-09 03:15:55,2,Supply Bolt Piston [ML],HEARTBEAT,1,0,0,-112,0.75
2026-09-09 03:16:05,2,Supply Bolt Piston [ML],HEARTBEAT,1,0,0,-114,-0.5
2026-09-09 03:16:15,2,Supply Bolt Piston [ML],HEARTBEAT,1,0,0,-116,-1.75
2026-09-09 03:16:26,2,Supply Bolt Piston [ML],HEARTBEAT,1,0,0,-106,6.25
2026-09-09 03:16:36,2,Supply Bolt Piston [ML],HEARTBEAT,1,0,0,-116,-1.25
2026-09-09 03:16:47,2,Supply Bolt Piston [ML],HEARTBEAT,1,0,0,-109,4.5
2026-09-09 03:16:57,2,Supply Bolt Piston [ML],HEARTBEAT,1,0,0,-112,1.25
2026-09-09 03:17:07,2,Supply Bolt Piston [ML],HEARTBEAT,1,0,0,-117,-2.5
2026-09-09 03:17:18,2,Supply Bolt Piston [ML],HEARTBEAT,1,0,0,-114,-2.5
2026-09-09 03:17:28,2,Supply Bolt Piston [ML],HEARTBEAT,1,0,0,-108,5.5
2026-09-09 03:17:39,2,Supply Bolt Piston [ML],HEARTBEAT,1,0,0,-102,2
2026-09-09 03:17:49,2,Supply Bolt Piston [ML],HEARTBEAT,1,0,0,-104,7
2026-09-09 03:17:59,2,Supply Bolt Piston [ML],HEARTBEAT,1,0,0,-107,6.25
2026-09-09 03:18:10,2,Supply Bolt Piston [ML],HEARTBEAT,1,0,0,-115,-0.75
2026-09-09 03:18:20,2,Supply Bolt Piston [ML],HEARTBEAT,1,0,0,-106,6
2026-09-09 03:18:31,2,Supply Bolt Piston [ML],HEARTBEAT,1,0,0,-105,7.25
2026-09-09 03:18:41,2,Supply Bolt Piston [ML],HEARTBEAT,1,0,0,-109,4.75
2026-09-09 03:19:02,2,Supply Bolt Piston [ML],HEARTBEAT,1,0,0,-105,6.5
2026-09-09 03:19:12,2,Supply Bolt Piston [ML],HEARTBEAT,1,0,0,-110,1.5
2026-09-09 03:19:23,2,Supply Bolt Piston [ML],HEARTBEAT,1,0,0,-110,4
2026-09-09 03:19:33,2,Supply Bolt Piston [ML],HEARTBEAT,1,0,0,-111,0.5
2026-09-09 03:19:43,2,Supply Bolt Piston [ML],HEARTBEAT,1,0,0,-110,3
2026-09-09 03:19:54,2,Supply Bolt Piston [ML],HEARTBEAT,1,0,0,-110,4
2026-09-09 03:20:04,2,Supply Bolt Piston [ML],HEARTBEAT,1,0,0,-107,6.75
2026-09-09 03:20:15,2,Supply Bolt Piston [ML],HEARTBEAT,1,0,0,-109,4
2026-09-09 03:20:25,2,Supply Bolt Piston [ML],HEARTBEAT,1,0,0,-110,3
2026-09-09 03:20:35,2,Supply Bolt Piston [ML],HEARTBEAT,1,0,0,-105,6
2026-09-09 03:20:46,2,Supply Bolt Piston [ML],HEARTBEAT,1,0,0,-107,6.75
2026-09-09 03:20:56,2,Supply Bolt Piston [ML],HEARTBEAT,1,0,0,-109,2.75
2026-09-09 03:21:07,2,Supply Bolt Piston [ML],HEARTBEAT,1,0,0,-106,5.75
2026-09-09 03:21:17,2,Supply Bolt Piston [ML],HEARTBEAT,1,0,0,-104,2.5
2026-09-09 03:21:28,2,Supply Bolt Piston [ML],HEARTBEAT,1,0,0,-107,5.75
2026-09-09 03:21:38,2,Supply Bolt Piston [ML],HEARTBEAT,1,0,0,-106,6
2026-09-09 03:21:48,2,Supply Bolt Piston [ML],HEARTBEAT,1,0,0,-108,5
2026-09-09 03:21:59,2,Supply Bolt Piston [ML],HEARTBEAT,1,0,0,-108,4.75
2026-09-09 03:22:09,2,Supply Bolt Piston [ML],HEARTBEAT,1,0,0,-107,5.5
2026-09-09 03:22:20,2,Supply Bolt Piston [ML],HEARTBEAT,1,0,0,-108,4.5
2026-09-09 03:22:30,2,Supply Bolt Piston [ML],HEARTBEAT,1,0,0,-107,6.25
2026-09-09 03:22:40,2,Supply Bolt Piston [ML],HEARTBEAT,1,0,0,-106,6.75
2026-09-09 03:22:51,2,Supply Bolt Piston [ML],HEARTBEAT,1,0,0,-106,6.25
2026-09-09 03:23:01,2,Supply Bolt Piston [ML],HEARTBEAT,1,0,0,-109,3.5
2026-09-09 03:23:12,2,Supply Bolt Piston [ML],HEARTBEAT,1,0,0,-103,6.75
2026-09-09 03:23:22,2,Supply Bolt Piston [ML],HEARTBEAT,1,0,0,-105,5.5
2026-09-09 03:23:32,2,Supply Bolt Piston [ML],HEARTBEAT,1,0,0,-112,1.5
2026-09-09 03:23:43,2,Supply Bolt Piston [ML],HEARTBEAT,1,0,0,-109,4.5
2026-09-09 03:23:53,2,Supply Bolt Piston [ML],HEARTBEAT,1,0,0,-111,2.25
2026-09-09 03:24:04,2,Supply Bolt Piston [ML],HEARTBEAT,1,0,0,-108,4.25
2026-09-09 03:24:14,2,Supply Bolt Piston [ML],HEARTBEAT,1,0,0,-115,-1
2026-09-09 03:24:24,2,Supply Bolt Piston [ML],HEARTBEAT,1,0,0,-112,1.5
2026-09-09 03:24:35,2,Supply Bolt Piston [ML],HEARTBEAT,1,0,0,-111,2.5
2026-09-09 03:24:45,2,Supply Bolt Piston [ML],HEARTBEAT,1,0,0,-113,0.5
2026-09-09 03:24:56,2,Supply Bolt Piston [ML],HEARTBEAT,1,0,0,-117,-3
2026-09-09 03:25:06,2,Supply Bolt Piston [ML],HEARTBEAT,1,0,0,-109,0.5
2026-09-09 03:25:16,2,Supply Bolt Piston [ML],HEARTBEAT,1,0,0,-111,2.5
2026-09-09 03:25:27,2,Supply Bolt Piston [ML],HEARTBEAT,1,0,0,-110,2.75
2026-09-09 03:25:37,2,Supply Bolt Piston [ML],HEARTBEAT,1,0,0,-110,2
2026-09-09 03:25:48,2,Supply Bolt Piston [ML],HEARTBEAT,1,0,0,-109,1.25
2026-09-09 03:25:58,2,Supply Bolt Piston [ML],HEARTBEAT,1,0,0,-118,-3
2026-09-09 03:26:08,2,Supply Bolt Piston [ML],HEARTBEAT,1,0,0,-109,2.75
2026-09-09 03:26:19,2,Supply Bolt Piston [ML],HEARTBEAT,1,0,0,-118,-4
2026-09-09 03:26:29,2,Supply Bolt Piston [ML],HEARTBEAT,1,0,0,-117,-4.5
2026-09-09 03:26:40,2,Supply Bolt Piston [ML],HEARTBEAT,1,0,0,-110,4.25
2026-09-09 03:26:50,2,Supply Bolt Piston [ML],HEARTBEAT,1,0,0,-111,3
2026-09-09 03:27:00,2,Supply Bolt Piston [ML],HEARTBEAT,1,0,0,-106,5.5
2026-09-09 03:27:11,2,Supply Bolt Piston [ML],HEARTBEAT,1,0,0,-110,4
2026-09-09 03:27:21,2,Supply Bolt Piston [ML],HEARTBEAT,1,0,0,-109,2.75
2026-09-09 03:27:32,2,Supply Bolt Piston [ML],HEARTBEAT,1,0,0,-106,6.25
2026-09-09 03:27:42,2,Supply Bolt Piston [ML],HEARTBEAT,1,0,0,-110,2.75
2026-09-09 03:27:52,2,Supply Bolt Piston [ML],HEARTBEAT,1,0,0,-110,3.75
2026-09-09 03:28:03,2,Supply Bolt Piston [ML],HEARTBEAT,1,0,0,-109,4.5
2026-09-09 03:28:13,2,Supply Bolt Piston [ML],HEARTBEAT,1,0,0,-107,2.5
2026-09-09 03:28:24,2,Supply Bolt Piston [ML],HEARTBEAT,1,0,0,-112,2.25
2026-09-09 03:28:34,2,Supply Bolt Piston [ML],HEARTBEAT,1,0,0,-107,6.25
2026-09-09 03:28:45,2,Supply Bolt Piston [ML],HEARTBEAT,1,0,0,-107,5.25
2026-09-09 03:28:55,2,Supply Bolt Piston [ML],HEARTBEAT,1,0,0,-109,4.5
2026-09-09 03:29:05,2,Supply Bolt Piston [ML],HEARTBEAT,1,0,0,-110,3
2026-09-09 03:29:16,2,Supply Bolt Piston [ML],HEARTBEAT,1,0,0,-106,5.5
2026-09-09 03:29:26,2,Supply Bolt Piston [ML],HEARTBEAT,1,0,0,-112,2
2026-09-09 03:29:37,2,Supply Bolt Piston [ML],HEARTBEAT,1,0,0,-105,6
2026-09-09 03:29:47,2,Supply Bolt Piston [ML],HEARTBEAT,1,0,0,-110,0.25
2026-09-09 03:29:57,2,Supply Bolt Piston [ML],HEARTBEAT,1,0,0,-107,6.25
2026-09-09 03:30:08,2,Supply Bolt Piston [ML],HEARTBEAT,1,0,0,-110,3
2026-09-09 03:30:18,2,Supply Bolt Piston [ML],HEARTBEAT,1,0,0,-114,-1
2026-09-09 03:30:29,2,Supply Bolt Piston [ML],HEARTBEAT,1,0,0,-109,3.75
2026-09-09 03:30:39,2,Supply Bolt Piston [ML],HEARTBEAT,1,0,0,-108,4
2026-09-09 03:30:49,2,Supply Bolt Piston [ML],HEARTBEAT,1,0,0,-113,1.25
2026-09-09 03:31:00,2,Supply Bolt Piston [ML],HEARTBEAT,1,0,0,-114,0.5
2026-09-09 03:31:10,2,Supply Bolt Piston [ML],HEARTBEAT,1,0,0,-109,3
2026-09-09 03:31:21,2,Supply Bolt Piston [ML],HEARTBEAT,1,0,0,-106,7.25
2026-09-09 03:31:31,2,Supply Bolt Piston [ML],HEARTBEAT,1,0,0,-113,0.75
2026-09-09 03:31:40,2,Supply Bolt Piston [ML],HEARTBEAT,1,0,1,-106,4.75
2026-09-09 03:31:40,2,Supply Bolt Piston [ML],MANUAL_MODE,1,0,1,-106,4.75
2026-09-09 03:31:42,2,Supply Bolt Piston [ML],HEARTBEAT,1,0,0,-106,6.25
2026-09-09 03:31:42,2,Supply Bolt Piston [ML],AUTO_MODE,1,0,0,-106,6.25
2026-09-09 03:31:53,2,Supply Bolt Piston [ML],HEARTBEAT,1,0,0,-106,6.75
2026-09-09 03:32:03,2,Supply Bolt Piston [ML],HEARTBEAT,1,0,0,-107,5.5
2026-09-09 03:32:13,2,Supply Bolt Piston [ML],HEARTBEAT,1,0,0,-108,4
2026-09-09 03:32:24,2,Supply Bolt Piston [ML],HEARTBEAT,1,0,0,-109,3.75
2026-09-09 03:32:34,2,Supply Bolt Piston [ML],HEARTBEAT,1,0,0,-112,2
2026-09-09 03:32:45,2,Supply Bolt Piston [ML],HEARTBEAT,1,0,0,-108,4.5
2026-09-09 03:32:55,2,Supply Bolt Piston [ML],HEARTBEAT,1,0,0,-109,4.75
2026-09-09 03:33:05,2,Supply Bolt Piston [ML],HEARTBEAT,1,0,0,-109,4
2026-09-09 03:33:16,2,Supply Bolt Piston [ML],HEARTBEAT,1,0,0,-110,0.75
2026-09-09 03:33:26,2,Supply Bolt Piston [ML],HEARTBEAT,1,0,0,-116,-2
2026-09-09 03:33:37,2,Supply Bolt Piston [ML],HEARTBEAT,1,0,0,-112,0
2026-09-09 03:33:47,2,Supply Bolt Piston [ML],HEARTBEAT,1,0,0,-113,1.5
2026-09-09 03:33:57,2,Supply Bolt Piston [ML],HEARTBEAT,1,0,0,-112,0
2026-09-09 03:34:08,2,Supply Bolt Piston [ML],HEARTBEAT,1,0,0,-108,5.5
2026-09-09 03:34:18,2,Supply Bolt Piston [ML],HEARTBEAT,1,0,0,-112,0.75
2026-09-09 03:34:29,2,Supply Bolt Piston [ML],HEARTBEAT,1,0,0,-113,0.75
2026-09-09 03:34:39,2,Supply Bolt Piston [ML],HEARTBEAT,1,0,0,-115,-1.5
2026-09-09 03:34:49,2,Supply Bolt Piston [ML],HEARTBEAT,1,0,0,-113,0.75
2026-09-09 03:35:00,2,Supply Bolt Piston [ML],HEARTBEAT,1,0,0,-116,-2.5
2026-09-09 03:35:10,2,Supply Bolt Piston [ML],HEARTBEAT,1,0,0,-111,2
2026-09-09 03:35:21,2,Supply Bolt Piston [ML],HEARTBEAT,1,0,0,-110,2.75
2026-09-09 03:35:31,2,Supply Bolt Piston [ML],HEARTBEAT,1,0,0,-123,-8.5
2026-09-09 03:35:52,2,Supply Bolt Piston [ML],HEARTBEAT,1,0,0,-109,1.75
2026-09-09 03:36:02,2,Supply Bolt Piston [ML],HEARTBEAT,1,0,0,-116,-2.5
2026-09-09 03:36:13,2,Supply Bolt Piston [ML],HEARTBEAT,1,0,0,-111,2
2026-09-09 03:36:23,2,Supply Bolt Piston [ML],HEARTBEAT,1,0,0,-115,-1.5
2026-09-09 03:36:44,2,Supply Bolt Piston [ML],HEARTBEAT,1,0,0,-112,1
2026-09-09 03:36:54,2,Supply Bolt Piston [ML],HEARTBEAT,1,0,0,-118,-3.25
2026-09-09 03:37:05,2,Supply Bolt Piston [ML],HEARTBEAT,1,0,0,-110,3.5
2026-09-09 03:37:15,2,Supply Bolt Piston [ML],HEARTBEAT,1,0,0,-112,0
2026-09-09 03:37:26,2,Supply Bolt Piston [ML],HEARTBEAT,1,0,0,-108,5
2026-09-09 03:37:36,2,Supply Bolt Piston [ML],HEARTBEAT,1,0,0,-110,2.75
2026-09-09 03:37:46,2,Supply Bolt Piston [ML],HEARTBEAT,1,0,0,-110,2.5
2026-09-09 03:37:57,2,Supply Bolt Piston [ML],HEARTBEAT,1,0,0,-113,-1
2026-09-09 03:38:07,2,Supply Bolt Piston [ML],HEARTBEAT,1,0,0,-118,-4.5
2026-09-09 03:38:18,2,Supply Bolt Piston [ML],HEARTBEAT,1,0,0,-110,2.75
2026-09-09 03:38:26,2,Supply Bolt Piston [ML],HEARTBEAT,1,0,1,-112,2.5
2026-09-09 03:38:26,2,Supply Bolt Piston [ML],MANUAL_MODE,1,0,1,-112,2.5
2026-09-09 03:38:36,2,Supply Bolt Piston [ML],HEARTBEAT,1,0,1,-110,3.75
2026-09-09 03:38:38,2,Supply Bolt Piston [ML],HEARTBEAT,1,0,0,-114,-0.75
2026-09-09 03:38:38,2,Supply Bolt Piston [ML],AUTO_MODE,1,0,0,-114,-0.75
2026-09-09 03:38:48,2,Supply Bolt Piston [ML],HEARTBEAT,1,0,0,-124,-10.25
2026-09-09 03:38:58,2,Supply Bolt Piston [ML],HEARTBEAT,1,0,0,-109,2.5
2026-09-09 03:39:09,2,Supply Bolt Piston [ML],HEARTBEAT,1,0,0,-115,-0.5
2026-09-09 03:39:19,2,Supply Bolt Piston [ML],HEARTBEAT,1,0,0,-115,-1.5
2026-09-09 03:39:30,2,Supply Bolt Piston [ML],HEARTBEAT,1,0,0,-110,3.25
2026-09-09 03:39:40,2,Supply Bolt Piston [ML],HEARTBEAT,1,0,0,-111,2.5
2026-09-09 03:39:50,2,Supply Bolt Piston [ML],HEARTBEAT,1,0,0,-108,5
2026-09-09 03:40:01,2,Supply Bolt Piston [ML],HEARTBEAT,1,0,0,-107,4.75
2026-09-09 03:40:11,2,Supply Bolt Piston [ML],HEARTBEAT,1,0,0,-113,0
2026-09-09 03:40:22,2,Supply Bolt Piston [ML],HEARTBEAT,1,0,0,-110,1.25
2026-09-09 03:40:32,2,Supply Bolt Piston [ML],HEARTBEAT,1,0,0,-120,-6.75
2026-09-09 03:40:43,2,Supply Bolt Piston [ML],HEARTBEAT,1,0,0,-113,0.75
2026-09-09 03:40:53,2,Supply Bolt Piston [ML],HEARTBEAT,1,0,0,-109,3.75
2026-09-09 03:41:03,2,Supply Bolt Piston [ML],HEARTBEAT,1,0,0,-108,4.75
2026-09-09 03:41:14,2,Supply Bolt Piston [ML],HEARTBEAT,1,0,0,-110,3.5
2026-09-09 03:41:24,2,Supply Bolt Piston [ML],HEARTBEAT,1,0,0,-108,5.25
2026-09-09 03:41:35,2,Supply Bolt Piston [ML],HEARTBEAT,1,0,0,-102,8.25
2026-09-09 03:41:45,2,Supply Bolt Piston [ML],HEARTBEAT,1,0,0,-114,-1.5
2026-09-09 03:41:55,2,Supply Bolt Piston [ML],HEARTBEAT,1,0,0,-116,-2
2026-09-09 03:42:06,2,Supply Bolt Piston [ML],HEARTBEAT,1,0,0,-110,3
2026-09-09 03:42:16,2,Supply Bolt Piston [ML],HEARTBEAT,1,0,0,-116,-4
2026-09-09 03:42:27,2,Supply Bolt Piston [ML],HEARTBEAT,1,0,0,-108,5
2026-09-09 03:42:37,2,Supply Bolt Piston [ML],HEARTBEAT,1,0,0,-104,5.25
2026-09-09 03:42:47,2,Supply Bolt Piston [ML],HEARTBEAT,1,0,0,-116,-3.5
2026-09-09 03:42:58,2,Supply Bolt Piston [ML],HEARTBEAT,1,0,0,-115,-1
2026-09-09 03:43:08,2,Supply Bolt Piston [ML],HEARTBEAT,1,0,0,-109,4.25
2026-09-09 03:43:19,2,Supply Bolt Piston [ML],HEARTBEAT,1,0,0,-116,-3.5
2026-09-09 03:43:29,2,Supply Bolt Piston [ML],HEARTBEAT,1,0,0,-109,4.25
2026-09-09 03:43:39,2,Supply Bolt Piston [ML],HEARTBEAT,1,0,0,-103,8.25
2026-09-09 03:43:50,2,Supply Bolt Piston [ML],HEARTBEAT,1,0,0,-112,1.5
2026-09-09 03:44:00,2,Supply Bolt Piston [ML],HEARTBEAT,1,0,0,-109,4
2026-09-09 03:44:11,2,Supply Bolt Piston [ML],HEARTBEAT,1,0,0,-107,3.25
2026-09-09 03:44:21,2,Supply Bolt Piston [ML],HEARTBEAT,1,0,0,-108,5
2026-09-09 03:44:31,2,Supply Bolt Piston [ML],HEARTBEAT,1,0,0,-113,1.75
2026-09-09 03:44:42,2,Supply Bolt Piston [ML],HEARTBEAT,1,0,0,-111,2
2026-09-09 03:44:52,2,Supply Bolt Piston [ML],HEARTBEAT,1,0,0,-109,3.5
2026-09-09 03:45:03,2,Supply Bolt Piston [ML],HEARTBEAT,1,0,0,-110,2.75
2026-09-09 03:45:13,2,Supply Bolt Piston [ML],HEARTBEAT,1,0,0,-108,3.25
2026-09-09 03:45:23,2,Supply Bolt Piston [ML],HEARTBEAT,1,0,0,-107,5.25
2026-09-09 03:45:34,2,Supply Bolt Piston [ML],HEARTBEAT,1,0,0,-107,6.5
2026-09-09 03:45:44,2,Supply Bolt Piston [ML],HEARTBEAT,1,0,0,-111,2.25
2026-09-09 03:45:55,2,Supply Bolt Piston [ML],HEARTBEAT,1,0,0,-107,3.75
2026-09-09 03:46:05,2,Supply Bolt Piston [ML],HEARTBEAT,1,0,0,-106,4.75
2026-09-09 03:46:15,2,Supply Bolt Piston [ML],HEARTBEAT,1,0,0,-109,2.75
2026-09-09 03:46:26,2,Supply Bolt Piston [ML],HEARTBEAT,1,0,0,-111,2.5
2026-09-09 03:46:36,2,Supply Bolt Piston [ML],HEARTBEAT,1,0,0,-106,6
2026-09-09 03:46:47,2,Supply Bolt Piston [ML],HEARTBEAT,1,0,0,-105,7.25
2026-09-09 03:46:57,2,Supply Bolt Piston [ML],HEARTBEAT,1,0,0,-109,4.75
2026-09-09 03:47:07,2,Supply Bolt Piston [ML],HEARTBEAT,1,0,0,-107,4.25
2026-09-09 03:47:18,2,Supply Bolt Piston [ML],HEARTBEAT,1,0,0,-112,-1
2026-09-09 03:47:28,2,Supply Bolt Piston [ML],HEARTBEAT,1,0,0,-112,1.25
2026-09-09 03:47:39,2,Supply Bolt Piston [ML],HEARTBEAT,1,0,0,-108,1.25
2026-09-09 03:47:49,2,Supply Bolt Piston [ML],HEARTBEAT,1,0,0,-113,0.75
2026-09-09 03:48:00,2,Supply Bolt Piston [ML],HEARTBEAT,1,0,0,-113,-0.5
2026-09-09 03:48:10,2,Supply Bolt Piston [ML],HEARTBEAT,1,0,0,-119,-7
2026-09-09 03:48:20,2,Supply Bolt Piston [ML],HEARTBEAT,1,0,0,-111,1.5
2026-09-09 03:48:31,2,Supply Bolt Piston [ML],HEARTBEAT,1,0,0,-110,3
2026-09-09 03:48:41,2,Supply Bolt Piston [ML],HEARTBEAT,1,0,0,-106,6.5
2026-09-09 03:48:52,2,Supply Bolt Piston [ML],HEARTBEAT,1,0,0,-107,2.5
2026-09-09 03:49:02,2,Supply Bolt Piston [ML],HEARTBEAT,1,0,0,-105,7
2026-09-09 03:49:12,2,Supply Bolt Piston [ML],HEARTBEAT,1,0,0,-108,4.75
2026-09-09 03:49:23,2,Supply Bolt Piston [ML],HEARTBEAT,1,0,0,-107,4.25
2026-09-09 03:49:33,2,Supply Bolt Piston [ML],HEARTBEAT,1,0,0,-108,3.5
2026-09-09 03:49:44,2,Supply Bolt Piston [ML],HEARTBEAT,1,0,0,-108,4.75
2026-09-09 03:49:54,2,Supply Bolt Piston [ML],HEARTBEAT,1,0,0,-110,3.75
2026-09-09 03:50:04,2,Supply Bolt Piston [ML],HEARTBEAT,1,0,0,-110,0
2026-09-09 03:50:15,2,Supply Bolt Piston [ML],HEARTBEAT,1,0,0,-110,3.25
2026-09-09 03:50:25,2,Supply Bolt Piston [ML],HEARTBEAT,1,0,0,-110,2.5
2026-09-09 03:50:36,2,Supply Bolt Piston [ML],HEARTBEAT,1,0,0,-113,1.25
2026-09-09 03:50:46,2,Supply Bolt Piston [ML],HEARTBEAT,1,0,0,-112,1.5
2026-09-09 03:50:56,2,Supply Bolt Piston [ML],HEARTBEAT,1,0,0,-109,3.5
2026-09-09 03:51:07,2,Supply Bolt Piston [ML],HEARTBEAT,1,0,0,-112,2
2026-09-09 03:51:17,2,Supply Bolt Piston [ML],HEARTBEAT,1,0,0,-113,-0.75
2026-09-09 03:51:28,2,Supply Bolt Piston [ML],HEARTBEAT,1,0,0,-107,4
2026-09-09 03:51:38,2,Supply Bolt Piston [ML],HEARTBEAT,1,0,0,-108,4
2026-09-09 03:51:48,2,Supply Bolt Piston [ML],HEARTBEAT,1,0,0,-107,3.75
2026-09-09 03:51:59,2,Supply Bolt Piston [ML],HEARTBEAT,1,0,0,-107,4.5
2026-09-09 03:52:09,2,Supply Bolt Piston [ML],HEARTBEAT,1,0,0,-110,3.25
2026-09-09 03:52:20,2,Supply Bolt Piston [ML],HEARTBEAT,1,0,0,-110,1.75
2026-09-09 03:52:30,2,Supply Bolt Piston [ML],HEARTBEAT,1,0,0,-113,0.25
2026-09-09 03:52:40,2,Supply Bolt Piston [ML],HEARTBEAT,1,0,0,-108,4
2026-09-09 03:52:51,2,Supply Bolt Piston [ML],HEARTBEAT,1,0,0,-109,4.75
2026-09-09 03:53:01,2,Supply Bolt Piston [ML],HEARTBEAT,1,0,0,-107,4.75
2026-09-09 03:53:12,2,Supply Bolt Piston [ML],HEARTBEAT,1,0,0,-107,4.75
2026-09-09 03:53:22,2,Supply Bolt Piston [ML],HEARTBEAT,1,0,0,-106,5.75
2026-09-09 03:53:32,2,Supply Bolt Piston [ML],HEARTBEAT,1,0,0,-109,3.5
2026-09-09 03:53:43,2,Supply Bolt Piston [ML],HEARTBEAT,1,0,0,-109,3.25
2026-09-09 03:53:53,2,Supply Bolt Piston [ML],HEARTBEAT,1,0,0,-112,2.5
2026-09-09 03:54:04,2,Supply Bolt Piston [ML],HEARTBEAT,1,0,0,-112,0
2026-09-09 03:54:14,2,Supply Bolt Piston [ML],HEARTBEAT,1,0,0,-109,4.5
2026-09-09 03:54:24,2,Supply Bolt Piston [ML],HEARTBEAT,1,0,0,-109,3.5
2026-09-09 03:54:35,2,Supply Bolt Piston [ML],HEARTBEAT,1,0,0,-109,4.5
2026-09-09 03:54:45,2,Supply Bolt Piston [ML],HEARTBEAT,1,0,0,-112,1
2026-09-09 03:54:56,2,Supply Bolt Piston [ML],HEARTBEAT,1,0,0,-109,4.25
2026-09-09 03:55:06,2,Supply Bolt Piston [ML],HEARTBEAT,1,0,0,-109,4.75
2026-09-09 03:55:17,2,Supply Bolt Piston [ML],HEARTBEAT,1,0,0,-108,4.75
2026-09-09 03:55:27,2,Supply Bolt Piston [ML],HEARTBEAT,1,0,0,-106,6.5
2026-09-09 03:55:37,2,Supply Bolt Piston [ML],HEARTBEAT,1,0,0,-108,4.25
2026-09-09 03:55:48,2,Supply Bolt Piston [ML],HEARTBEAT,1,0,0,-107,6.5
2026-09-09 03:55:58,2,Supply Bolt Piston [ML],HEARTBEAT,1,0,0,-106,3.5
2026-09-09 03:56:09,2,Supply Bolt Piston [ML],HEARTBEAT,1,0,0,-113,0.5
2026-09-09 03:56:19,2,Supply Bolt Piston [ML],HEARTBEAT,1,0,0,-105,4.75
2026-09-09 03:56:29,2,Supply Bolt Piston [ML],HEARTBEAT,1,0,0,-110,3.25
2026-09-09 03:56:40,2,Supply Bolt Piston [ML],HEARTBEAT,1,0,0,-109,4.75
2026-09-09 03:56:50,2,Supply Bolt Piston [ML],HEARTBEAT,1,0,0,-111,0.5
2026-09-09 03:57:01,2,Supply Bolt Piston [ML],HEARTBEAT,1,0,0,-104,7
2026-09-09 03:57:11,2,Supply Bolt Piston [ML],HEARTBEAT,1,0,0,-108,4
2026-09-09 03:57:21,2,Supply Bolt Piston [ML],HEARTBEAT,1,0,0,-115,-1.75
2026-09-09 03:57:32,2,Supply Bolt Piston [ML],HEARTBEAT,1,0,0,-109,4.25
2026-09-09 03:57:42,2,Supply Bolt Piston [ML],HEARTBEAT,1,0,0,-105,5.75
2026-09-09 03:57:53,2,Supply Bolt Piston [ML],HEARTBEAT,1,0,0,-104,6.75
2026-09-09 03:58:03,2,Supply Bolt Piston [ML],HEARTBEAT,1,0,0,-105,7.25
2026-09-09 03:58:13,2,Supply Bolt Piston [ML],HEARTBEAT,1,0,0,-106,6.75
2026-09-09 03:58:24,2,Supply Bolt Piston [ML],HEARTBEAT,1,0,0,-110,3
2026-09-09 03:58:34,2,Supply Bolt Piston [ML],HEARTBEAT,1,0,0,-106,6.5
2026-09-09 03:58:45,2,Supply Bolt Piston [ML],HEARTBEAT,1,0,0,-112,-1.25
2026-09-09 03:58:55,2,Supply Bolt Piston [ML],HEARTBEAT,1,0,0,-107,4.25
2026-09-09 03:59:05,2,Supply Bolt Piston [ML],HEARTBEAT,1,0,0,-110,2.25
2026-09-09 03:59:16,2,Supply Bolt Piston [ML],HEARTBEAT,1,0,0,-110,3.5
2026-09-09 03:59:26,2,Supply Bolt Piston [ML],HEARTBEAT,1,0,0,-112,0.25
2026-09-09 03:59:47,2,Supply Bolt Piston [ML],HEARTBEAT,1,0,0,-106,6.75
2026-09-09 03:59:57,2,Supply Bolt Piston [ML],HEARTBEAT,1,0,0,-106,6.75
2026-09-09 04:00:08,2,Supply Bolt Piston [ML],HEARTBEAT,1,0,0,-106,5.25
2026-09-09 04:00:18,2,Supply Bolt Piston [ML],HEARTBEAT,1,0,0,-108,5
2026-09-09 04:00:29,2,Supply Bolt Piston [ML],HEARTBEAT,1,0,0,-104,7.5
2026-09-09 04:00:39,2,Supply Bolt Piston [ML],HEARTBEAT,1,0,0,-109,4.25
2026-09-09 04:00:49,2,Supply Bolt Piston [ML],HEARTBEAT,1,0,0,-105,6.5
2026-09-09 04:01:00,2,Supply Bolt Piston [ML],HEARTBEAT,1,0,0,-107,3.75
2026-09-09 04:01:10,2,Supply Bolt Piston [ML],HEARTBEAT,1,0,0,-108,4.25
2026-09-09 04:01:21,2,Supply Bolt Piston [ML],HEARTBEAT,1,0,0,-110,3.75
2026-09-09 04:01:31,2,Supply Bolt Piston [ML],HEARTBEAT,1,0,0,-109,4.75
2026-09-09 04:01:41,2,Supply Bolt Piston [ML],HEARTBEAT,1,0,0,-105,7.5
2026-09-09 04:01:52,2,Supply Bolt Piston [ML],HEARTBEAT,1,0,0,-107,6.25
2026-09-09 04:02:02,2,Supply Bolt Piston [ML],HEARTBEAT,1,0,0,-110,3.75
2026-09-09 04:02:13,2,Supply Bolt Piston [ML],HEARTBEAT,1,0,0,-106,6.5
2026-09-09 04:02:23,2,Supply Bolt Piston [ML],HEARTBEAT,1,0,0,-107,5.25
2026-09-09 04:02:33,2,Supply Bolt Piston [ML],HEARTBEAT,1,0,0,-103,8.5
2026-09-09 04:02:44,2,Supply Bolt Piston [ML],HEARTBEAT,1,0,0,-111,1.75
2026-09-09 04:02:54,2,Supply Bolt Piston [ML],HEARTBEAT,1,0,0,-113,1.25
2026-09-09 04:03:05,2,Supply Bolt Piston [ML],HEARTBEAT,1,0,0,-108,4.5
2026-09-09 04:03:15,2,Supply Bolt Piston [ML],HEARTBEAT,1,0,0,-114,-2
2026-09-09 04:03:26,2,Supply Bolt Piston [ML],HEARTBEAT,1,0,0,-113,-0.25
2026-09-09 04:03:36,2,Supply Bolt Piston [ML],HEARTBEAT,1,0,0,-110,3.75
2026-09-09 04:03:46,2,Supply Bolt Piston [ML],HEARTBEAT,1,0,0,-106,5.5
2026-09-09 04:03:57,2,Supply Bolt Piston [ML],HEARTBEAT,1,0,0,-111,2
2026-09-09 04:04:07,2,Supply Bolt Piston [ML],HEARTBEAT,1,0,0,-109,4
2026-09-09 04:04:18,2,Supply Bolt Piston [ML],HEARTBEAT,1,0,0,-106,6.75
2026-09-09 04:04:28,2,Supply Bolt Piston [ML],HEARTBEAT,1,0,0,-103,7.25
2026-09-09 04:04:38,2,Supply Bolt Piston [ML],HEARTBEAT,1,0,0,-106,6.25
2026-09-09 04:04:49,2,Supply Bolt Piston [ML],HEARTBEAT,1,0,0,-106,6.5
2026-09-09 04:04:59,2,Supply Bolt Piston [ML],HEARTBEAT,1,0,0,-106,5
2026-09-09 04:05:10,2,Supply Bolt Piston [ML],HEARTBEAT,1,0,0,-106,5.75
2026-09-09 04:05:20,2,Supply Bolt Piston [ML],HEARTBEAT,1,0,0,-111,1.75
2026-09-09 04:05:30,2,Supply Bolt Piston [ML],HEARTBEAT,1,0,0,-109,2
2026-09-09 04:05:41,2,Supply Bolt Piston [ML],HEARTBEAT,1,0,0,-109,5
2026-09-09 04:05:51,2,Supply Bolt Piston [ML],HEARTBEAT,1,0,0,-111,2
2026-09-09 04:06:02,2,Supply Bolt Piston [ML],HEARTBEAT,1,0,0,-108,5.25
2026-09-09 04:06:12,2,Supply Bolt Piston [ML],HEARTBEAT,1,0,0,-108,5.25
2026-09-09 04:06:22,2,Supply Bolt Piston [ML],HEARTBEAT,1,0,0,-107,6
2026-09-09 04:06:33,2,Supply Bolt Piston [ML],HEARTBEAT,1,0,0,-106,6.75
2026-09-09 04:06:43,2,Supply Bolt Piston [ML],HEARTBEAT,1,0,0,-109,4.25
2026-09-09 04:06:54,2,Supply Bolt Piston [ML],HEARTBEAT,1,0,0,-110,2.5
2026-09-09 04:07:04,2,Supply Bolt Piston [ML],HEARTBEAT,1,0,0,-108,5
2026-09-09 04:07:14,2,Supply Bolt Piston [ML],HEARTBEAT,1,0,0,-110,3
2026-09-09 04:07:25,2,Supply Bolt Piston [ML],HEARTBEAT,1,0,0,-109,4.5
2026-09-09 04:07:35,2,Supply Bolt Piston [ML],HEARTBEAT,1,0,0,-115,-1.75
2026-09-09 04:07:46,2,Supply Bolt Piston [ML],HEARTBEAT,1,0,0,-108,4.5
2026-09-09 04:07:56,2,Supply Bolt Piston [ML],HEARTBEAT,1,0,0,-110,3.5
2026-09-09 04:08:06,2,Supply Bolt Piston [ML],HEARTBEAT,1,0,0,-108,4.75
2026-09-09 04:08:17,2,Supply Bolt Piston [ML],HEARTBEAT,1,0,0,-108,3.5
2026-09-09 04:08:27,2,Supply Bolt Piston [ML],HEARTBEAT,1,0,0,-109,3.75
2026-09-09 04:08:38,2,Supply Bolt Piston [ML],HEARTBEAT,1,0,0,-106,6.75
2026-09-09 04:08:48,2,Supply Bolt Piston [ML],HEARTBEAT,1,0,0,-106,6.25
2026-09-09 04:08:58,2,Supply Bolt Piston [ML],HEARTBEAT,1,0,0,-114,0.25
2026-09-09 04:09:09,2,Supply Bolt Piston [ML],HEARTBEAT,1,0,0,-106,6
2026-09-09 04:09:19,2,Supply Bolt Piston [ML],HEARTBEAT,1,0,0,-110,3
2026-09-09 04:09:30,2,Supply Bolt Piston [ML],HEARTBEAT,1,0,0,-107,6
2026-09-09 04:09:40,2,Supply Bolt Piston [ML],HEARTBEAT,1,0,0,-110,3.75
2026-09-09 04:09:50,2,Supply Bolt Piston [ML],HEARTBEAT,1,0,0,-108,5
2026-09-09 04:10:01,2,Supply Bolt Piston [ML],HEARTBEAT,1,0,0,-103,6.5
2026-09-09 04:10:11,2,Supply Bolt Piston [ML],HEARTBEAT,1,0,0,-106,7
2026-09-09 04:10:22,2,Supply Bolt Piston [ML],HEARTBEAT,1,0,0,-105,7.5
2026-09-09 04:10:32,2,Supply Bolt Piston [ML],HEARTBEAT,1,0,0,-104,6.5
2026-09-09 04:10:43,2,Supply Bolt Piston [ML],HEARTBEAT,1,0,0,-108,5
2026-09-09 04:10:53,2,Supply Bolt Piston [ML],HEARTBEAT,1,0,0,-105,5.5
2026-09-09 04:11:03,2,Supply Bolt Piston [ML],HEARTBEAT,1,0,0,-112,0.75
2026-09-09 04:11:14,2,Supply Bolt Piston [ML],HEARTBEAT,1,0,0,-110,3.5
2026-09-09 04:11:24,2,Supply Bolt Piston [ML],HEARTBEAT,1,0,0,-106,6.75
2026-09-09 04:11:35,2,Supply Bolt Piston [ML],HEARTBEAT,1,0,0,-104,5.75
2026-09-09 04:11:45,2,Supply Bolt Piston [ML],HEARTBEAT,1,0,0,-109,4.75
2026-09-09 04:11:55,2,Supply Bolt Piston [ML],HEARTBEAT,1,0,0,-106,6.75
2026-09-09 04:12:06,2,Supply Bolt Piston [ML],HEARTBEAT,1,0,0,-106,6.5
2026-09-09 04:12:16,2,Supply Bolt Piston [ML],HEARTBEAT,1,0,0,-110,3.75
2026-09-09 04:12:27,2,Supply Bolt Piston [ML],HEARTBEAT,1,0,0,-103,7
2026-09-09 04:12:37,2,Supply Bolt Piston [ML],HEARTBEAT,1,0,0,-108,4.5
2026-09-09 04:12:47,2,Supply Bolt Piston [ML],HEARTBEAT,1,0,0,-109,4
2026-09-09 04:12:58,2,Supply Bolt Piston [ML],HEARTBEAT,1,0,0,-105,6.5
2026-09-09 04:13:08,2,Supply Bolt Piston [ML],HEARTBEAT,1,0,0,-107,5
2026-09-09 04:13:19,2,Supply Bolt Piston [ML],HEARTBEAT,1,0,0,-109,4.75
2026-09-09 04:13:29,2,Supply Bolt Piston [ML],HEARTBEAT,1,0,0,-106,6
2026-09-09 04:13:39,2,Supply Bolt Piston [ML],HEARTBEAT,1,0,0,-105,5.25
2026-09-09 04:13:50,2,Supply Bolt Piston [ML],HEARTBEAT,1,0,0,-105,6.75
2026-09-09 04:14:00,2,Supply Bolt Piston [ML],HEARTBEAT,1,0,0,-108,5.75
2026-09-09 04:14:11,2,Supply Bolt Piston [ML],HEARTBEAT,1,0,0,-107,4
2026-09-09 04:14:21,2,Supply Bolt Piston [ML],HEARTBEAT,1,0,0,-105,7
2026-09-09 04:14:31,2,Supply Bolt Piston [ML],HEARTBEAT,1,0,0,-104,6
2026-09-09 04:14:42,2,Supply Bolt Piston [ML],HEARTBEAT,1,0,0,-105,7.25
2026-09-09 04:14:52,2,Supply Bolt Piston [ML],HEARTBEAT,1,0,0,-107,5.5
2026-09-09 04:15:03,2,Supply Bolt Piston [ML],HEARTBEAT,1,0,0,-108,5
2026-09-09 04:15:13,2,Supply Bolt Piston [ML],HEARTBEAT,1,0,0,-106,5.5
2026-09-09 04:15:23,2,Supply Bolt Piston [ML],HEARTBEAT,1,0,0,-106,6.25
2026-09-09 04:15:34,2,Supply Bolt Piston [ML],HEARTBEAT,1,0,0,-101,6.25
2026-09-09 04:15:44,2,Supply Bolt Piston [ML],HEARTBEAT,1,0,0,-106,6.5
2026-09-09 04:15:55,2,Supply Bolt Piston [ML],HEARTBEAT,1,0,0,-103,6.75
2026-09-09 04:16:05,2,Supply Bolt Piston [ML],HEARTBEAT,1,0,0,-106,6.5
2026-09-09 04:16:15,2,Supply Bolt Piston [ML],HEARTBEAT,1,0,0,-105,6.5
2026-09-09 04:16:26,2,Supply Bolt Piston [ML],HEARTBEAT,1,0,0,-105,6.75
2026-09-09 04:16:36,2,Supply Bolt Piston [ML],HEARTBEAT,1,0,0,-105,6
2026-09-09 04:16:47,2,Supply Bolt Piston [ML],HEARTBEAT,1,0,0,-107,5.25
2026-09-09 04:16:57,2,Supply Bolt Piston [ML],HEARTBEAT,1,0,0,-110,4
2026-09-09 04:17:07,2,Supply Bolt Piston [ML],HEARTBEAT,1,0,0,-105,6.5
2026-09-09 04:17:18,2,Supply Bolt Piston [ML],HEARTBEAT,1,0,0,-107,6.25
2026-09-09 04:17:28,2,Supply Bolt Piston [ML],HEARTBEAT,1,0,0,-111,1.25
2026-09-09 04:17:39,2,Supply Bolt Piston [ML],HEARTBEAT,1,0,0,-115,-0.5
2026-09-09 04:17:49,2,Supply Bolt Piston [ML],HEARTBEAT,1,0,0,-107,6
2026-09-09 04:18:00,2,Supply Bolt Piston [ML],HEARTBEAT,1,0,0,-105,7
2026-09-09 04:18:10,2,Supply Bolt Piston [ML],HEARTBEAT,1,0,0,-110,2.5
2026-09-09 04:18:20,2,Supply Bolt Piston [ML],HEARTBEAT,1,0,0,-116,-2.75
2026-09-09 04:18:31,2,Supply Bolt Piston [ML],HEARTBEAT,1,0,0,-110,3.75
2026-09-09 04:18:41,2,Supply Bolt Piston [ML],HEARTBEAT,1,0,0,-112,2
2026-09-09 04:18:52,2,Supply Bolt Piston [ML],HEARTBEAT,1,0,0,-106,7
2026-09-09 04:19:02,2,Supply Bolt Piston [ML],HEARTBEAT,1,0,0,-112,-0.25
2026-09-09 04:19:12,2,Supply Bolt Piston [ML],HEARTBEAT,1,0,0,-115,-1.75
2026-09-09 04:19:23,2,Supply Bolt Piston [ML],HEARTBEAT,1,0,0,-108,4.75
2026-09-09 04:19:33,2,Supply Bolt Piston [ML],HEARTBEAT,1,0,0,-110,4
2026-09-09 04:19:44,2,Supply Bolt Piston [ML],HEARTBEAT,1,0,0,-108,4.75
2026-09-09 04:19:54,2,Supply Bolt Piston [ML],HEARTBEAT,1,0,0,-108,4.25
2026-09-09 04:20:04,2,Supply Bolt Piston [ML],HEARTBEAT,1,0,0,-105,3.75
2026-09-09 04:20:15,2,Supply Bolt Piston [ML],HEARTBEAT,1,0,0,-107,5.75
2026-09-09 04:20:25,2,Supply Bolt Piston [ML],HEARTBEAT,1,0,0,-105,5.75
2026-09-09 04:20:36,2,Supply Bolt Piston [ML],HEARTBEAT,1,0,0,-106,5.75
2026-09-09 04:20:46,2,Supply Bolt Piston [ML],HEARTBEAT,1,0,0,-106,6.75
2026-09-09 04:20:56,2,Supply Bolt Piston [ML],HEARTBEAT,1,0,0,-106,6.75
2026-09-09 04:21:07,2,Supply Bolt Piston [ML],HEARTBEAT,1,0,0,-107,6
2026-09-09 04:21:17,2,Supply Bolt Piston [ML],HEARTBEAT,1,0,0,-109,4.75
2026-09-09 04:21:28,2,Supply Bolt Piston [ML],HEARTBEAT,1,0,0,-109,3.75
2026-09-09 04:21:38,2,Supply Bolt Piston [ML],HEARTBEAT,1,0,0,-104,7.25
2026-09-09 04:21:48,2,Supply Bolt Piston [ML],HEARTBEAT,1,0,0,-103,8.25
2026-09-09 04:21:59,2,Supply Bolt Piston [ML],HEARTBEAT,1,0,0,-106,6.25
2026-09-09 04:22:09,2,Supply Bolt Piston [ML],HEARTBEAT,1,0,0,-103,8.75
2026-09-09 04:22:20,2,Supply Bolt Piston [ML],HEARTBEAT,1,0,0,-104,7.25
2026-09-09 04:22:30,2,Supply Bolt Piston [ML],HEARTBEAT,1,0,0,-107,6.25
2026-09-09 04:22:41,2,Supply Bolt Piston [ML],HEARTBEAT,1,0,0,-106,6
2026-09-09 04:22:51,2,Supply Bolt Piston [ML],HEARTBEAT,1,0,0,-105,6.5
2026-09-09 04:23:01,2,Supply Bolt Piston [ML],HEARTBEAT,1,0,0,-101,8
2026-09-09 04:23:12,2,Supply Bolt Piston [ML],HEARTBEAT,1,0,0,-104,7.5
2026-09-09 04:23:22,2,Supply Bolt Piston [ML],HEARTBEAT,1,0,0,-107,6.25
2026-09-09 04:23:33,2,Supply Bolt Piston [ML],HEARTBEAT,1,0,0,-104,7.75
2026-09-09 04:23:43,2,Supply Bolt Piston [ML],HEARTBEAT,1,0,0,-105,7
2026-09-09 04:23:53,2,Supply Bolt Piston [ML],HEARTBEAT,1,0,0,-107,6.75
2026-09-09 04:24:04,2,Supply Bolt Piston [ML],HEARTBEAT,1,0,0,-102,8.75
2026-09-09 04:24:14,2,Supply Bolt Piston [ML],HEARTBEAT,1,0,0,-104,7.75
2026-09-09 04:24:25,2,Supply Bolt Piston [ML],HEARTBEAT,1,0,0,-100,8.75
2026-09-09 04:24:35,2,Supply Bolt Piston [ML],HEARTBEAT,1,0,0,-103,7.25
2026-09-09 04:24:45,2,Supply Bolt Piston [ML],HEARTBEAT,1,0,0,-107,5.75
2026-09-09 04:24:56,2,Supply Bolt Piston [ML],HEARTBEAT,1,0,0,-107,6.25
2026-09-09 04:25:06,2,Supply Bolt Piston [ML],HEARTBEAT,1,0,0,-102,6.25
2026-09-09 04:25:17,2,Supply Bolt Piston [ML],HEARTBEAT,1,0,0,-102,8
2026-09-09 04:25:27,2,Supply Bolt Piston [ML],HEARTBEAT,1,0,0,-112,0.25
2026-09-09 04:25:37,2,Supply Bolt Piston [ML],HEARTBEAT,1,0,0,-107,5.25
2026-09-09 04:25:48,2,Supply Bolt Piston [ML],HEARTBEAT,1,0,0,-106,6.5
2026-09-09 04:25:58,2,Supply Bolt Piston [ML],HEARTBEAT,1,0,0,-105,6.5
2026-09-09 04:26:09,2,Supply Bolt Piston [ML],HEARTBEAT,1,0,0,-103,8
2026-09-09 04:26:19,2,Supply Bolt Piston [ML],HEARTBEAT,1,0,0,-103,8.5
2026-09-09 04:26:29,2,Supply Bolt Piston [ML],HEARTBEAT,1,0,0,-106,7
2026-09-09 04:26:40,2,Supply Bolt Piston [ML],HEARTBEAT,1,0,0,-105,7
2026-09-09 04:26:50,2,Supply Bolt Piston [ML],HEARTBEAT,1,0,0,-106,6.75
2026-09-09 04:27:01,2,Supply Bolt Piston [ML],HEARTBEAT,1,0,0,-106,5
2026-09-09 04:27:11,2,Supply Bolt Piston [ML],HEARTBEAT,1,0,0,-108,5.5
2026-09-09 04:27:22,2,Supply Bolt Piston [ML],HEARTBEAT,1,0,0,-109,3
2026-09-09 04:27:32,2,Supply Bolt Piston [ML],HEARTBEAT,1,0,0,-110,4
2026-09-09 04:27:42,2,Supply Bolt Piston [ML],HEARTBEAT,1,0,0,-107,1.5
2026-09-09 04:27:53,2,Supply Bolt Piston [ML],HEARTBEAT,1,0,0,-109,4.25
2026-09-09 04:28:03,2,Supply Bolt Piston [ML],HEARTBEAT,1,0,0,-108,4.75
2026-09-09 04:28:14,2,Supply Bolt Piston [ML],HEARTBEAT,1,0,0,-106,6.5
2026-09-09 04:28:24,2,Supply Bolt Piston [ML],HEARTBEAT,1,0,0,-108,4.25
2026-09-09 04:28:34,2,Supply Bolt Piston [ML],HEARTBEAT,1,0,0,-107,5.5
2026-09-09 04:28:45,2,Supply Bolt Piston [ML],HEARTBEAT,1,0,0,-107,6
2026-09-09 04:28:55,2,Supply Bolt Piston [ML],HEARTBEAT,1,0,0,-106,6.5
2026-09-09 04:29:06,2,Supply Bolt Piston [ML],HEARTBEAT,1,0,0,-107,4.75
2026-09-09 04:29:16,2,Supply Bolt Piston [ML],HEARTBEAT,1,0,0,-104,4.75
2026-09-09 04:29:26,2,Supply Bolt Piston [ML],HEARTBEAT,1,0,0,-108,5
2026-09-09 04:29:37,2,Supply Bolt Piston [ML],HEARTBEAT,1,0,0,-107,6.5
2026-09-09 04:29:47,2,Supply Bolt Piston [ML],HEARTBEAT,1,0,0,-109,2.75
2026-09-09 04:29:58,2,Supply Bolt Piston [ML],HEARTBEAT,1,0,0,-109,4
2026-09-09 04:30:08,2,Supply Bolt Piston [ML],HEARTBEAT,1,0,0,-105,7.25
2026-09-09 04:30:18,2,Supply Bolt Piston [ML],HEARTBEAT,1,0,0,-109,4.5
2026-09-09 04:30:29,2,Supply Bolt Piston [ML],HEARTBEAT,1,0,0,-107,6.25
2026-09-09 04:30:39,2,Supply Bolt Piston [ML],HEARTBEAT,1,0,0,-107,5.75
2026-09-09 04:30:50,2,Supply Bolt Piston [ML],HEARTBEAT,1,0,0,-108,5
2026-09-09 04:31:00,2,Supply Bolt Piston [ML],HEARTBEAT,1,0,0,-110,1
2026-09-09 04:31:10,2,Supply Bolt Piston [ML],HEARTBEAT,1,0,0,-109,4.25
2026-09-09 04:31:21,2,Supply Bolt Piston [ML],HEARTBEAT,1,0,0,-111,2
2026-09-09 04:31:31,2,Supply Bolt Piston [ML],HEARTBEAT,1,0,0,-105,6
2026-09-09 04:31:42,2,Supply Bolt Piston [ML],HEARTBEAT,1,0,0,-107,6
2026-09-09 04:31:52,2,Supply Bolt Piston [ML],HEARTBEAT,1,0,0,-111,3
2026-09-09 04:32:03,2,Supply Bolt Piston [ML],HEARTBEAT,1,0,0,-116,-3
2026-09-09 04:32:13,2,Supply Bolt Piston [ML],HEARTBEAT,1,0,0,-111,2.25
2026-09-09 04:32:23,2,Supply Bolt Piston [ML],HEARTBEAT,1,0,0,-107,5.25
2026-09-09 04:32:34,2,Supply Bolt Piston [ML],HEARTBEAT,1,0,0,-110,3.75
2026-09-09 04:32:44,2,Supply Bolt Piston [ML],HEARTBEAT,1,0,0,-103,6
2026-09-09 04:32:55,2,Supply Bolt Piston [ML],HEARTBEAT,1,0,0,-106,6.75
2026-09-09 04:33:05,2,Supply Bolt Piston [ML],HEARTBEAT,1,0,0,-108,4.75
2026-09-09 04:33:15,2,Supply Bolt Piston [ML],HEARTBEAT,1,0,0,-106,4.5
2026-09-09 04:33:26,2,Supply Bolt Piston [ML],HEARTBEAT,1,0,0,-111,1.5
2026-09-09 04:33:36,2,Supply Bolt Piston [ML],HEARTBEAT,1,0,0,-109,4.75
2026-09-09 04:33:47,2,Supply Bolt Piston [ML],HEARTBEAT,1,0,0,-109,4.75
2026-09-09 04:33:57,2,Supply Bolt Piston [ML],HEARTBEAT,1,0,0,-110,3.5
2026-09-09 04:34:07,2,Supply Bolt Piston [ML],HEARTBEAT,1,0,0,-110,3.25
2026-09-09 04:34:18,2,Supply Bolt Piston [ML],HEARTBEAT,1,0,0,-111,2.5
2026-09-09 04:34:28,2,Supply Bolt Piston [ML],HEARTBEAT,1,0,0,-112,1.25
2026-09-09 04:34:39,2,Supply Bolt Piston [ML],HEARTBEAT,1,0,0,-109,4
2026-09-09 04:34:49,2,Supply Bolt Piston [ML],HEARTBEAT,1,0,0,-112,1.75
2026-09-09 04:34:59,2,Supply Bolt Piston [ML],HEARTBEAT,1,0,0,-113,0
2026-09-09 04:35:10,2,Supply Bolt Piston [ML],HEARTBEAT,1,0,0,-109,-0.5
2026-09-09 04:35:20,2,Supply Bolt Piston [ML],HEARTBEAT,1,0,0,-118,-4.5
2026-09-09 04:35:31,2,Supply Bolt Piston [ML],HEARTBEAT,1,0,0,-115,-2
2026-09-09 04:35:41,2,Supply Bolt Piston [ML],HEARTBEAT,1,0,0,-115,-1
2026-09-09 04:35:51,2,Supply Bolt Piston [ML],HEARTBEAT,1,0,0,-113,-0.5
2026-09-09 04:36:02,2,Supply Bolt Piston [ML],HEARTBEAT,1,0,0,-110,2.75
2026-09-09 04:36:12,2,Supply Bolt Piston [ML],HEARTBEAT,1,0,0,-106,6.5
2026-09-09 04:36:23,2,Supply Bolt Piston [ML],HEARTBEAT,1,0,0,-108,5.5
2026-09-09 04:36:33,2,Supply Bolt Piston [ML],HEARTBEAT,1,0,0,-109,3.25
2026-09-09 04:36:43,2,Supply Bolt Piston [ML],HEARTBEAT,1,0,0,-106,6.25
2026-09-09 04:36:54,2,Supply Bolt Piston [ML],HEARTBEAT,1,0,0,-107,5.5
2026-09-09 04:37:04,2,Supply Bolt Piston [ML],HEARTBEAT,1,0,0,-108,5
2026-09-09 04:37:15,2,Supply Bolt Piston [ML],HEARTBEAT,1,0,0,-104,8
2026-09-09 04:37:25,2,Supply Bolt Piston [ML],HEARTBEAT,1,0,0,-102,8
2026-09-09 04:37:36,2,Supply Bolt Piston [ML],HEARTBEAT,1,0,0,-107,5.5
2026-09-09 04:37:46,2,Supply Bolt Piston [ML],HEARTBEAT,1,0,0,-107,5.75
2026-09-09 04:37:56,2,Supply Bolt Piston [ML],HEARTBEAT,1,0,0,-107,6.25
2026-09-09 04:38:07,2,Supply Bolt Piston [ML],HEARTBEAT,1,0,0,-106,7
2026-09-09 04:38:17,2,Supply Bolt Piston [ML],HEARTBEAT,1,0,0,-103,6
2026-09-09 04:38:28,2,Supply Bolt Piston [ML],HEARTBEAT,1,0,0,-107,6.5
2026-09-09 04:38:38,2,Supply Bolt Piston [ML],HEARTBEAT,1,0,0,-105,7
2026-09-09 04:38:48,2,Supply Bolt Piston [ML],HEARTBEAT,1,0,0,-107,5.25
2026-09-09 04:38:59,2,Supply Bolt Piston [ML],HEARTBEAT,1,0,0,-107,5.5
2026-09-09 04:39:09,2,Supply Bolt Piston [ML],HEARTBEAT,1,0,0,-108,1.75
2026-09-09 04:39:20,2,Supply Bolt Piston [ML],HEARTBEAT,1,0,0,-106,6.75
2026-09-09 04:39:30,2,Supply Bolt Piston [ML],HEARTBEAT,1,0,0,-107,6
2026-09-09 04:39:40,2,Supply Bolt Piston [ML],HEARTBEAT,1,0,0,-106,7
2026-09-09 04:39:51,2,Supply Bolt Piston [ML],HEARTBEAT,1,0,0,-107,3.25
2026-09-09 04:40:01,2,Supply Bolt Piston [ML],HEARTBEAT,1,0,0,-108,5
2026-09-09 04:40:12,2,Supply Bolt Piston [ML],HEARTBEAT,1,0,0,-110,3.25
2026-09-09 04:40:22,2,Supply Bolt Piston [ML],HEARTBEAT,1,0,0,-109,4.25
2026-09-09 04:40:32,2,Supply Bolt Piston [ML],HEARTBEAT,1,0,0,-109,4.5
2026-09-09 04:40:43,2,Supply Bolt Piston [ML],HEARTBEAT,1,0,0,-110,2.75
2026-09-09 04:40:53,2,Supply Bolt Piston [ML],HEARTBEAT,1,0,0,-110,3.25
2026-09-09 04:41:04,2,Supply Bolt Piston [ML],HEARTBEAT,1,0,0,-107,6
2026-09-09 04:41:14,2,Supply Bolt Piston [ML],HEARTBEAT,1,0,0,-103,0.75
2026-09-09 04:41:24,2,Supply Bolt Piston [ML],HEARTBEAT,1,0,0,-108,4.5
2026-09-09 04:41:35,2,Supply Bolt Piston [ML],HEARTBEAT,1,0,0,-109,4.75
2026-09-09 04:41:45,2,Supply Bolt Piston [ML],HEARTBEAT,1,0,0,-109,4.25
2026-09-09 04:41:56,2,Supply Bolt Piston [ML],HEARTBEAT,1,0,0,-112,2.25
2026-09-09 04:42:06,2,Supply Bolt Piston [ML],HEARTBEAT,1,0,0,-107,4.5
2026-09-09 04:42:16,2,Supply Bolt Piston [ML],HEARTBEAT,1,0,0,-110,3.5
2026-09-09 04:42:27,2,Supply Bolt Piston [ML],HEARTBEAT,1,0,0,-106,4.5
2026-09-09 04:42:37,2,Supply Bolt Piston [ML],HEARTBEAT,1,0,0,-109,4
2026-09-09 04:42:48,2,Supply Bolt Piston [ML],HEARTBEAT,1,0,0,-107,2
2026-09-09 04:42:58,2,Supply Bolt Piston [ML],HEARTBEAT,1,0,0,-111,3.25
2026-09-09 04:43:09,2,Supply Bolt Piston [ML],HEARTBEAT,1,0,0,-112,-0.25
2026-09-09 04:43:19,2,Supply Bolt Piston [ML],HEARTBEAT,1,0,0,-111,2.75
2026-09-09 04:43:29,2,Supply Bolt Piston [ML],HEARTBEAT,1,0,0,-114,-1
2026-09-09 04:43:50,2,Supply Bolt Piston [ML],HEARTBEAT,1,0,0,-111,-0.5
2026-09-09 04:44:01,2,Supply Bolt Piston [ML],HEARTBEAT,1,0,0,-115,-1
2026-09-09 04:44:11,2,Supply Bolt Piston [ML],HEARTBEAT,1,0,0,-111,2
2026-09-09 04:44:21,2,Supply Bolt Piston [ML],HEARTBEAT,1,0,0,-115,-1
2026-09-09 04:44:32,2,Supply Bolt Piston [ML],HEARTBEAT,1,0,0,-110,2.25
2026-09-09 04:44:42,2,Supply Bolt Piston [ML],HEARTBEAT,1,0,0,-110,3
2026-09-09 04:44:53,2,Supply Bolt Piston [ML],HEARTBEAT,1,0,0,-111,-2.5
2026-09-09 04:45:03,2,Supply Bolt Piston [ML],HEARTBEAT,1,0,0,-108,4.75
2026-09-09 04:45:13,2,Supply Bolt Piston [ML],HEARTBEAT,1,0,0,-106,6.5
2026-09-09 04:45:24,2,Supply Bolt Piston [ML],HEARTBEAT,1,0,0,-112,1.75
2026-09-09 04:45:34,2,Supply Bolt Piston [ML],HEARTBEAT,1,0,0,-112,2
2026-09-09 04:45:55,2,Supply Bolt Piston [ML],HEARTBEAT,1,0,0,-110,4
2026-09-09 04:46:05,2,Supply Bolt Piston [ML],HEARTBEAT,1,0,0,-112,2.25
2026-09-09 04:46:16,2,Supply Bolt Piston [ML],HEARTBEAT,1,0,0,-109,4.5
2026-09-09 04:46:26,2,Supply Bolt Piston [ML],HEARTBEAT,1,0,0,-111,1.75
2026-09-09 04:46:37,2,Supply Bolt Piston [ML],HEARTBEAT,1,0,0,-110,3.25
2026-09-09 04:46:47,2,Supply Bolt Piston [ML],HEARTBEAT,1,0,0,-109,4.25
2026-09-09 04:46:57,2,Supply Bolt Piston [ML],HEARTBEAT,1,0,0,-110,3.75
2026-09-09 04:47:08,2,Supply Bolt Piston [ML],HEARTBEAT,1,0,0,-110,3.75
2026-09-09 04:47:18,2,Supply Bolt Piston [ML],HEARTBEAT,1,0,0,-110,3.5
2026-09-09 04:47:29,2,Supply Bolt Piston [ML],HEARTBEAT,1,0,0,-111,3.25
2026-09-09 04:47:39,2,Supply Bolt Piston [ML],HEARTBEAT,1,0,0,-110,3.75
2026-09-09 04:47:49,2,Supply Bolt Piston [ML],HEARTBEAT,1,0,0,-111,2.75
2026-09-09 04:48:00,2,Supply Bolt Piston [ML],HEARTBEAT,1,0,0,-108,2.5
2026-09-09 04:48:10,2,Supply Bolt Piston [ML],HEARTBEAT,1,0,0,-110,0.5
2026-09-09 04:48:21,2,Supply Bolt Piston [ML],HEARTBEAT,1,0,0,-110,1.75
2026-09-09 04:48:31,2,Supply Bolt Piston [ML],HEARTBEAT,1,0,0,-109,4.75
2026-09-09 04:48:42,2,Supply Bolt Piston [ML],HEARTBEAT,1,0,0,-111,2.75
2026-09-09 04:48:52,2,Supply Bolt Piston [ML],HEARTBEAT,1,0,0,-110,2
2026-09-09 04:49:13,2,Supply Bolt Piston [ML],HEARTBEAT,1,0,0,-111,3
2026-09-09 04:49:23,2,Supply Bolt Piston [ML],HEARTBEAT,1,0,0,-110,4
2026-09-09 04:49:34,2,Supply Bolt Piston [ML],HEARTBEAT,1,0,0,-111,3.25
2026-09-09 04:49:44,2,Supply Bolt Piston [ML],HEARTBEAT,1,0,0,-110,3.25
2026-09-09 04:49:54,2,Supply Bolt Piston [ML],HEARTBEAT,1,0,0,-111,2.25
2026-09-09 04:50:05,2,Supply Bolt Piston [ML],HEARTBEAT,1,0,0,-109,4
2026-09-09 04:50:15,2,Supply Bolt Piston [ML],HEARTBEAT,1,0,0,-108,2.75
2026-09-09 04:50:26,2,Supply Bolt Piston [ML],HEARTBEAT,1,0,0,-111,3.5
2026-09-09 04:50:36,2,Supply Bolt Piston [ML],HEARTBEAT,1,0,0,-109,3.75
2026-09-09 04:50:46,2,Supply Bolt Piston [ML],HEARTBEAT,1,0,0,-111,2.5
2026-09-09 04:50:57,2,Supply Bolt Piston [ML],HEARTBEAT,1,0,0,-109,4.25
2026-09-09 04:51:07,2,Supply Bolt Piston [ML],HEARTBEAT,1,0,0,-110,3.5
2026-09-09 04:51:18,2,Supply Bolt Piston [ML],HEARTBEAT,1,0,0,-111,1.5
2026-09-09 04:51:28,2,Supply Bolt Piston [ML],HEARTBEAT,1,0,0,-110,3.5
2026-09-09 04:51:38,2,Supply Bolt Piston [ML],HEARTBEAT,1,0,0,-112,2.75
2026-09-09 04:51:49,2,Supply Bolt Piston [ML],HEARTBEAT,1,0,0,-112,2.25
2026-09-09 04:51:59,2,Supply Bolt Piston [ML],HEARTBEAT,1,0,0,-110,4.25
2026-09-09 04:52:10,2,Supply Bolt Piston [ML],HEARTBEAT,1,0,0,-111,2.75
2026-09-09 04:52:20,2,Supply Bolt Piston [ML],HEARTBEAT,1,0,0,-110,3.5
2026-09-09 04:52:30,2,Supply Bolt Piston [ML],HEARTBEAT,1,0,0,-110,3.25
2026-09-09 04:52:41,2,Supply Bolt Piston [ML],HEARTBEAT,1,0,0,-110,4.25
2026-09-09 04:52:51,2,Supply Bolt Piston [ML],HEARTBEAT,1,0,0,-110,3.5
2026-09-09 04:53:02,2,Supply Bolt Piston [ML],HEARTBEAT,1,0,0,-110,3.25
2026-09-09 04:53:12,2,Supply Bolt Piston [ML],HEARTBEAT,1,0,0,-110,3.75
2026-09-09 04:53:22,2,Supply Bolt Piston [ML],HEARTBEAT,1,0,0,-111,1.75
2026-09-09 04:53:33,2,Supply Bolt Piston [ML],HEARTBEAT,1,0,0,-109,3.75
2026-09-09 04:53:43,2,Supply Bolt Piston [ML],HEARTBEAT,1,0,0,-110,3.25
2026-09-09 04:53:54,2,Supply Bolt Piston [ML],HEARTBEAT,1,0,0,-111,2
2026-09-09 04:54:04,2,Supply Bolt Piston [ML],HEARTBEAT,1,0,0,-109,3.75
2026-09-09 04:54:14,2,Supply Bolt Piston [ML],HEARTBEAT,1,0,0,-110,3.5
2026-09-09 04:54:25,2,Supply Bolt Piston [ML],HEARTBEAT,1,0,0,-108,4.25
2026-09-09 04:54:35,2,Supply Bolt Piston [ML],HEARTBEAT,1,0,0,-110,3.75
2026-09-09 04:54:46,2,Supply Bolt Piston [ML],HEARTBEAT,1,0,0,-110,4.25
2026-09-09 04:54:56,2,Supply Bolt Piston [ML],HEARTBEAT,1,0,0,-110,3.25
2026-09-09 04:55:07,2,Supply Bolt Piston [ML],HEARTBEAT,1,0,0,-110,3.75
2026-09-09 04:55:17,2,Supply Bolt Piston [ML],HEARTBEAT,1,0,0,-107,3
2026-09-09 04:55:27,2,Supply Bolt Piston [ML],HEARTBEAT,1,0,0,-110,3.75
2026-09-09 04:55:38,2,Supply Bolt Piston [ML],HEARTBEAT,1,0,0,-108,2.75
2026-09-09 04:55:48,2,Supply Bolt Piston [ML],HEARTBEAT,1,0,0,-109,4.75
2026-09-09 04:55:59,2,Supply Bolt Piston [ML],HEARTBEAT,1,0,0,-110,4
2026-09-09 04:56:09,2,Supply Bolt Piston [ML],HEARTBEAT,1,0,0,-109,3.25
2026-09-09 04:56:19,2,Supply Bolt Piston [ML],HEARTBEAT,1,0,0,-110,3.5
2026-09-09 04:56:30,2,Supply Bolt Piston [ML],HEARTBEAT,1,0,0,-109,4.25
2026-09-09 04:56:40,2,Supply Bolt Piston [ML],HEARTBEAT,1,0,0,-109,4.25
2026-09-09 04:56:51,2,Supply Bolt Piston [ML],HEARTBEAT,1,0,0,-111,2.25
2026-09-09 04:57:01,2,Supply Bolt Piston [ML],HEARTBEAT,1,0,0,-110,4
2026-09-09 04:57:11,2,Supply Bolt Piston [ML],HEARTBEAT,1,0,0,-111,3
2026-09-09 04:57:22,2,Supply Bolt Piston [ML],HEARTBEAT,1,0,0,-110,3.75
2026-09-09 04:57:32,2,Supply Bolt Piston [ML],HEARTBEAT,1,0,0,-108,2
2026-09-09 04:57:43,2,Supply Bolt Piston [ML],HEARTBEAT,1,0,0,-110,3.25
2026-09-09 04:57:53,2,Supply Bolt Piston [ML],HEARTBEAT,1,0,0,-109,4.5
2026-09-09 04:58:03,2,Supply Bolt Piston [ML],HEARTBEAT,1,0,0,-110,3.5
2026-09-09 04:58:14,2,Supply Bolt Piston [ML],HEARTBEAT,1,0,0,-109,3.75
2026-09-09 04:58:24,2,Supply Bolt Piston [ML],HEARTBEAT,1,0,0,-110,3.25
2026-09-09 04:58:35,2,Supply Bolt Piston [ML],HEARTBEAT,1,0,0,-110,2.75
2026-09-09 04:58:45,2,Supply Bolt Piston [ML],HEARTBEAT,1,0,0,-110,4
2026-09-09 04:58:55,2,Supply Bolt Piston [ML],HEARTBEAT,1,0,0,-110,3.75
2026-09-09 04:59:06,2,Supply Bolt Piston [ML],HEARTBEAT,1,0,0,-109,3.75
2026-09-09 04:59:16,2,Supply Bolt Piston [ML],HEARTBEAT,1,0,0,-106,2.25
2026-09-09 04:59:27,2,Supply Bolt Piston [ML],HEARTBEAT,1,0,0,-112,2
2026-09-09 04:59:37,2,Supply Bolt Piston [ML],HEARTBEAT,1,0,0,-109,4.25
2026-09-09 04:59:47,2,Supply Bolt Piston [ML],HEARTBEAT,1,0,0,-111,3
2026-09-09 04:59:58,2,Supply Bolt Piston [ML],HEARTBEAT,1,0,0,-109,4.25
2026-09-09 05:00:08,2,Supply Bolt Piston [ML],HEARTBEAT,1,0,0,-110,3
2026-09-09 05:00:19,2,Supply Bolt Piston [ML],HEARTBEAT,1,0,0,-111,2
2026-09-09 05:00:29,2,Supply Bolt Piston [ML],HEARTBEAT,1,0,0,-110,4
2026-09-09 05:00:39,2,Supply Bolt Piston [ML],HEARTBEAT,1,0,0,-111,1.75
2026-09-09 05:00:50,2,Supply Bolt Piston [ML],HEARTBEAT,1,0,0,-109,2.5
2026-09-09 05:01:00,2,Supply Bolt Piston [ML],HEARTBEAT,1,0,0,-111,3
2026-09-09 05:01:11,2,Supply Bolt Piston [ML],HEARTBEAT,1,0,0,-111,2.5
2026-09-09 05:01:21,2,Supply Bolt Piston [ML],HEARTBEAT,1,0,0,-110,3.25
2026-09-09 05:01:32,2,Supply Bolt Piston [ML],HEARTBEAT,1,0,0,-110,1
2026-09-09 05:01:42,2,Supply Bolt Piston [ML],HEARTBEAT,1,0,0,-110,2.25
2026-09-09 05:01:52,2,Supply Bolt Piston [ML],HEARTBEAT,1,0,0,-111,2.75
2026-09-09 05:02:03,2,Supply Bolt Piston [ML],HEARTBEAT,1,0,0,-112,2.25
2026-09-09 05:02:13,2,Supply Bolt Piston [ML],HEARTBEAT,1,0,0,-110,3.5
2026-09-09 05:02:24,2,Supply Bolt Piston [ML],HEARTBEAT,1,0,0,-112,2.25
2026-09-09 05:02:34,2,Supply Bolt Piston [ML],HEARTBEAT,1,0,0,-110,3.25
2026-09-09 05:02:44,2,Supply Bolt Piston [ML],HEARTBEAT,1,0,0,-111,2.5
2026-09-09 05:02:55,2,Supply Bolt Piston [ML],HEARTBEAT,1,0,0,-111,2.25
2026-09-09 05:03:05,2,Supply Bolt Piston [ML],HEARTBEAT,1,0,0,-110,3.25
2026-09-09 05:03:16,2,Supply Bolt Piston [ML],HEARTBEAT,1,0,0,-111,2.5
2026-09-09 05:03:26,2,Supply Bolt Piston [ML],HEARTBEAT,1,0,0,-108,-2.5
2026-09-09 05:03:36,2,Supply Bolt Piston [ML],HEARTBEAT,1,0,0,-111,2.25
2026-09-09 05:03:47,2,Supply Bolt Piston [ML],HEARTBEAT,1,0,0,-111,3
2026-09-09 05:03:57,2,Supply Bolt Piston [ML],HEARTBEAT,1,0,0,-110,3.75
2026-09-09 05:04:08,2,Supply Bolt Piston [ML],HEARTBEAT,1,0,0,-110,0.25
2026-09-09 05:04:18,2,Supply Bolt Piston [ML],HEARTBEAT,1,0,0,-109,3.75
2026-09-09 05:04:28,2,Supply Bolt Piston [ML],HEARTBEAT,1,0,0,-111,2.5
2026-09-09 05:04:39,2,Supply Bolt Piston [ML],HEARTBEAT,1,0,0,-110,3.5
2026-09-09 05:04:49,2,Supply Bolt Piston [ML],HEARTBEAT,1,0,0,-110,2
2026-09-09 05:05:00,2,Supply Bolt Piston [ML],HEARTBEAT,1,0,0,-111,2.5
2026-09-09 05:05:10,2,Supply Bolt Piston [ML],HEARTBEAT,1,0,0,-110,3.5
2026-09-09 05:05:20,2,Supply Bolt Piston [ML],HEARTBEAT,1,0,0,-110,2
2026-09-09 05:05:31,2,Supply Bolt Piston [ML],HEARTBEAT,1,0,0,-110,3.5
2026-09-09 05:05:41,2,Supply Bolt Piston [ML],HEARTBEAT,1,0,0,-110,3.25
2026-09-09 05:05:52,2,Supply Bolt Piston [ML],HEARTBEAT,1,0,0,-111,1.75
2026-09-09 05:06:02,2,Supply Bolt Piston [ML],HEARTBEAT,1,0,0,-110,3.75
2026-09-09 05:06:12,2,Supply Bolt Piston [ML],HEARTBEAT,1,0,0,-111,1.5
2026-09-09 05:06:23,2,Supply Bolt Piston [ML],HEARTBEAT,1,0,0,-111,3.25
2026-09-09 05:06:33,2,Supply Bolt Piston [ML],HEARTBEAT,1,0,0,-109,3
2026-09-09 05:06:44,2,Supply Bolt Piston [ML],HEARTBEAT,1,0,0,-111,2.75
2026-09-09 05:06:54,2,Supply Bolt Piston [ML],HEARTBEAT,1,0,0,-110,3
2026-09-09 05:07:04,2,Supply Bolt Piston [ML],HEARTBEAT,1,0,0,-112,2
2026-09-09 05:07:15,2,Supply Bolt Piston [ML],HEARTBEAT,1,0,0,-110,3.5
2026-09-09 05:07:25,2,Supply Bolt Piston [ML],HEARTBEAT,1,0,0,-110,2.75
2026-09-09 05:07:36,2,Supply Bolt Piston [ML],HEARTBEAT,1,0,0,-111,2
2026-09-09 05:07:46,2,Supply Bolt Piston [ML],HEARTBEAT,1,0,0,-110,3.5
2026-09-09 05:07:57,2,Supply Bolt Piston [ML],HEARTBEAT,1,0,0,-112,2.5
2026-09-09 05:08:07,2,Supply Bolt Piston [ML],HEARTBEAT,1,0,0,-110,-0.5
2026-09-09 05:08:17,2,Supply Bolt Piston [ML],HEARTBEAT,1,0,0,-111,2.5
2026-09-09 05:08:28,2,Supply Bolt Piston [ML],HEARTBEAT,1,0,0,-111,1.75
2026-09-09 05:08:38,2,Supply Bolt Piston [ML],HEARTBEAT,1,0,0,-110,2.25
2026-09-09 05:08:49,2,Supply Bolt Piston [ML],HEARTBEAT,1,0,0,-112,0.25
2026-09-09 05:08:59,2,Supply Bolt Piston [ML],HEARTBEAT,1,0,0,-110,3.25
2026-09-09 05:09:09,2,Supply Bolt Piston [ML],HEARTBEAT,1,0,0,-111,2.25
2026-09-09 05:09:20,2,Supply Bolt Piston [ML],HEARTBEAT,1,0,0,-112,2
2026-09-09 05:09:30,2,Supply Bolt Piston [ML],HEARTBEAT,1,0,0,-109,1.5
2026-09-09 05:09:41,2,Supply Bolt Piston [ML],HEARTBEAT,1,0,0,-112,2
2026-09-09 05:09:51,2,Supply Bolt Piston [ML],HEARTBEAT,1,0,0,-110,2.75
2026-09-09 05:10:01,2,Supply Bolt Piston [ML],HEARTBEAT,1,0,0,-112,2.25
2026-09-09 05:10:12,2,Supply Bolt Piston [ML],HEARTBEAT,1,0,0,-111,2
2026-09-09 05:10:22,2,Supply Bolt Piston [ML],HEARTBEAT,1,0,0,-110,3.25
2026-09-09 05:10:33,2,Supply Bolt Piston [ML],HEARTBEAT,1,0,0,-112,2.25
2026-09-09 05:10:43,2,Supply Bolt Piston [ML],HEARTBEAT,1,0,0,-110,2.75
2026-09-09 05:10:53,2,Supply Bolt Piston [ML],HEARTBEAT,1,0,0,-111,2
2026-09-09 05:11:04,2,Supply Bolt Piston [ML],HEARTBEAT,1,0,0,-111,2.75
2026-09-09 05:11:14,2,Supply Bolt Piston [ML],HEARTBEAT,1,0,0,-110,3.75
2026-09-09 05:11:25,2,Supply Bolt Piston [ML],HEARTBEAT,1,0,0,-111,2
2026-09-09 05:11:35,2,Supply Bolt Piston [ML],HEARTBEAT,1,0,0,-110,3.5
2026-09-09 05:11:45,2,Supply Bolt Piston [ML],HEARTBEAT,1,0,0,-111,2.25
2026-09-09 05:11:56,2,Supply Bolt Piston [ML],HEARTBEAT,1,0,0,-111,3.25
2026-09-09 05:12:06,2,Supply Bolt Piston [ML],HEARTBEAT,1,0,0,-108,-1.75
2026-09-09 05:12:17,2,Supply Bolt Piston [ML],HEARTBEAT,1,0,0,-112,2
2026-09-09 05:12:27,2,Supply Bolt Piston [ML],HEARTBEAT,1,0,0,-110,3
2026-09-09 05:12:37,2,Supply Bolt Piston [ML],HEARTBEAT,1,0,0,-112,1.75
2026-09-09 05:12:48,2,Supply Bolt Piston [ML],HEARTBEAT,1,0,0,-110,0.5
2026-09-09 05:12:58,2,Supply Bolt Piston [ML],HEARTBEAT,1,0,0,-110,3.75
2026-09-09 05:13:09,2,Supply Bolt Piston [ML],HEARTBEAT,1,0,0,-110,0
2026-09-09 05:13:19,2,Supply Bolt Piston [ML],HEARTBEAT,1,0,0,-111,1.5
2026-09-09 05:13:29,2,Supply Bolt Piston [ML],HEARTBEAT,1,0,0,-112,2.75
2026-09-09 05:13:40,2,Supply Bolt Piston [ML],HEARTBEAT,1,0,0,-110,3
2026-09-09 05:13:50,2,Supply Bolt Piston [ML],HEARTBEAT,1,0,0,-110,2.25
2026-09-09 05:14:01,2,Supply Bolt Piston [ML],HEARTBEAT,1,0,0,-111,1.75
2026-09-09 05:14:11,2,Supply Bolt Piston [ML],HEARTBEAT,1,0,0,-110,3.5
2026-09-09 05:14:22,2,Supply Bolt Piston [ML],HEARTBEAT,1,0,0,-111,2.5
2026-09-09 05:14:32,2,Supply Bolt Piston [ML],HEARTBEAT,1,0,0,-110,3.5
2026-09-09 05:14:42,2,Supply Bolt Piston [ML],HEARTBEAT,1,0,0,-110,2.25
2026-09-09 05:14:53,2,Supply Bolt Piston [ML],HEARTBEAT,1,0,0,-111,2
2026-09-09 05:15:03,2,Supply Bolt Piston [ML],HEARTBEAT,1,0,0,-110,3.25
2026-09-09 05:15:14,2,Supply Bolt Piston [ML],HEARTBEAT,1,0,0,-112,2.25
2026-09-09 05:15:24,2,Supply Bolt Piston [ML],HEARTBEAT,1,0,0,-110,3.5
2026-09-09 05:15:34,2,Supply Bolt Piston [ML],HEARTBEAT,1,0,0,-111,2.25
2026-09-09 05:15:45,2,Supply Bolt Piston [ML],HEARTBEAT,1,0,0,-111,2
2026-09-09 05:15:55,2,Supply Bolt Piston [ML],HEARTBEAT,1,0,0,-110,3.5
2026-09-09 05:16:06,2,Supply Bolt Piston [ML],HEARTBEAT,1,0,0,-112,2.25
2026-09-09 05:16:16,2,Supply Bolt Piston [ML],HEARTBEAT,1,0,0,-110,2.5
2026-09-09 05:16:26,2,Supply Bolt Piston [ML],HEARTBEAT,1,0,0,-110,-0.25
2026-09-09 05:16:37,2,Supply Bolt Piston [ML],HEARTBEAT,1,0,0,-112,1.75
2026-09-09 05:16:47,2,Supply Bolt Piston [ML],HEARTBEAT,1,0,0,-110,3.5
2026-09-09 05:16:58,2,Supply Bolt Piston [ML],HEARTBEAT,1,0,0,-112,2.5
2026-09-09 05:17:08,2,Supply Bolt Piston [ML],HEARTBEAT,1,0,0,-110,1.5
2026-09-09 05:17:18,2,Supply Bolt Piston [ML],HEARTBEAT,1,0,0,-112,2.25
2026-09-09 05:17:29,2,Supply Bolt Piston [ML],HEARTBEAT,1,0,0,-112,2.25
2026-09-09 05:17:39,2,Supply Bolt Piston [ML],HEARTBEAT,1,0,0,-110,3.5
2026-09-09 05:17:50,2,Supply Bolt Piston [ML],HEARTBEAT,1,0,0,-112,1.75
2026-09-09 05:18:00,2,Supply Bolt Piston [ML],HEARTBEAT,1,0,0,-110,3.5
2026-09-09 05:18:10,2,Supply Bolt Piston [ML],HEARTBEAT,1,0,0,-112,1.75
2026-09-09 05:18:21,2,Supply Bolt Piston [ML],HEARTBEAT,1,0,0,-111,2.25
2026-09-09 05:18:31,2,Supply Bolt Piston [ML],HEARTBEAT,1,0,0,-109,2.5
2026-09-09 05:18:42,2,Supply Bolt Piston [ML],HEARTBEAT,1,0,0,-111,2.25
2026-09-09 05:19:02,2,Supply Bolt Piston [ML],HEARTBEAT,1,0,0,-112,2.5
2026-09-09 05:19:13,2,Supply Bolt Piston [ML],HEARTBEAT,1,0,0,-111,3.25
2026-09-09 05:19:23,2,Supply Bolt Piston [ML],HEARTBEAT,1,0,0,-110,3.5
2026-09-09 05:19:34,2,Supply Bolt Piston [ML],HEARTBEAT,1,0,0,-111,1.25
2026-09-09 05:19:44,2,Supply Bolt Piston [ML],HEARTBEAT,1,0,0,-110,3.5
2026-09-09 05:19:54,2,Supply Bolt Piston [ML],HEARTBEAT,1,0,0,-111,2.5
2026-09-09 05:20:05,2,Supply Bolt Piston [ML],HEARTBEAT,1,0,0,-111,3.25
2026-09-09 05:20:15,2,Supply Bolt Piston [ML],HEARTBEAT,1,0,0,-111,3.5
2026-09-09 05:20:26,2,Supply Bolt Piston [ML],HEARTBEAT,1,0,0,-112,2
2026-09-09 05:20:47,2,Supply Bolt Piston [ML],HEARTBEAT,1,0,0,-112,2.5
2026-09-09 05:20:57,2,Supply Bolt Piston [ML],HEARTBEAT,1,0,0,-104,1
2026-09-09 05:21:07,2,Supply Bolt Piston [ML],HEARTBEAT,1,0,0,-110,2.75
2026-09-09 05:21:18,2,Supply Bolt Piston [ML],HEARTBEAT,1,0,0,-112,1.75
2026-09-09 05:21:28,2,Supply Bolt Piston [ML],HEARTBEAT,1,0,0,-111,3.25
2026-09-09 05:21:39,2,Supply Bolt Piston [ML],HEARTBEAT,1,0,0,-111,1.5
2026-09-09 05:21:49,2,Supply Bolt Piston [ML],HEARTBEAT,1,0,0,-110,2
2026-09-09 05:21:59,2,Supply Bolt Piston [ML],HEARTBEAT,1,0,0,-111,3.25
2026-09-09 05:22:10,2,Supply Bolt Piston [ML],HEARTBEAT,1,0,0,-112,1.5
2026-09-09 05:22:20,2,Supply Bolt Piston [ML],HEARTBEAT,1,0,0,-110,3
2026-09-09 05:22:31,2,Supply Bolt Piston [ML],HEARTBEAT,1,0,0,-111,0.5
2026-09-09 05:22:41,2,Supply Bolt Piston [ML],HEARTBEAT,1,0,0,-110,3
2026-09-09 05:22:51,2,Supply Bolt Piston [ML],HEARTBEAT,1,0,0,-111,2.25
2026-09-09 05:23:02,2,Supply Bolt Piston [ML],HEARTBEAT,1,0,0,-112,2
2026-09-09 05:23:12,2,Supply Bolt Piston [ML],HEARTBEAT,1,0,0,-111,3.5
2026-09-09 05:23:23,2,Supply Bolt Piston [ML],HEARTBEAT,1,0,0,-112,2
2026-09-09 05:23:33,2,Supply Bolt Piston [ML],HEARTBEAT,1,0,0,-112,1.75
2026-09-09 05:23:43,2,Supply Bolt Piston [ML],HEARTBEAT,1,0,0,-112,2.25
2026-09-09 05:23:54,2,Supply Bolt Piston [ML],HEARTBEAT,1,0,0,-112,2
2026-09-09 05:24:04,2,Supply Bolt Piston [ML],HEARTBEAT,1,0,0,-111,3.25
2026-09-09 05:24:15,2,Supply Bolt Piston [ML],HEARTBEAT,1,0,0,-110,0.25
2026-09-09 05:24:25,2,Supply Bolt Piston [ML],HEARTBEAT,1,0,0,-110,2.75
2026-09-09 05:24:35,2,Supply Bolt Piston [ML],HEARTBEAT,1,0,0,-112,1.75
2026-09-09 05:24:46,2,Supply Bolt Piston [ML],HEARTBEAT,1,0,0,-113,1
2026-09-09 05:24:56,2,Supply Bolt Piston [ML],HEARTBEAT,1,0,0,-110,1.5
2026-09-09 05:25:07,2,Supply Bolt Piston [ML],HEARTBEAT,1,0,0,-113,1.5
2026-09-09 05:25:17,2,Supply Bolt Piston [ML],HEARTBEAT,1,0,0,-111,2.75
2026-09-09 05:25:27,2,Supply Bolt Piston [ML],HEARTBEAT,1,0,0,-113,1.75
2026-09-09 05:25:38,2,Supply Bolt Piston [ML],HEARTBEAT,1,0,0,-112,1.25
2026-09-09 05:25:48,2,Supply Bolt Piston [ML],HEARTBEAT,1,0,0,-110,0.25
2026-09-09 05:25:59,2,Supply Bolt Piston [ML],HEARTBEAT,1,0,0,-110,0.5
2026-09-09 05:26:09,2,Supply Bolt Piston [ML],HEARTBEAT,1,0,0,-111,3
2026-09-09 05:26:19,2,Supply Bolt Piston [ML],HEARTBEAT,1,0,0,-112,2
2026-09-09 05:26:30,2,Supply Bolt Piston [ML],HEARTBEAT,1,0,0,-110,2
2026-09-09 05:26:40,2,Supply Bolt Piston [ML],HEARTBEAT,1,0,0,-111,3
2026-09-09 05:26:51,2,Supply Bolt Piston [ML],HEARTBEAT,1,0,0,-112,1.25
2026-09-09 05:27:01,2,Supply Bolt Piston [ML],HEARTBEAT,1,0,0,-111,3
2026-09-09 05:27:11,2,Supply Bolt Piston [ML],HEARTBEAT,1,0,0,-112,1.75
2026-09-09 05:27:22,2,Supply Bolt Piston [ML],HEARTBEAT,1,0,0,-111,3
2026-09-09 05:27:32,2,Supply Bolt Piston [ML],HEARTBEAT,1,0,0,-110,2.75
2026-09-09 05:27:43,2,Supply Bolt Piston [ML],HEARTBEAT,1,0,0,-113,1.75
2026-09-09 05:27:53,2,Supply Bolt Piston [ML],HEARTBEAT,1,0,0,-110,3
2026-09-09 05:28:04,2,Supply Bolt Piston [ML],HEARTBEAT,1,0,0,-112,2
2026-09-09 05:28:14,2,Supply Bolt Piston [ML],HEARTBEAT,1,0,0,-111,3
2026-09-09 05:28:24,2,Supply Bolt Piston [ML],HEARTBEAT,1,0,0,-110,1.5
2026-09-09 05:28:35,2,Supply Bolt Piston [ML],HEARTBEAT,1,0,0,-112,1.75
2026-09-09 05:28:45,2,Supply Bolt Piston [ML],HEARTBEAT,1,0,0,-111,3
2026-09-09 05:28:56,2,Supply Bolt Piston [ML],HEARTBEAT,1,0,0,-112,1.75
2026-09-09 05:29:06,2,Supply Bolt Piston [ML],HEARTBEAT,1,0,0,-111,2.5
2026-09-09 05:29:27,2,Supply Bolt Piston [ML],HEARTBEAT,1,0,0,-112,2
2026-09-09 05:29:37,2,Supply Bolt Piston [ML],HEARTBEAT,1,0,0,-110,3
2026-09-09 05:29:48,2,Supply Bolt Piston [ML],HEARTBEAT,1,0,0,-111,1.75
2026-09-09 05:29:58,2,Supply Bolt Piston [ML],HEARTBEAT,1,0,0,-109,2.25
2026-09-09 05:30:08,2,Supply Bolt Piston [ML],HEARTBEAT,1,0,0,-111,2.5
2026-09-09 05:30:19,2,Supply Bolt Piston [ML],HEARTBEAT,1,0,0,-112,2
2026-09-09 05:30:29,2,Supply Bolt Piston [ML],HEARTBEAT,1,0,0,-111,3.25
2026-09-09 05:30:40,2,Supply Bolt Piston [ML],HEARTBEAT,1,0,0,-112,1.75
2026-09-09 05:30:50,2,Supply Bolt Piston [ML],HEARTBEAT,1,0,0,-111,2.5
2026-09-09 05:31:00,2,Supply Bolt Piston [ML],HEARTBEAT,1,0,0,-112,2.25
2026-09-09 05:31:11,2,Supply Bolt Piston [ML],HEARTBEAT,1,0,0,-112,1.75
2026-09-09 05:31:21,2,Supply Bolt Piston [ML],HEARTBEAT,1,0,0,-110,3
2026-09-09 05:31:32,2,Supply Bolt Piston [ML],HEARTBEAT,1,0,0,-111,2
2026-09-09 05:31:42,2,Supply Bolt Piston [ML],HEARTBEAT,1,0,0,-108,3
2026-09-09 05:31:52,2,Supply Bolt Piston [ML],HEARTBEAT,1,0,0,-111,1.75
2026-09-09 05:32:03,2,Supply Bolt Piston [ML],HEARTBEAT,1,0,0,-111,2
2026-09-09 05:32:13,2,Supply Bolt Piston [ML],HEARTBEAT,1,0,0,-110,3.75
2026-09-09 05:32:34,2,Supply Bolt Piston [ML],HEARTBEAT,1,0,0,-110,3.75
2026-09-09 05:32:44,2,Supply Bolt Piston [ML],HEARTBEAT,1,0,0,-112,2.25
2026-09-09 05:32:55,2,Supply Bolt Piston [ML],HEARTBEAT,1,0,0,-111,2.5
2026-09-09 05:33:05,2,Supply Bolt Piston [ML],HEARTBEAT,1,0,0,-110,3
2026-09-09 05:33:16,2,Supply Bolt Piston [ML],HEARTBEAT,1,0,0,-111,2
2026-09-09 05:33:26,2,Supply Bolt Piston [ML],HEARTBEAT,1,0,0,-111,3.5
2026-09-09 05:33:36,2,Supply Bolt Piston [ML],HEARTBEAT,1,0,0,-111,2
2026-09-09 05:33:47,2,Supply Bolt Piston [ML],HEARTBEAT,1,0,0,-111,3.25
2026-09-09 05:33:57,2,Supply Bolt Piston [ML],HEARTBEAT,1,0,0,-110,3.5
2026-09-09 05:34:08,2,Supply Bolt Piston [ML],HEARTBEAT,1,0,0,-111,1.5
2026-09-09 05:34:18,2,Supply Bolt Piston [ML],HEARTBEAT,1,0,0,-110,3.25
2026-09-09 05:34:28,2,Supply Bolt Piston [ML],HEARTBEAT,1,0,0,-111,2
2026-09-09 05:34:39,2,Supply Bolt Piston [ML],HEARTBEAT,1,0,0,-110,2.25
2026-09-09 05:34:49,2,Supply Bolt Piston [ML],HEARTBEAT,1,0,0,-110,3.25
2026-09-09 05:35:00,2,Supply Bolt Piston [ML],HEARTBEAT,1,0,0,-112,2.25
2026-09-09 05:35:10,2,Supply Bolt Piston [ML],HEARTBEAT,1,0,0,-110,2.75
2026-09-09 05:35:21,2,Supply Bolt Piston [ML],HEARTBEAT,1,0,0,-112,2.5
2026-09-09 05:35:31,2,Supply Bolt Piston [ML],HEARTBEAT,1,0,0,-111,3.25
2026-09-09 05:35:41,2,Supply Bolt Piston [ML],HEARTBEAT,1,0,0,-110,3.5
2026-09-09 05:35:52,2,Supply Bolt Piston [ML],HEARTBEAT,1,0,0,-111,2
2026-09-09 05:36:02,2,Supply Bolt Piston [ML],HEARTBEAT,1,0,0,-110,3
2026-09-09 05:36:13,2,Supply Bolt Piston [ML],HEARTBEAT,1,0,0,-112,2.5
2026-09-09 05:36:23,2,Supply Bolt Piston [ML],HEARTBEAT,1,0,0,-107,-3.25
2026-09-09 05:36:33,2,Supply Bolt Piston [ML],HEARTBEAT,1,0,0,-111,3
2026-09-09 05:36:44,2,Supply Bolt Piston [ML],HEARTBEAT,1,0,0,-111,2.25
2026-09-09 05:36:54,2,Supply Bolt Piston [ML],HEARTBEAT,1,0,0,-108,2
2026-09-09 05:37:05,2,Supply Bolt Piston [ML],HEARTBEAT,1,0,0,-111,0.75
2026-09-09 05:37:15,2,Supply Bolt Piston [ML],HEARTBEAT,1,0,0,-111,3.25
2026-09-09 05:37:25,2,Supply Bolt Piston [ML],HEARTBEAT,1,0,0,-111,2.5
2026-09-09 05:37:36,2,Supply Bolt Piston [ML],HEARTBEAT,1,0,0,-112,2
2026-09-09 05:37:46,2,Supply Bolt Piston [ML],HEARTBEAT,1,0,0,-112,1.25
2026-09-09 05:37:57,2,Supply Bolt Piston [ML],HEARTBEAT,1,0,0,-112,2
2026-09-09 05:38:07,2,Supply Bolt Piston [ML],HEARTBEAT,1,0,0,-111,3.25
2026-09-09 05:38:17,2,Supply Bolt Piston [ML],HEARTBEAT,1,0,0,-111,2
2026-09-09 05:38:28,2,Supply Bolt Piston [ML],HEARTBEAT,1,0,0,-112,2
2026-09-09 05:38:38,2,Supply Bolt Piston [ML],HEARTBEAT,1,0,0,-110,2.5
2026-09-09 05:38:49,2,Supply Bolt Piston [ML],HEARTBEAT,1,0,0,-112,2.25
2026-09-09 05:38:59,2,Supply Bolt Piston [ML],HEARTBEAT,1,0,0,-110,2.75
2026-09-09 05:39:09,2,Supply Bolt Piston [ML],HEARTBEAT,1,0,0,-111,1.5
2026-09-09 05:39:20,2,Supply Bolt Piston [ML],HEARTBEAT,1,0,0,-112,2.25
2026-09-09 05:39:30,2,Supply Bolt Piston [ML],HEARTBEAT,1,0,0,-111,3.25
2026-09-09 05:39:41,2,Supply Bolt Piston [ML],HEARTBEAT,1,0,0,-112,1.75
2026-09-09 05:39:51,2,Supply Bolt Piston [ML],HEARTBEAT,1,0,0,-110,3.5
2026-09-09 05:40:01,2,Supply Bolt Piston [ML],HEARTBEAT,1,0,0,-111,2.75
2026-09-09 05:40:12,2,Supply Bolt Piston [ML],HEARTBEAT,1,0,0,-112,2.25
2026-09-09 05:40:22,2,Supply Bolt Piston [ML],HEARTBEAT,1,0,0,-110,3
2026-09-09 05:40:33,2,Supply Bolt Piston [ML],HEARTBEAT,1,0,0,-112,1.75
2026-09-09 05:40:43,2,Supply Bolt Piston [ML],HEARTBEAT,1,0,0,-110,2.75
2026-09-09 05:40:53,2,Supply Bolt Piston [ML],HEARTBEAT,1,0,0,-111,2.5
2026-09-09 05:41:04,2,Supply Bolt Piston [ML],HEARTBEAT,1,0,0,-111,-1.25
2026-09-09 05:41:14,2,Supply Bolt Piston [ML],HEARTBEAT,1,0,0,-110,3.75
2026-09-09 05:41:25,2,Supply Bolt Piston [ML],HEARTBEAT,1,0,0,-109,0.5
2026-09-09 05:41:35,2,Supply Bolt Piston [ML],HEARTBEAT,1,0,0,-110,2.75
2026-09-09 05:41:45,2,Supply Bolt Piston [ML],HEARTBEAT,1,0,0,-111,1.5
2026-09-09 05:41:56,2,Supply Bolt Piston [ML],HEARTBEAT,1,0,0,-110,3.25
2026-09-09 05:42:06,2,Supply Bolt Piston [ML],HEARTBEAT,1,0,0,-110,3.25
2026-09-09 05:42:27,2,Supply Bolt Piston [ML],HEARTBEAT,1,0,0,-110,3.75
2026-09-09 05:42:38,2,Supply Bolt Piston [ML],HEARTBEAT,1,0,0,-110,0
2026-09-09 05:42:48,2,Supply Bolt Piston [ML],HEARTBEAT,1,0,0,-111,3
2026-09-09 05:42:58,2,Supply Bolt Piston [ML],HEARTBEAT,1,0,0,-110,2.5
2026-09-09 05:43:09,2,Supply Bolt Piston [ML],HEARTBEAT,1,0,0,-112,1.75
2026-09-09 05:43:19,2,Supply Bolt Piston [ML],HEARTBEAT,1,0,0,-110,3.25
2026-09-09 05:43:30,2,Supply Bolt Piston [ML],HEARTBEAT,1,0,0,-111,2
2026-09-09 05:43:40,2,Supply Bolt Piston [ML],HEARTBEAT,1,0,0,-110,3
2026-09-09 05:43:50,2,Supply Bolt Piston [ML],HEARTBEAT,1,0,0,-110,3
2026-09-09 05:44:01,2,Supply Bolt Piston [ML],HEARTBEAT,1,0,0,-111,1.75
2026-09-09 05:44:11,2,Supply Bolt Piston [ML],HEARTBEAT,1,0,0,-111,2.25
2026-09-09 05:44:22,2,Supply Bolt Piston [ML],HEARTBEAT,1,0,0,-112,1.75
2026-09-09 05:44:32,2,Supply Bolt Piston [ML],HEARTBEAT,1,0,0,-111,2.5
2026-09-09 05:44:42,2,Supply Bolt Piston [ML],HEARTBEAT,1,0,0,-110,-1.25
2026-09-09 05:44:53,2,Supply Bolt Piston [ML],HEARTBEAT,1,0,0,-112,2.25
2026-09-09 05:45:03,2,Supply Bolt Piston [ML],HEARTBEAT,1,0,0,-110,3.5
2026-09-09 05:45:14,2,Supply Bolt Piston [ML],HEARTBEAT,1,0,0,-112,2.25
2026-09-09 05:45:24,2,Supply Bolt Piston [ML],HEARTBEAT,1,0,0,-109,3.5
2026-09-09 05:45:34,2,Supply Bolt Piston [ML],HEARTBEAT,1,0,0,-111,3
2026-09-09 05:45:45,2,Supply Bolt Piston [ML],HEARTBEAT,1,0,0,-111,2.5
2026-09-09 05:45:55,2,Supply Bolt Piston [ML],HEARTBEAT,1,0,0,-110,3.75
2026-09-09 05:46:06,2,Supply Bolt Piston [ML],HEARTBEAT,1,0,0,-111,2.75
2026-09-09 05:46:16,2,Supply Bolt Piston [ML],HEARTBEAT,1,0,0,-110,3.75
2026-09-09 05:46:26,2,Supply Bolt Piston [ML],HEARTBEAT,1,0,0,-111,2
2026-09-09 05:46:37,2,Supply Bolt Piston [ML],HEARTBEAT,1,0,0,-110,2.5
2026-09-09 05:46:47,2,Supply Bolt Piston [ML],HEARTBEAT,1,0,0,-110,3.75
2026-09-09 05:46:58,2,Supply Bolt Piston [ML],HEARTBEAT,1,0,0,-111,2.5
2026-09-09 05:47:08,2,Supply Bolt Piston [ML],HEARTBEAT,1,0,0,-110,2.25
2026-09-09 05:47:18,2,Supply Bolt Piston [ML],HEARTBEAT,1,0,0,-111,2.5
2026-09-09 05:47:29,2,Supply Bolt Piston [ML],HEARTBEAT,1,0,0,-111,2.5
2026-09-09 05:47:39,2,Supply Bolt Piston [ML],HEARTBEAT,1,0,0,-110,3.5
2026-09-09 05:47:50,2,Supply Bolt Piston [ML],HEARTBEAT,1,0,0,-112,1
2026-09-09 05:48:00,2,Supply Bolt Piston [ML],HEARTBEAT,1,0,0,-109,2.25
2026-09-09 05:48:10,2,Supply Bolt Piston [ML],HEARTBEAT,1,0,0,-111,3
2026-09-09 05:48:21,2,Supply Bolt Piston [ML],HEARTBEAT,1,0,0,-111,3.5
2026-09-09 05:48:31,2,Supply Bolt Piston [ML],HEARTBEAT,1,0,0,-110,3.75
2026-09-09 05:48:42,2,Supply Bolt Piston [ML],HEARTBEAT,1,0,0,-111,2.5
2026-09-09 05:48:52,2,Supply Bolt Piston [ML],HEARTBEAT,1,0,0,-110,3
2026-09-09 05:49:02,2,Supply Bolt Piston [ML],HEARTBEAT,1,0,0,-111,2.25
2026-09-09 05:49:13,2,Supply Bolt Piston [ML],HEARTBEAT,1,0,0,-109,2.75
2026-09-09 05:49:23,2,Supply Bolt Piston [ML],HEARTBEAT,1,0,0,-109,2.75
2026-09-09 05:49:34,2,Supply Bolt Piston [ML],HEARTBEAT,1,0,0,-112,1.75
2026-09-09 05:49:44,2,Supply Bolt Piston [ML],HEARTBEAT,1,0,0,-110,3.75
2026-09-09 05:49:55,2,Supply Bolt Piston [ML],HEARTBEAT,1,0,0,-110,2
2026-09-09 05:50:05,2,Supply Bolt Piston [ML],HEARTBEAT,1,0,0,-111,2.5
2026-09-09 05:50:15,2,Supply Bolt Piston [ML],HEARTBEAT,1,0,0,-110,3.75
2026-09-09 05:50:26,2,Supply Bolt Piston [ML],HEARTBEAT,1,0,0,-111,2
2026-09-09 05:50:36,2,Supply Bolt Piston [ML],HEARTBEAT,1,0,0,-110,3.25
2026-09-09 05:50:47,2,Supply Bolt Piston [ML],HEARTBEAT,1,0,0,-112,2
2026-09-09 05:50:57,2,Supply Bolt Piston [ML],HEARTBEAT,1,0,0,-111,3.25
2026-09-09 05:51:07,2,Supply Bolt Piston [ML],HEARTBEAT,1,0,0,-111,2.5
2026-09-09 05:51:18,2,Supply Bolt Piston [ML],HEARTBEAT,1,0,0,-111,0.5
2026-09-09 05:51:28,2,Supply Bolt Piston [ML],HEARTBEAT,1,0,0,-110,3.25
2026-09-09 05:51:39,2,Supply Bolt Piston [ML],HEARTBEAT,1,0,0,-111,1.75
2026-09-09 05:51:49,2,Supply Bolt Piston [ML],HEARTBEAT,1,0,0,-110,2.5
2026-09-09 05:51:59,2,Supply Bolt Piston [ML],HEARTBEAT,1,0,0,-110,3.25
2026-09-09 05:52:10,2,Supply Bolt Piston [ML],HEARTBEAT,1,0,0,-111,2.5
2026-09-09 05:52:20,2,Supply Bolt Piston [ML],HEARTBEAT,1,0,0,-110,4
2026-09-09 05:52:31,2,Supply Bolt Piston [ML],HEARTBEAT,1,0,0,-111,2
2026-09-09 05:52:41,2,Supply Bolt Piston [ML],HEARTBEAT,1,0,0,-110,3.25
2026-09-09 05:52:51,2,Supply Bolt Piston [ML],HEARTBEAT,1,0,0,-111,3.25
2026-09-09 05:53:02,2,Supply Bolt Piston [ML],HEARTBEAT,1,0,0,-112,2.25
2026-09-09 05:53:12,2,Supply Bolt Piston [ML],HEARTBEAT,1,0,0,-110,2.5
2026-09-09 05:53:23,2,Supply Bolt Piston [ML],HEARTBEAT,1,0,0,-112,2
2026-09-09 05:53:33,2,Supply Bolt Piston [ML],HEARTBEAT,1,0,0,-110,3.25
2026-09-09 05:53:43,2,Supply Bolt Piston [ML],HEARTBEAT,1,0,0,-112,1.75
2026-09-09 05:53:54,2,Supply Bolt Piston [ML],HEARTBEAT,1,0,0,-111,1.25
2026-09-09 05:54:04,2,Supply Bolt Piston [ML],HEARTBEAT,1,0,0,-110,2.5
2026-09-09 05:54:15,2,Supply Bolt Piston [ML],HEARTBEAT,1,0,0,-111,1.5
2026-09-09 05:54:25,2,Supply Bolt Piston [ML],HEARTBEAT,1,0,0,-110,3.75
2026-09-09 05:54:35,2,Supply Bolt Piston [ML],HEARTBEAT,1,0,0,-112,2.5
2026-09-09 05:54:46,2,Supply Bolt Piston [ML],HEARTBEAT,1,0,0,-112,1
2026-09-09 05:54:56,2,Supply Bolt Piston [ML],HEARTBEAT,1,0,0,-110,1.5
2026-09-09 05:55:07,2,Supply Bolt Piston [ML],HEARTBEAT,1,0,0,-112,0.75
2026-09-09 05:55:17,2,Supply Bolt Piston [ML],HEARTBEAT,1,0,0,-111,3.25
2026-09-09 05:55:27,2,Supply Bolt Piston [ML],HEARTBEAT,1,0,0,-112,2.25
2026-09-09 05:55:38,2,Supply Bolt Piston [ML],HEARTBEAT,1,0,0,-111,2
2026-09-09 05:55:48,2,Supply Bolt Piston [ML],HEARTBEAT,1,0,0,-111,2.75
2026-09-09 05:55:59,2,Supply Bolt Piston [ML],HEARTBEAT,1,0,0,-112,2
2026-09-09 05:56:09,2,Supply Bolt Piston [ML],HEARTBEAT,1,0,0,-111,3
2026-09-09 05:56:19,2,Supply Bolt Piston [ML],HEARTBEAT,1,0,0,-112,1.75
2026-09-09 05:56:30,2,Supply Bolt Piston [ML],HEARTBEAT,1,0,0,-111,3
2026-09-09 05:56:40,2,Supply Bolt Piston [ML],HEARTBEAT,1,0,0,-110,2
2026-09-09 05:56:51,2,Supply Bolt Piston [ML],HEARTBEAT,1,0,0,-112,2
2026-09-09 05:57:01,2,Supply Bolt Piston [ML],HEARTBEAT,1,0,0,-111,2.5
2026-09-09 05:57:12,2,Supply Bolt Piston [ML],HEARTBEAT,1,0,0,-112,1.5
2026-09-09 05:57:22,2,Supply Bolt Piston [ML],HEARTBEAT,1,0,0,-110,3
2026-09-09 05:57:32,2,Supply Bolt Piston [ML],HEARTBEAT,1,0,0,-111,1.5
2026-09-09 05:57:43,2,Supply Bolt Piston [ML],HEARTBEAT,1,0,0,-112,1.75
2026-09-09 05:57:53,2,Supply Bolt Piston [ML],HEARTBEAT,1,0,0,-111,3
2026-09-09 05:58:04,2,Supply Bolt Piston [ML],HEARTBEAT,1,0,0,-111,1.25
2026-09-09 05:58:14,2,Supply Bolt Piston [ML],HEARTBEAT,1,0,0,-110,3
2026-09-09 05:58:24,2,Supply Bolt Piston [ML],HEARTBEAT,1,0,0,-110,3
2026-09-09 05:58:35,2,Supply Bolt Piston [ML],HEARTBEAT,1,0,0,-112,2
2026-09-09 05:58:45,2,Supply Bolt Piston [ML],HEARTBEAT,1,0,0,-110,3.5
2026-09-09 05:58:56,2,Supply Bolt Piston [ML],HEARTBEAT,1,0,0,-112,1.5
2026-09-09 05:59:06,2,Supply Bolt Piston [ML],HEARTBEAT,1,0,0,-111,3.25
2026-09-09 05:59:16,2,Supply Bolt Piston [ML],HEARTBEAT,1,0,0,-111,2.5
2026-09-09 05:59:27,2,Supply Bolt Piston [ML],HEARTBEAT,1,0,0,-112,1.75
2026-09-09 05:59:37,2,Supply Bolt Piston [ML],HEARTBEAT,1,0,0,-110,2.5
2026-09-09 05:59:48,2,Supply Bolt Piston [ML],HEARTBEAT,1,0,0,-112,1.5
2026-09-09 05:59:58,2,Supply Bolt Piston [ML],HEARTBEAT,1,0,0,-111,3
2026-09-09 06:00:08,2,Supply Bolt Piston [ML],HEARTBEAT,1,0,0,-111,0.75
2026-09-09 06:00:19,2,Supply Bolt Piston [ML],HEARTBEAT,1,0,0,-113,1.25
2026-09-09 06:00:29,2,Supply Bolt Piston [ML],HEARTBEAT,1,0,0,-112,2.25
2026-09-09 06:00:50,2,Supply Bolt Piston [ML],HEARTBEAT,1,0,0,-111,2.75
2026-09-09 06:01:00,2,Supply Bolt Piston [ML],HEARTBEAT,1,0,0,-112,1.75
2026-09-09 06:01:11,2,Supply Bolt Piston [ML],HEARTBEAT,1,0,0,-113,1.25
2026-09-09 06:01:21,2,Supply Bolt Piston [ML],HEARTBEAT,1,0,0,-112,2.25
2026-09-09 06:01:32,2,Supply Bolt Piston [ML],HEARTBEAT,1,0,0,-113,1.25
2026-09-09 06:01:42,2,Supply Bolt Piston [ML],HEARTBEAT,1,0,0,-111,2.5
2026-09-09 06:02:03,2,Supply Bolt Piston [ML],HEARTBEAT,1,0,0,-113,1.5
2026-09-09 06:02:13,2,Supply Bolt Piston [ML],HEARTBEAT,1,0,0,-111,2.5
2026-09-09 06:02:24,2,Supply Bolt Piston [ML],HEARTBEAT,1,0,0,-110,1
2026-09-09 06:02:34,2,Supply Bolt Piston [ML],HEARTBEAT,1,0,0,-111,2.25
2026-09-09 06:02:44,2,Supply Bolt Piston [ML],HEARTBEAT,1,0,0,-113,1.25
2026-09-09 06:02:55,2,Supply Bolt Piston [ML],HEARTBEAT,1,0,0,-112,1.5
2026-09-09 06:03:05,2,Supply Bolt Piston [ML],HEARTBEAT,1,0,0,-111,2.25
2026-09-09 06:03:16,2,Supply Bolt Piston [ML],HEARTBEAT,1,0,0,-113,1.75
2026-09-09 06:03:26,2,Supply Bolt Piston [ML],HEARTBEAT,1,0,0,-111,1.25
2026-09-09 06:03:36,2,Supply Bolt Piston [ML],HEARTBEAT,1,0,0,-113,1.75
2026-09-09 06:03:47,2,Supply Bolt Piston [ML],HEARTBEAT,1,0,0,-111,2.5
2026-09-09 06:03:57,2,Supply Bolt Piston [ML],HEARTBEAT,1,0,0,-111,2.75
2026-09-09 06:04:08,2,Supply Bolt Piston [ML],HEARTBEAT,1,0,0,-112,1.5
2026-09-09 06:04:18,2,Supply Bolt Piston [ML],HEARTBEAT,1,0,0,-112,0.75
2026-09-09 06:04:29,2,Supply Bolt Piston [ML],HEARTBEAT,1,0,0,-112,1.5
2026-09-09 06:04:39,2,Supply Bolt Piston [ML],HEARTBEAT,1,0,0,-109,1
2026-09-09 06:04:49,2,Supply Bolt Piston [ML],HEARTBEAT,1,0,0,-111,2.75
2026-09-09 06:05:00,2,Supply Bolt Piston [ML],HEARTBEAT,1,0,0,-112,1.25
2026-09-09 06:05:10,2,Supply Bolt Piston [ML],HEARTBEAT,1,0,0,-110,2
2026-09-09 06:05:21,2,Supply Bolt Piston [ML],HEARTBEAT,1,0,0,-112,1.25
2026-09-09 06:05:31,2,Supply Bolt Piston [ML],HEARTBEAT,1,0,0,-111,2.75
2026-09-09 06:05:41,2,Supply Bolt Piston [ML],HEARTBEAT,1,0,0,-111,2.75
2026-09-09 06:05:52,2,Supply Bolt Piston [ML],HEARTBEAT,1,0,0,-112,1.75
2026-09-09 06:06:02,2,Supply Bolt Piston [ML],HEARTBEAT,1,0,0,-107,0.75
2026-09-09 06:06:13,2,Supply Bolt Piston [ML],HEARTBEAT,1,0,0,-113,1.75
2026-09-09 06:06:23,2,Supply Bolt Piston [ML],HEARTBEAT,1,0,0,-111,2.75
2026-09-09 06:06:33,2,Supply Bolt Piston [ML],HEARTBEAT,1,0,0,-111,2.5
2026-09-09 06:06:44,2,Supply Bolt Piston [ML],HEARTBEAT,1,0,0,-113,1.75
2026-09-09 06:06:54,2,Supply Bolt Piston [ML],HEARTBEAT,1,0,0,-111,2
2026-09-09 06:07:05,2,Supply Bolt Piston [ML],HEARTBEAT,1,0,0,-113,1.75
2026-09-09 06:07:15,2,Supply Bolt Piston [ML],HEARTBEAT,1,0,0,-110,1.25
2026-09-09 06:07:25,2,Supply Bolt Piston [ML],HEARTBEAT,1,0,0,-112,1.5
2026-09-09 06:07:36,2,Supply Bolt Piston [ML],HEARTBEAT,1,0,0,-112,2
2026-09-09 06:07:46,2,Supply Bolt Piston [ML],HEARTBEAT,1,0,0,-111,3.25
2026-09-09 06:07:57,2,Supply Bolt Piston [ML],HEARTBEAT,1,0,0,-112,1.5
2026-09-09 06:08:07,2,Supply Bolt Piston [ML],HEARTBEAT,1,0,0,-111,3
2026-09-09 06:08:17,2,Supply Bolt Piston [ML],HEARTBEAT,1,0,0,-111,1
2026-09-09 06:08:28,2,Supply Bolt Piston [ML],HEARTBEAT,1,0,0,-112,1.5
2026-09-09 06:08:38,2,Supply Bolt Piston [ML],HEARTBEAT,1,0,0,-110,3.25
2026-09-09 06:08:49,2,Supply Bolt Piston [ML],HEARTBEAT,1,0,0,-112,1
2026-09-09 06:08:59,2,Supply Bolt Piston [ML],HEARTBEAT,1,0,0,-111,2.5
2026-09-09 06:09:09,2,Supply Bolt Piston [ML],HEARTBEAT,1,0,0,-112,2.25
2026-09-09 06:09:20,2,Supply Bolt Piston [ML],HEARTBEAT,1,0,0,-106,-4
2026-09-09 06:09:30,2,Supply Bolt Piston [ML],HEARTBEAT,1,0,0,-111,3
2026-09-09 06:09:41,2,Supply Bolt Piston [ML],HEARTBEAT,1,0,0,-111,1.5
2026-09-09 06:09:51,2,Supply Bolt Piston [ML],HEARTBEAT,1,0,0,-110,3.25
2026-09-09 06:10:01,2,Supply Bolt Piston [ML],HEARTBEAT,1,0,0,-112,2
2026-09-09 06:10:12,2,Supply Bolt Piston [ML],HEARTBEAT,1,0,0,-113,-0.75
2026-09-09 06:10:22,2,Supply Bolt Piston [ML],HEARTBEAT,1,0,0,-110,3
2026-09-09 06:10:33,2,Supply Bolt Piston [ML],HEARTBEAT,1,0,0,-111,0.5
2026-09-09 06:10:43,2,Supply Bolt Piston [ML],HEARTBEAT,1,0,0,-111,3
2026-09-09 06:10:53,2,Supply Bolt Piston [ML],HEARTBEAT,1,0,0,-112,1
2026-09-09 06:11:04,2,Supply Bolt Piston [ML],HEARTBEAT,1,0,0,-111,2.25
2026-09-09 06:11:14,2,Supply Bolt Piston [ML],HEARTBEAT,1,0,0,-112,1
2026-09-09 06:11:25,2,Supply Bolt Piston [ML],HEARTBEAT,1,0,0,-113,1.25
2026-09-09 06:11:35,2,Supply Bolt Piston [ML],HEARTBEAT,1,0,0,-111,1.75
2026-09-09 06:11:46,2,Supply Bolt Piston [ML],HEARTBEAT,1,0,0,-113,0.75
2026-09-09 06:11:56,2,Supply Bolt Piston [ML],HEARTBEAT,1,0,0,-111,2
2026-09-09 06:12:06,2,Supply Bolt Piston [ML],HEARTBEAT,1,0,0,-111,2.5
2026-09-09 06:12:17,2,Supply Bolt Piston [ML],HEARTBEAT,1,0,0,-112,1
2026-09-09 06:12:27,2,Supply Bolt Piston [ML],HEARTBEAT,1,0,0,-112,1
2026-09-09 06:12:38,2,Supply Bolt Piston [ML],HEARTBEAT,1,0,0,-113,0.75
2026-09-09 06:12:48,2,Supply Bolt Piston [ML],HEARTBEAT,1,0,0,-111,1.75
2026-09-09 06:12:58,2,Supply Bolt Piston [ML],HEARTBEAT,1,0,0,-110,-3.75
2026-09-09 06:13:09,2,Supply Bolt Piston [ML],HEARTBEAT,1,0,0,-113,1.5
2026-09-09 06:13:19,2,Supply Bolt Piston [ML],HEARTBEAT,1,0,0,-110,0.75
2026-09-09 06:13:30,2,Supply Bolt Piston [ML],HEARTBEAT,1,0,0,-111,3
2026-09-09 06:13:40,2,Supply Bolt Piston [ML],HEARTBEAT,1,0,0,-110,4
2026-09-09 06:13:50,2,Supply Bolt Piston [ML],HEARTBEAT,1,0,0,-110,3.75
2026-09-09 06:14:01,2,Supply Bolt Piston [ML],HEARTBEAT,1,0,0,-112,2.25
2026-09-09 06:14:11,2,Supply Bolt Piston [ML],HEARTBEAT,1,0,0,-108,3.25
2026-09-09 06:14:22,2,Supply Bolt Piston [ML],HEARTBEAT,1,0,0,-112,2
2026-09-09 06:14:32,2,Supply Bolt Piston [ML],HEARTBEAT,1,0,0,-110,3.75
2026-09-09 06:14:42,2,Supply Bolt Piston [ML],HEARTBEAT,1,0,0,-110,1.75
2026-09-09 06:14:53,2,Supply Bolt Piston [ML],HEARTBEAT,1,0,0,-111,1.5
2026-09-09 06:15:03,2,Supply Bolt Piston [ML],HEARTBEAT,1,0,0,-110,3
2026-09-09 06:15:14,2,Supply Bolt Piston [ML],HEARTBEAT,1,0,0,-113,1
2026-09-09 06:15:24,2,Supply Bolt Piston [ML],HEARTBEAT,1,0,0,-111,1.5
2026-09-09 06:15:34,2,Supply Bolt Piston [ML],HEARTBEAT,1,0,0,-111,2.75
2026-09-09 06:15:45,2,Supply Bolt Piston [ML],HEARTBEAT,1,0,0,-112,2.25
2026-09-09 06:15:55,2,Supply Bolt Piston [ML],HEARTBEAT,1,0,0,-110,3.75
2026-09-09 06:16:06,2,Supply Bolt Piston [ML],HEARTBEAT,1,0,0,-111,2.25
2026-09-09 06:16:16,2,Supply Bolt Piston [ML],HEARTBEAT,1,0,0,-111,2
2026-09-09 06:16:26,2,Supply Bolt Piston [ML],HEARTBEAT,1,0,0,-110,2
2026-09-09 06:16:37,2,Supply Bolt Piston [ML],HEARTBEAT,1,0,0,-111,2.75
2026-09-09 06:16:47,2,Supply Bolt Piston [ML],HEARTBEAT,1,0,0,-110,4
2026-09-09 06:16:58,2,Supply Bolt Piston [ML],HEARTBEAT,1,0,0,-109,2
2026-09-09 06:17:08,2,Supply Bolt Piston [ML],HEARTBEAT,1,0,0,-109,3.5
2026-09-09 06:17:18,2,Supply Bolt Piston [ML],HEARTBEAT,1,0,0,-112,2
2026-09-09 06:17:29,2,Supply Bolt Piston [ML],HEARTBEAT,1,0,0,-113,1
2026-09-09 06:17:39,2,Supply Bolt Piston [ML],HEARTBEAT,1,0,0,-109,2.5
2026-09-09 06:17:50,2,Supply Bolt Piston [ML],HEARTBEAT,1,0,0,-111,-0.5
2026-09-09 06:18:00,2,Supply Bolt Piston [ML],HEARTBEAT,1,0,0,-111,2.75
2026-09-09 06:18:10,2,Supply Bolt Piston [ML],HEARTBEAT,1,0,0,-111,2
2026-09-09 06:18:21,2,Supply Bolt Piston [ML],HEARTBEAT,1,0,0,-111,2.5
2026-09-09 06:18:31,2,Supply Bolt Piston [ML],HEARTBEAT,1,0,0,-111,2.75
2026-09-09 06:18:42,2,Supply Bolt Piston [ML],HEARTBEAT,1,0,0,-113,1.25
2026-09-09 06:18:52,2,Supply Bolt Piston [ML],HEARTBEAT,1,0,0,-108,1.5
2026-09-09 06:19:03,2,Supply Bolt Piston [ML],HEARTBEAT,1,0,0,-112,1.75
2026-09-09 06:19:13,2,Supply Bolt Piston [ML],HEARTBEAT,1,0,0,-110,3.5
2026-09-09 06:19:23,2,Supply Bolt Piston [ML],HEARTBEAT,1,0,0,-110,2.25
2026-09-09 06:19:34,2,Supply Bolt Piston [ML],HEARTBEAT,1,0,0,-111,1.75
2026-09-09 06:19:44,2,Supply Bolt Piston [ML],HEARTBEAT,1,0,0,-111,2.75
2026-09-09 06:19:55,2,Supply Bolt Piston [ML],HEARTBEAT,1,0,0,-113,1
2026-09-09 06:20:05,2,Supply Bolt Piston [ML],HEARTBEAT,1,0,0,-110,3.25
2026-09-09 06:20:15,2,Supply Bolt Piston [ML],HEARTBEAT,1,0,0,-110,3.25
2026-09-09 06:20:26,2,Supply Bolt Piston [ML],HEARTBEAT,1,0,0,-111,2.25
2026-09-09 06:20:36,2,Supply Bolt Piston [ML],HEARTBEAT,1,0,0,-111,3
2026-09-09 06:20:47,2,Supply Bolt Piston [ML],HEARTBEAT,1,0,0,-111,1.75
2026-09-09 06:20:57,2,Supply Bolt Piston [ML],HEARTBEAT,1,0,0,-110,2
2026-09-09 06:21:07,2,Supply Bolt Piston [ML],HEARTBEAT,1,0,0,-111,2.5
2026-09-09 06:21:18,2,Supply Bolt Piston [ML],HEARTBEAT,1,0,0,-113,1.5
2026-09-09 06:21:28,2,Supply Bolt Piston [ML],HEARTBEAT,1,0,0,-111,2.25
2026-09-09 06:21:39,2,Supply Bolt Piston [ML],HEARTBEAT,1,0,0,-112,1.75
2026-09-09 06:21:49,2,Supply Bolt Piston [ML],HEARTBEAT,1,0,0,-111,3
2026-09-09 06:22:10,2,Supply Bolt Piston [ML],HEARTBEAT,1,0,0,-112,0.75
2026-09-09 06:22:20,2,Supply Bolt Piston [ML],HEARTBEAT,1,0,0,-110,1.75
2026-09-09 06:22:31,2,Supply Bolt Piston [ML],HEARTBEAT,1,0,0,-111,2
2026-09-09 06:22:41,2,Supply Bolt Piston [ML],HEARTBEAT,1,0,0,-110,3.25
2026-09-09 06:22:51,2,Supply Bolt Piston [ML],HEARTBEAT,1,0,0,-111,2.75
2026-09-09 06:23:02,2,Supply Bolt Piston [ML],HEARTBEAT,1,0,0,-112,1.5
2026-09-09 06:23:12,2,Supply Bolt Piston [ML],HEARTBEAT,1,0,0,-110,3.25
2026-09-09 06:23:23,2,Supply Bolt Piston [ML],HEARTBEAT,1,0,0,-110,-0.75
2026-09-09 06:23:33,2,Supply Bolt Piston [ML],HEARTBEAT,1,0,0,-110,3.5
2026-09-09 06:23:43,2,Supply Bolt Piston [ML],HEARTBEAT,1,0,0,-111,2.5
2026-09-09 06:23:54,2,Supply Bolt Piston [ML],HEARTBEAT,1,0,0,-110,1.75
2026-09-09 06:24:04,2,Supply Bolt Piston [ML],HEARTBEAT,1,0,0,-110,2.75
2026-09-09 06:24:15,2,Supply Bolt Piston [ML],HEARTBEAT,1,0,0,-112,1.75
2026-09-09 06:24:25,2,Supply Bolt Piston [ML],HEARTBEAT,1,0,0,-110,3.25
2026-09-09 06:24:35,2,Supply Bolt Piston [ML],HEARTBEAT,1,0,0,-112,2.25
2026-09-09 06:24:46,2,Supply Bolt Piston [ML],HEARTBEAT,1,0,0,-111,2.5
2026-09-09 06:24:56,2,Supply Bolt Piston [ML],HEARTBEAT,1,0,0,-110,3
2026-09-09 06:25:07,2,Supply Bolt Piston [ML],HEARTBEAT,1,0,0,-112,2.25
2026-09-09 06:25:27,2,Supply Bolt Piston [ML],HEARTBEAT,1,0,0,-112,1.75
2026-09-09 06:25:38,2,Supply Bolt Piston [ML],HEARTBEAT,1,0,0,-111,3.25
2026-09-09 06:25:48,2,Supply Bolt Piston [ML],HEARTBEAT,1,0,0,-110,3.75
2026-09-09 06:25:59,2,Supply Bolt Piston [ML],HEARTBEAT,1,0,0,-111,2
2026-09-09 06:26:09,2,Supply Bolt Piston [ML],HEARTBEAT,1,0,0,-110,3.5
2026-09-09 06:26:19,2,Supply Bolt Piston [ML],HEARTBEAT,1,0,0,-112,1.75
2026-09-09 06:26:30,2,Supply Bolt Piston [ML],HEARTBEAT,1,0,0,-111,3.25
2026-09-09 06:26:40,2,Supply Bolt Piston [ML],HEARTBEAT,1,0,0,-110,3.25
2026-09-09 06:26:51,2,Supply Bolt Piston [ML],HEARTBEAT,1,0,0,-111,1.5
2026-09-09 06:27:01,2,Supply Bolt Piston [ML],HEARTBEAT,1,0,0,-110,3.5
2026-09-09 06:27:12,2,Supply Bolt Piston [ML],HEARTBEAT,1,0,0,-112,2.25
2026-09-09 06:27:22,2,Supply Bolt Piston [ML],HEARTBEAT,1,0,0,-111,3.5
2026-09-09 06:27:32,2,Supply Bolt Piston [ML],HEARTBEAT,1,0,0,-110,3.5
2026-09-09 06:27:43,2,Supply Bolt Piston [ML],HEARTBEAT,1,0,0,-111,1.5
2026-09-09 06:27:53,2,Supply Bolt Piston [ML],HEARTBEAT,1,0,0,-110,2
2026-09-09 06:28:04,2,Supply Bolt Piston [ML],HEARTBEAT,1,0,0,-112,2
2026-09-09 06:28:14,2,Supply Bolt Piston [ML],HEARTBEAT,1,0,0,-111,3.25
2026-09-09 06:28:24,2,Supply Bolt Piston [ML],HEARTBEAT,1,0,0,-110,2.25
2026-09-09 06:28:35,2,Supply Bolt Piston [ML],HEARTBEAT,1,0,0,-111,2.25
2026-09-09 06:28:45,2,Supply Bolt Piston [ML],HEARTBEAT,1,0,0,-109,3.5
2026-09-09 06:28:56,2,Supply Bolt Piston [ML],HEARTBEAT,1,0,0,-110,0.75
2026-09-09 06:29:06,2,Supply Bolt Piston [ML],HEARTBEAT,1,0,0,-110,3.5
2026-09-09 06:29:16,2,Supply Bolt Piston [ML],HEARTBEAT,1,0,0,-110,3.25
2026-09-09 06:29:27,2,Supply Bolt Piston [ML],HEARTBEAT,1,0,0,-111,2.5
2026-09-09 06:29:37,2,Supply Bolt Piston [ML],HEARTBEAT,1,0,0,-110,3.75
2026-09-09 06:29:48,2,Supply Bolt Piston [ML],HEARTBEAT,1,0,0,-111,1.75
2026-09-09 06:29:58,2,Supply Bolt Piston [ML],HEARTBEAT,1,0,0,-111,2.75
2026-09-09 06:30:08,2,Supply Bolt Piston [ML],HEARTBEAT,1,0,0,-111,2.5
2026-09-09 06:30:19,2,Supply Bolt Piston [ML],HEARTBEAT,1,0,0,-111,2.5
2026-09-09 06:30:29,2,Supply Bolt Piston [ML],HEARTBEAT,1,0,0,-110,4
2026-09-09 06:30:40,2,Supply Bolt Piston [ML],HEARTBEAT,1,0,0,-109,2.75
2026-09-09 06:30:50,2,Supply Bolt Piston [ML],HEARTBEAT,1,0,0,-110,3.5
2026-09-09 06:31:00,2,Supply Bolt Piston [ML],HEARTBEAT,1,0,0,-110,2
2026-09-09 06:31:11,2,Supply Bolt Piston [ML],HEARTBEAT,1,0,0,-110,3
2026-09-09 06:31:21,2,Supply Bolt Piston [ML],HEARTBEAT,1,0,0,-110,3.75
2026-09-09 06:31:32,2,Supply Bolt Piston [ML],HEARTBEAT,1,0,0,-111,3
2026-09-09 06:31:42,2,Supply Bolt Piston [ML],HEARTBEAT,1,0,0,-109,3
2026-09-09 06:31:52,2,Supply Bolt Piston [ML],HEARTBEAT,1,0,0,-112,1.25
2026-09-09 06:32:03,2,Supply Bolt Piston [ML],HEARTBEAT,1,0,0,-112,1.5
2026-09-09 06:32:13,2,Supply Bolt Piston [ML],HEARTBEAT,1,0,0,-111,2.75
2026-09-09 06:32:24,2,Supply Bolt Piston [ML],HEARTBEAT,1,0,0,-112,1.5
2026-09-09 06:32:34,2,Supply Bolt Piston [ML],HEARTBEAT,1,0,0,-110,2
2026-09-09 06:32:44,2,Supply Bolt Piston [ML],HEARTBEAT,1,0,0,-113,1
2026-09-09 06:32:55,2,Supply Bolt Piston [ML],HEARTBEAT,1,0,0,-111,2.75
2026-09-09 06:33:05,2,Supply Bolt Piston [ML],HEARTBEAT,1,0,0,-110,2.75
2026-09-09 06:33:16,2,Supply Bolt Piston [ML],HEARTBEAT,1,0,0,-112,1.25
2026-09-09 06:33:26,2,Supply Bolt Piston [ML],HEARTBEAT,1,0,0,-110,3
2026-09-09 06:33:36,2,Supply Bolt Piston [ML],HEARTBEAT,1,0,0,-112,1.75
2026-09-09 06:33:47,2,Supply Bolt Piston [ML],HEARTBEAT,1,0,0,-111,2.75
2026-09-09 06:33:57,2,Supply Bolt Piston [ML],HEARTBEAT,1,0,0,-111,3
2026-09-09 06:34:08,2,Supply Bolt Piston [ML],HEARTBEAT,1,0,0,-112,2
2026-09-09 06:34:18,2,Supply Bolt Piston [ML],HEARTBEAT,1,0,0,-110,2.25
2026-09-09 06:34:29,2,Supply Bolt Piston [ML],HEARTBEAT,1,0,0,-112,2
2026-09-09 06:34:39,2,Supply Bolt Piston [ML],HEARTBEAT,1,0,0,-111,3
2026-09-09 06:34:49,2,Supply Bolt Piston [ML],HEARTBEAT,1,0,0,-110,2.75
2026-09-09 06:35:00,2,Supply Bolt Piston [ML],HEARTBEAT,1,0,0,-111,0.75
2026-09-09 06:35:10,2,Supply Bolt Piston [ML],HEARTBEAT,1,0,0,-111,2
2026-09-09 06:35:21,2,Supply Bolt Piston [ML],HEARTBEAT,1,0,0,-112,1.75
2026-09-09 06:35:31,2,Supply Bolt Piston [ML],HEARTBEAT,1,0,0,-110,1
2026-09-09 06:35:41,2,Supply Bolt Piston [ML],HEARTBEAT,1,0,0,-110,2.25
2026-09-09 06:35:52,2,Supply Bolt Piston [ML],HEARTBEAT,1,0,0,-112,1.5
2026-09-09 06:36:02,2,Supply Bolt Piston [ML],HEARTBEAT,1,0,0,-109,3
2026-09-09 06:36:13,2,Supply Bolt Piston [ML],HEARTBEAT,1,0,0,-113,1
2026-09-09 06:36:23,2,Supply Bolt Piston [ML],HEARTBEAT,1,0,0,-111,2.25
2026-09-09 06:36:33,2,Supply Bolt Piston [ML],HEARTBEAT,1,0,0,-111,1.75
2026-09-09 06:36:44,2,Supply Bolt Piston [ML],HEARTBEAT,1,0,0,-111,1
2026-09-09 06:36:54,2,Supply Bolt Piston [ML],HEARTBEAT,1,0,0,-111,3
2026-09-09 06:37:05,2,Supply Bolt Piston [ML],HEARTBEAT,1,0,0,-112,0.5
2026-09-09 06:37:15,2,Supply Bolt Piston [ML],HEARTBEAT,1,0,0,-111,2.25
2026-09-09 06:37:25,2,Supply Bolt Piston [ML],HEARTBEAT,1,0,0,-112,2.25
2026-09-09 06:37:36,2,Supply Bolt Piston [ML],HEARTBEAT,1,0,0,-110,1.5
2026-09-09 06:37:46,2,Supply Bolt Piston [ML],HEARTBEAT,1,0,0,-110,3
2026-09-09 06:37:57,2,Supply Bolt Piston [ML],HEARTBEAT,1,0,0,-112,1.75
2026-09-09 06:38:07,2,Supply Bolt Piston [ML],HEARTBEAT,1,0,0,-111,2.75
2026-09-09 06:38:17,2,Supply Bolt Piston [ML],HEARTBEAT,1,0,0,-113,1.75
2026-09-09 06:38:28,2,Supply Bolt Piston [ML],HEARTBEAT,1,0,0,-112,0.5
2026-09-09 06:38:38,2,Supply Bolt Piston [ML],HEARTBEAT,1,0,0,-111,2.75
2026-09-09 06:38:49,2,Supply Bolt Piston [ML],HEARTBEAT,1,0,0,-112,0.25
2026-09-09 06:38:59,2,Supply Bolt Piston [ML],HEARTBEAT,1,0,0,-111,3
2026-09-09 06:39:09,2,Supply Bolt Piston [ML],HEARTBEAT,1,0,0,-112,1
2026-09-09 06:39:20,2,Supply Bolt Piston [ML],HEARTBEAT,1,0,0,-112,1.75
2026-09-09 06:39:30,2,Supply Bolt Piston [ML],HEARTBEAT,1,0,0,-111,1.5
2026-09-09 06:39:41,2,Supply Bolt Piston [ML],HEARTBEAT,1,0,0,-112,1.75
2026-09-09 06:39:51,2,Supply Bolt Piston [ML],HEARTBEAT,1,0,0,-111,2.75
2026-09-09 06:40:01,2,Supply Bolt Piston [ML],HEARTBEAT,1,0,0,-112,1.5
2026-09-09 06:40:12,2,Supply Bolt Piston [ML],HEARTBEAT,1,0,0,-111,1.75
2026-09-09 06:40:22,2,Supply Bolt Piston [ML],HEARTBEAT,1,0,0,-110,3.5
2026-09-09 06:40:33,2,Supply Bolt Piston [ML],HEARTBEAT,1,0,0,-111,1.25
2026-09-09 06:40:43,2,Supply Bolt Piston [ML],HEARTBEAT,1,0,0,-111,2.5
2026-09-09 06:40:53,2,Supply Bolt Piston [ML],HEARTBEAT,1,0,0,-113,1.5
2026-09-09 06:41:04,2,Supply Bolt Piston [ML],HEARTBEAT,1,0,0,-111,1.5
2026-09-09 06:41:14,2,Supply Bolt Piston [ML],HEARTBEAT,1,0,0,-111,2
2026-09-09 06:41:25,2,Supply Bolt Piston [ML],HEARTBEAT,1,0,0,-112,1.75
2026-09-09 06:41:35,2,Supply Bolt Piston [ML],HEARTBEAT,1,0,0,-111,2.25
2026-09-09 06:41:46,2,Supply Bolt Piston [ML],HEARTBEAT,1,0,0,-113,1.5
2026-09-09 06:41:56,2,Supply Bolt Piston [ML],HEARTBEAT,1,0,0,-110,2.75
2026-09-09 06:42:06,2,Supply Bolt Piston [ML],HEARTBEAT,1,0,0,-111,3
2026-09-09 06:42:17,2,Supply Bolt Piston [ML],HEARTBEAT,1,0,0,-113,1.25
2026-09-09 06:42:27,2,Supply Bolt Piston [ML],HEARTBEAT,1,0,0,-110,2.25
2026-09-09 06:42:38,2,Supply Bolt Piston [ML],HEARTBEAT,1,0,0,-112,1.75
2026-09-09 06:42:48,2,Supply Bolt Piston [ML],HEARTBEAT,1,0,0,-111,3.5
2026-09-09 06:42:58,2,Supply Bolt Piston [ML],HEARTBEAT,1,0,0,-111,0.75
2026-09-09 06:43:09,2,Supply Bolt Piston [ML],HEARTBEAT,1,0,0,-113,1.5
2026-09-09 06:43:19,2,Supply Bolt Piston [ML],HEARTBEAT,1,0,0,-111,2.25
2026-09-09 06:43:30,2,Supply Bolt Piston [ML],HEARTBEAT,1,0,0,-112,2
2026-09-09 06:43:40,2,Supply Bolt Piston [ML],HEARTBEAT,1,0,0,-111,2
2026-09-09 06:43:50,2,Supply Bolt Piston [ML],HEARTBEAT,1,0,0,-111,2.25
2026-09-09 06:44:01,2,Supply Bolt Piston [ML],HEARTBEAT,1,0,0,-113,1.25
2026-09-09 06:44:11,2,Supply Bolt Piston [ML],HEARTBEAT,1,0,0,-111,3
2026-09-09 06:44:22,2,Supply Bolt Piston [ML],HEARTBEAT,1,0,0,-112,1.5
2026-09-09 06:44:32,2,Supply Bolt Piston [ML],HEARTBEAT,1,0,0,-111,3
2026-09-09 06:44:42,2,Supply Bolt Piston [ML],HEARTBEAT,1,0,0,-111,1.5
2026-09-09 06:44:53,2,Supply Bolt Piston [ML],HEARTBEAT,1,0,0,-112,2
2026-09-09 06:45:03,2,Supply Bolt Piston [ML],HEARTBEAT,1,0,0,-111,3.25
2026-09-09 06:45:14,2,Supply Bolt Piston [ML],HEARTBEAT,1,0,0,-111,1
2026-09-09 06:45:24,2,Supply Bolt Piston [ML],HEARTBEAT,1,0,0,-111,2.5
2026-09-09 06:45:34,2,Supply Bolt Piston [ML],HEARTBEAT,1,0,0,-112,1.75
2026-09-09 06:45:45,2,Supply Bolt Piston [ML],HEARTBEAT,1,0,0,-112,1.75
2026-09-09 06:45:55,2,Supply Bolt Piston [ML],HEARTBEAT,1,0,0,-111,2
2026-09-09 06:46:06,2,Supply Bolt Piston [ML],HEARTBEAT,1,0,0,-114,-2.75
2026-09-09 06:46:16,2,Supply Bolt Piston [ML],HEARTBEAT,1,0,0,-110,3.25
2026-09-09 06:46:26,2,Supply Bolt Piston [ML],HEARTBEAT,1,0,0,-111,1.25
2026-09-09 06:46:37,2,Supply Bolt Piston [ML],HEARTBEAT,1,0,0,-113,1.75
2026-09-09 06:46:47,2,Supply Bolt Piston [ML],HEARTBEAT,1,0,0,-111,3
2026-09-09 06:46:58,2,Supply Bolt Piston [ML],HEARTBEAT,1,0,0,-110,1.5
2026-09-09 06:47:08,2,Supply Bolt Piston [ML],HEARTBEAT,1,0,0,-110,2.5
2026-09-09 06:47:18,2,Supply Bolt Piston [ML],HEARTBEAT,1,0,0,-112,2
2026-09-09 06:47:29,2,Supply Bolt Piston [ML],HEARTBEAT,1,0,0,-111,3
2026-09-09 06:47:39,2,Supply Bolt Piston [ML],HEARTBEAT,1,0,0,-111,1.5
2026-09-09 06:47:50,2,Supply Bolt Piston [ML],HEARTBEAT,1,0,0,-112,1.75
2026-09-09 06:48:00,2,Supply Bolt Piston [ML],HEARTBEAT,1,0,0,-110,3
2026-09-09 06:48:11,2,Supply Bolt Piston [ML],HEARTBEAT,1,0,0,-112,1.75
2026-09-09 06:48:21,2,Supply Bolt Piston [ML],HEARTBEAT,1,0,0,-111,3.25
2026-09-09 06:48:31,2,Supply Bolt Piston [ML],HEARTBEAT,1,0,0,-111,3
2026-09-09 06:48:42,2,Supply Bolt Piston [ML],HEARTBEAT,1,0,0,-111,1.75
2026-09-09 06:48:52,2,Supply Bolt Piston [ML],HEARTBEAT,1,0,0,-110,3.5
2026-09-09 06:49:03,2,Supply Bolt Piston [ML],HEARTBEAT,1,0,0,-112,1.5
2026-09-09 06:49:13,2,Supply Bolt Piston [ML],HEARTBEAT,1,0,0,-109,2
2026-09-09 06:49:23,2,Supply Bolt Piston [ML],HEARTBEAT,1,0,0,-110,3.5
2026-09-09 06:49:34,2,Supply Bolt Piston [ML],HEARTBEAT,1,0,0,-112,2
2026-09-09 06:49:44,2,Supply Bolt Piston [ML],HEARTBEAT,1,0,0,-109,2.5
2026-09-09 06:49:55,2,Supply Bolt Piston [ML],HEARTBEAT,1,0,0,-112,2.25
2026-09-09 06:50:05,2,Supply Bolt Piston [ML],HEARTBEAT,1,0,0,-111,3.25
2026-09-09 06:50:15,2,Supply Bolt Piston [ML],HEARTBEAT,1,0,0,-110,3.25
2026-09-09 06:50:26,2,Supply Bolt Piston [ML],HEARTBEAT,1,0,0,-112,1.5
2026-09-09 06:50:36,2,Supply Bolt Piston [ML],HEARTBEAT,1,0,0,-111,2
2026-09-09 06:50:47,2,Supply Bolt Piston [ML],HEARTBEAT,1,0,0,-112,1.5
2026-09-09 06:50:57,2,Supply Bolt Piston [ML],HEARTBEAT,1,0,0,-110,3.25
2026-09-09 06:51:07,2,Supply Bolt Piston [ML],HEARTBEAT,1,0,0,-111,2.75
2026-09-09 06:51:18,2,Supply Bolt Piston [ML],HEARTBEAT,1,0,0,-113,1.25
2026-09-09 06:51:28,2,Supply Bolt Piston [ML],HEARTBEAT,1,0,0,-111,3
2026-09-09 06:51:39,2,Supply Bolt Piston [ML],HEARTBEAT,1,0,0,-111,-1.25
2026-09-09 06:51:49,2,Supply Bolt Piston [ML],HEARTBEAT,1,0,0,-111,2.75
2026-09-09 06:51:59,2,Supply Bolt Piston [ML],HEARTBEAT,1,0,0,-112,1.75
2026-09-09 06:52:10,2,Supply Bolt Piston [ML],HEARTBEAT,1,0,0,-112,1.25
2026-09-09 06:52:20,2,Supply Bolt Piston [ML],HEARTBEAT,1,0,0,-110,2
2026-09-09 06:52:31,2,Supply Bolt Piston [ML],HEARTBEAT,1,0,0,-112,1.25
2026-09-09 06:52:41,2,Supply Bolt Piston [ML],HEARTBEAT,1,0,0,-110,0.75
2026-09-09 06:52:51,2,Supply Bolt Piston [ML],HEARTBEAT,1,0,0,-112,1.75
2026-09-09 06:53:02,2,Supply Bolt Piston [ML],HEARTBEAT,1,0,0,-113,1.25
2026-09-09 06:53:12,2,Supply Bolt Piston [ML],HEARTBEAT,1,0,0,-111,2
2026-09-09 06:53:23,2,Supply Bolt Piston [ML],HEARTBEAT,1,0,0,-113,1.5
2026-09-09 06:53:33,2,Supply Bolt Piston [ML],HEARTBEAT,1,0,0,-111,2.5
2026-09-09 06:53:43,2,Supply Bolt Piston [ML],HEARTBEAT,1,0,0,-112,1.25
2026-09-09 06:53:54,2,Supply Bolt Piston [ML],HEARTBEAT,1,0,0,-113,1.75
2026-09-09 06:54:04,2,Supply Bolt Piston [ML],HEARTBEAT,1,0,0,-111,2.5
2026-09-09 06:54:15,2,Supply Bolt Piston [ML],HEARTBEAT,1,0,0,-113,1.25
2026-09-09 06:54:25,2,Supply Bolt Piston [ML],HEARTBEAT,1,0,0,-111,2.25
2026-09-09 06:54:36,2,Supply Bolt Piston [ML],HEARTBEAT,1,0,0,-112,1.5
2026-09-09 06:54:46,2,Supply Bolt Piston [ML],HEARTBEAT,1,0,0,-112,2
2026-09-09 06:54:56,2,Supply Bolt Piston [ML],HEARTBEAT,1,0,0,-110,3
2026-09-09 06:55:07,2,Supply Bolt Piston [ML],HEARTBEAT,1,0,0,-112,1.75
2026-09-09 06:55:17,2,Supply Bolt Piston [ML],HEARTBEAT,1,0,0,-111,3
2026-09-09 06:55:28,2,Supply Bolt Piston [ML],HEARTBEAT,1,0,0,-112,1.5
2026-09-09 06:55:38,2,Supply Bolt Piston [ML],HEARTBEAT,1,0,0,-111,2.75
2026-09-09 06:55:48,2,Supply Bolt Piston [ML],HEARTBEAT,1,0,0,-111,2.25
2026-09-09 06:55:59,2,Supply Bolt Piston [ML],HEARTBEAT,1,0,0,-113,0.5
2026-09-09 06:56:09,2,Supply Bolt Piston [ML],HEARTBEAT,1,0,0,-110,1
2026-09-09 06:56:20,2,Supply Bolt Piston [ML],HEARTBEAT,1,0,0,-112,1.75
2026-09-09 06:56:30,2,Supply Bolt Piston [ML],HEARTBEAT,1,0,0,-112,2
2026-09-09 06:56:40,2,Supply Bolt Piston [ML],HEARTBEAT,1,0,0,-110,-0.75
2026-09-09 06:56:51,2,Supply Bolt Piston [ML],HEARTBEAT,1,0,0,-112,1.75
2026-09-09 06:57:01,2,Supply Bolt Piston [ML],HEARTBEAT,1,0,0,-110,3
2026-09-09 06:57:12,2,Supply Bolt Piston [ML],HEARTBEAT,1,0,0,-111,1
2026-09-09 06:57:22,2,Supply Bolt Piston [ML],HEARTBEAT,1,0,0,-111,2.75
2026-09-09 06:57:32,2,Supply Bolt Piston [ML],HEARTBEAT,1,0,0,-111,3.25
2026-09-09 06:57:43,2,Supply Bolt Piston [ML],HEARTBEAT,1,0,0,-112,1.75
2026-09-09 06:57:53,2,Supply Bolt Piston [ML],HEARTBEAT,1,0,0,-111,3
2026-09-09 06:58:04,2,Supply Bolt Piston [ML],HEARTBEAT,1,0,0,-111,0.25
2026-09-09 06:58:14,2,Supply Bolt Piston [ML],HEARTBEAT,1,0,0,-111,3.5
2026-09-09 06:58:24,2,Supply Bolt Piston [ML],HEARTBEAT,1,0,0,-111,2.75
2026-09-09 06:58:35,2,Supply Bolt Piston [ML],HEARTBEAT,1,0,0,-112,1.75
2026-09-09 06:58:45,2,Supply Bolt Piston [ML],HEARTBEAT,1,0,0,-111,3
2026-09-09 06:58:56,2,Supply Bolt Piston [ML],HEARTBEAT,1,0,0,-112,1.5
2026-09-09 06:59:06,2,Supply Bolt Piston [ML],HEARTBEAT,1,0,0,-111,2.75
2026-09-09 06:59:16,2,Supply Bolt Piston [ML],HEARTBEAT,1,0,0,-111,2.25
2026-09-09 06:59:27,2,Supply Bolt Piston [ML],HEARTBEAT,1,0,0,-112,1.75
2026-09-09 06:59:37,2,Supply Bolt Piston [ML],HEARTBEAT,1,0,0,-110,3
2026-09-09 06:59:48,2,Supply Bolt Piston [ML],HEARTBEAT,1,0,0,-113,1.75
2026-09-09 06:59:58,2,Supply Bolt Piston [ML],HEARTBEAT,1,0,0,-111,3
2026-09-09 07:00:08,2,Supply Bolt Piston [ML],HEARTBEAT,1,0,0,-113,1.75
2026-09-09 07:00:19,2,Supply Bolt Piston [ML],HEARTBEAT,1,0,0,-113,1.25
2026-09-09 07:00:29,2,Supply Bolt Piston [ML],HEARTBEAT,1,0,0,-111,3.25
2026-09-09 07:00:40,2,Supply Bolt Piston [ML],HEARTBEAT,1,0,0,-107,0.5
2026-09-09 07:00:50,2,Supply Bolt Piston [ML],HEARTBEAT,1,0,0,-110,2.5
2026-09-09 07:01:00,2,Supply Bolt Piston [ML],HEARTBEAT,1,0,0,-113,1.75
2026-09-09 07:01:11,2,Supply Bolt Piston [ML],HEARTBEAT,1,0,0,-113,1
2026-09-09 07:01:21,2,Supply Bolt Piston [ML],HEARTBEAT,1,0,0,-110,0.5
2026-09-09 07:01:32,2,Supply Bolt Piston [ML],HEARTBEAT,1,0,0,-112,0.75
2026-09-09 07:01:42,2,Supply Bolt Piston [ML],HEARTBEAT,1,0,0,-111,2.25
2026-09-09 07:01:53,2,Supply Bolt Piston [ML],HEARTBEAT,1,0,0,-112,1.5
2026-09-09 07:02:03,2,Supply Bolt Piston [ML],HEARTBEAT,1,0,0,-112,2
2026-09-09 07:02:13,2,Supply Bolt Piston [ML],HEARTBEAT,1,0,0,-110,2.75
2026-09-09 07:02:24,2,Supply Bolt Piston [ML],HEARTBEAT,1,0,0,-113,0.5
2026-09-09 07:02:34,2,Supply Bolt Piston [ML],HEARTBEAT,1,0,0,-111,2.5
2026-09-09 07:02:45,2,Supply Bolt Piston [ML],HEARTBEAT,1,0,0,-113,1.25
2026-09-09 07:02:55,2,Supply Bolt Piston [ML],HEARTBEAT,1,0,0,-112,2.25
2026-09-09 07:03:05,2,Supply Bolt Piston [ML],HEARTBEAT,1,0,0,-110,2.25
2026-09-09 07:03:16,2,Supply Bolt Piston [ML],HEARTBEAT,1,0,0,-113,1
2026-09-09 07:03:26,2,Supply Bolt Piston [ML],HEARTBEAT,1,0,0,-111,1.25
2026-09-09 07:03:37,2,Supply Bolt Piston [ML],HEARTBEAT,1,0,0,-112,1.5
2026-09-09 07:03:47,2,Supply Bolt Piston [ML],HEARTBEAT,1,0,0,-106,0.25
2026-09-09 07:03:57,2,Supply Bolt Piston [ML],HEARTBEAT,1,0,0,-110,3
2026-09-09 07:04:08,2,Supply Bolt Piston [ML],HEARTBEAT,1,0,0,-113,1.25
2026-09-09 07:04:18,2,Supply Bolt Piston [ML],HEARTBEAT,1,0,0,-111,2
2026-09-09 07:04:29,2,Supply Bolt Piston [ML],HEARTBEAT,1,0,0,-113,0.75
2026-09-09 07:04:39,2,Supply Bolt Piston [ML],HEARTBEAT,1,0,0,-112,2
2026-09-09 07:04:49,2,Supply Bolt Piston [ML],HEARTBEAT,1,0,0,-111,2.25
2026-09-09 07:05:00,2,Supply Bolt Piston [ML],HEARTBEAT,1,0,0,-112,-0.25
2026-09-09 07:05:10,2,Supply Bolt Piston [ML],HEARTBEAT,1,0,0,-109,2.25
2026-09-09 07:05:21,2,Supply Bolt Piston [ML],HEARTBEAT,1,0,0,-112,-0.25
2026-09-09 07:05:31,2,Supply Bolt Piston [ML],HEARTBEAT,1,0,0,-111,2.5
2026-09-09 07:05:41,2,Supply Bolt Piston [ML],HEARTBEAT,1,0,0,-111,1
2026-09-09 07:05:52,2,Supply Bolt Piston [ML],HEARTBEAT,1,0,0,-113,1.25
2026-09-09 07:06:02,2,Supply Bolt Piston [ML],HEARTBEAT,1,0,0,-112,2.25
2026-09-09 07:06:13,2,Supply Bolt Piston [ML],HEARTBEAT,1,0,0,-113,1.5
2026-09-09 07:06:23,2,Supply Bolt Piston [ML],HEARTBEAT,1,0,0,-111,2.5
2026-09-09 07:06:33,2,Supply Bolt Piston [ML],HEARTBEAT,1,0,0,-113,1.75
2026-09-09 07:06:44,2,Supply Bolt Piston [ML],HEARTBEAT,1,0,0,-113,0.75
2026-09-09 07:06:54,2,Supply Bolt Piston [ML],HEARTBEAT,1,0,0,-112,2
2026-09-09 07:07:05,2,Supply Bolt Piston [ML],HEARTBEAT,1,0,0,-114,-1.5
2026-09-09 07:07:15,2,Supply Bolt Piston [ML],HEARTBEAT,1,0,0,-112,2.25
2026-09-09 07:07:25,2,Supply Bolt Piston [ML],HEARTBEAT,1,0,0,-113,1.25
2026-09-09 07:07:36,2,Supply Bolt Piston [ML],HEARTBEAT,1,0,0,-113,1
2026-09-09 07:07:46,2,Supply Bolt Piston [ML],HEARTBEAT,1,0,0,-111,2.75
2026-09-09 07:07:57,2,Supply Bolt Piston [ML],HEARTBEAT,1,0,0,-113,0.75
2026-09-09 07:08:07,2,Supply Bolt Piston [ML],HEARTBEAT,1,0,0,-111,2
2026-09-09 07:08:17,2,Supply Bolt Piston [ML],HEARTBEAT,1,0,0,-113,1.25
2026-09-09 07:08:28,2,Supply Bolt Piston [ML],HEARTBEAT,1,0,0,-112,0.5
2026-09-09 07:08:38,2,Supply Bolt Piston [ML],HEARTBEAT,1,0,0,-112,2.25
2026-09-09 07:08:49,2,Supply Bolt Piston [ML],HEARTBEAT,1,0,0,-112,0.25
2026-09-09 07:08:59,2,Supply Bolt Piston [ML],HEARTBEAT,1,0,0,-111,2
2026-09-09 07:09:10,2,Supply Bolt Piston [ML],HEARTBEAT,1,0,0,-113,1
2026-09-09 07:09:20,2,Supply Bolt Piston [ML],HEARTBEAT,1,0,0,-114,-0.5
2026-09-09 07:09:30,2,Supply Bolt Piston [ML],HEARTBEAT,1,0,0,-111,1.5
2026-09-09 07:09:41,2,Supply Bolt Piston [ML],HEARTBEAT,1,0,0,-113,1
2026-09-09 07:09:51,2,Supply Bolt Piston [ML],HEARTBEAT,1,0,0,-112,2
2026-09-09 07:10:02,2,Supply Bolt Piston [ML],HEARTBEAT,1,0,0,-114,0.5
2026-09-09 07:10:12,2,Supply Bolt Piston [ML],HEARTBEAT,1,0,0,-111,1.75
2026-09-09 07:10:22,2,Supply Bolt Piston [ML],HEARTBEAT,1,0,0,-111,2.25
2026-09-09 07:10:33,2,Supply Bolt Piston [ML],HEARTBEAT,1,0,0,-114,1
2026-09-09 07:10:43,2,Supply Bolt Piston [ML],HEARTBEAT,1,0,0,-111,2.25
2026-09-09 07:10:54,2,Supply Bolt Piston [ML],HEARTBEAT,1,0,0,-113,1.25
2026-09-09 07:11:04,2,Supply Bolt Piston [ML],HEARTBEAT,1,0,0,-111,2.25
2026-09-09 07:11:14,2,Supply Bolt Piston [ML],HEARTBEAT,1,0,0,-109,-1.25
2026-09-09 07:11:25,2,Supply Bolt Piston [ML],HEARTBEAT,1,0,0,-113,1
2026-09-09 07:11:35,2,Supply Bolt Piston [ML],HEARTBEAT,1,0,0,-111,2
2026-09-09 07:11:46,2,Supply Bolt Piston [ML],HEARTBEAT,1,0,0,-113,1
2026-09-09 07:11:56,2,Supply Bolt Piston [ML],HEARTBEAT,1,0,0,-110,1.5
2026-09-09 07:12:06,2,Supply Bolt Piston [ML],HEARTBEAT,1,0,0,-110,2.75
2026-09-09 07:12:17,2,Supply Bolt Piston [ML],HEARTBEAT,1,0,0,-113,1.25
2026-09-09 07:12:27,2,Supply Bolt Piston [ML],HEARTBEAT,1,0,0,-109,1.25
2026-09-09 07:12:38,2,Supply Bolt Piston [ML],HEARTBEAT,1,0,0,-112,0.75
2026-09-09 07:12:48,2,Supply Bolt Piston [ML],HEARTBEAT,1,0,0,-111,2.75
2026-09-09 07:12:58,2,Supply Bolt Piston [ML],HEARTBEAT,1,0,0,-111,1.5
2026-09-09 07:13:09,2,Supply Bolt Piston [ML],HEARTBEAT,1,0,0,-113,1.5
2026-09-09 07:13:19,2,Supply Bolt Piston [ML],HEARTBEAT,1,0,0,-111,2.5
2026-09-09 07:13:30,2,Supply Bolt Piston [ML],HEARTBEAT,1,0,0,-112,0
2026-09-09 07:13:40,2,Supply Bolt Piston [ML],HEARTBEAT,1,0,0,-111,2
2026-09-09 07:13:50,2,Supply Bolt Piston [ML],HEARTBEAT,1,0,0,-112,1.25
2026-09-09 07:14:01,2,Supply Bolt Piston [ML],HEARTBEAT,1,0,0,-113,0.25
2026-09-09 07:14:11,2,Supply Bolt Piston [ML],HEARTBEAT,1,0,0,-110,2
2026-09-09 07:14:22,2,Supply Bolt Piston [ML],HEARTBEAT,1,0,0,-111,-2
2026-09-09 07:14:32,2,Supply Bolt Piston [ML],HEARTBEAT,1,0,0,-111,2.75
2026-09-09 07:14:42,2,Supply Bolt Piston [ML],HEARTBEAT,1,0,0,-112,1.5
2026-09-09 07:14:53,2,Supply Bolt Piston [ML],HEARTBEAT,1,0,0,-113,1.5
2026-09-09 07:15:03,2,Supply Bolt Piston [ML],HEARTBEAT,1,0,0,-111,2.75
2026-09-09 07:15:14,2,Supply Bolt Piston [ML],HEARTBEAT,1,0,0,-110,1
2026-09-09 07:15:24,2,Supply Bolt Piston [ML],HEARTBEAT,1,0,0,-112,2
2026-09-09 07:15:34,2,Supply Bolt Piston [ML],HEARTBEAT,1,0,0,-113,1.25
2026-09-09 07:15:45,2,Supply Bolt Piston [ML],HEARTBEAT,1,0,0,-113,1.25
2026-09-09 07:15:55,2,Supply Bolt Piston [ML],HEARTBEAT,1,0,0,-110,0.75
2026-09-09 07:16:06,2,Supply Bolt Piston [ML],HEARTBEAT,1,0,0,-112,-1
2026-09-09 07:16:16,2,Supply Bolt Piston [ML],HEARTBEAT,1,0,0,-111,2.75
2026-09-09 07:16:27,2,Supply Bolt Piston [ML],HEARTBEAT,1,0,0,-112,1
2026-09-09 07:16:37,2,Supply Bolt Piston [ML],HEARTBEAT,1,0,0,-112,1.75
2026-09-09 07:16:47,2,Supply Bolt Piston [ML],HEARTBEAT,1,0,0,-112,2.25
2026-09-09 07:16:58,2,Supply Bolt Piston [ML],HEARTBEAT,1,0,0,-112,1.5
2026-09-09 07:17:08,2,Supply Bolt Piston [ML],HEARTBEAT,1,0,0,-110,3
2026-09-09 07:17:19,2,Supply Bolt Piston [ML],HEARTBEAT,1,0,0,-113,0.75
2026-09-09 07:17:29,2,Supply Bolt Piston [ML],HEARTBEAT,1,0,0,-110,1.25
2026-09-09 07:17:39,2,Supply Bolt Piston [ML],HEARTBEAT,1,0,0,-111,1.75
2026-09-09 07:17:50,2,Supply Bolt Piston [ML],HEARTBEAT,1,0,0,-112,0.5
2026-09-09 07:18:00,2,Supply Bolt Piston [ML],HEARTBEAT,1,0,0,-109,2.5
2026-09-09 07:18:11,2,Supply Bolt Piston [ML],HEARTBEAT,1,0,0,-113,1
2026-09-09 07:18:21,2,Supply Bolt Piston [ML],HEARTBEAT,1,0,0,-112,1.25
2026-09-09 07:18:31,2,Supply Bolt Piston [ML],HEARTBEAT,1,0,0,-110,2
2026-09-09 07:18:42,2,Supply Bolt Piston [ML],HEARTBEAT,1,0,0,-113,1.25
2026-09-09 07:18:52,2,Supply Bolt Piston [ML],HEARTBEAT,1,0,0,-111,1.25
2026-09-09 07:19:03,2,Supply Bolt Piston [ML],HEARTBEAT,1,0,0,-113,1.25
2026-09-09 07:19:13,2,Supply Bolt Piston [ML],HEARTBEAT,1,0,0,-112,2
2026-09-09 07:19:23,2,Supply Bolt Piston [ML],HEARTBEAT,1,0,0,-111,2.75
2026-09-09 07:19:34,2,Supply Bolt Piston [ML],HEARTBEAT,1,0,0,-112,1.75
2026-09-09 07:19:44,2,Supply Bolt Piston [ML],HEARTBEAT,1,0,0,-112,2.5
2026-09-09 07:19:55,2,Supply Bolt Piston [ML],HEARTBEAT,1,0,0,-112,-3
2026-09-09 07:20:05,2,Supply Bolt Piston [ML],HEARTBEAT,1,0,0,-111,2.25
2026-09-09 07:20:15,2,Supply Bolt Piston [ML],HEARTBEAT,1,0,0,-110,1
2026-09-09 07:20:26,2,Supply Bolt Piston [ML],HEARTBEAT,1,0,0,-112,1.5
2026-09-09 07:20:36,2,Supply Bolt Piston [ML],HEARTBEAT,1,0,0,-110,0.5
2026-09-09 07:20:47,2,Supply Bolt Piston [ML],HEARTBEAT,1,0,0,-113,1.5
2026-09-09 07:20:57,2,Supply Bolt Piston [ML],HEARTBEAT,1,0,0,-110,1.5
2026-09-09 07:21:07,2,Supply Bolt Piston [ML],HEARTBEAT,1,0,0,-112,1.5
2026-09-09 07:21:18,2,Supply Bolt Piston [ML],HEARTBEAT,1,0,0,-112,1.25
2026-09-09 07:21:28,2,Supply Bolt Piston [ML],HEARTBEAT,1,0,0,-111,2.5
2026-09-09 07:21:39,2,Supply Bolt Piston [ML],HEARTBEAT,1,0,0,-111,1.25
2026-09-09 07:21:49,2,Supply Bolt Piston [ML],HEARTBEAT,1,0,0,-111,2.25
2026-09-09 07:21:59,2,Supply Bolt Piston [ML],HEARTBEAT,1,0,0,-112,1.25
2026-09-09 07:22:10,2,Supply Bolt Piston [ML],HEARTBEAT,1,0,0,-114,0.25
2026-09-09 07:22:20,2,Supply Bolt Piston [ML],HEARTBEAT,1,0,0,-112,2.75
2026-09-09 07:22:31,2,Supply Bolt Piston [ML],HEARTBEAT,1,0,0,-113,-0.25
2026-09-09 07:22:41,2,Supply Bolt Piston [ML],HEARTBEAT,1,0,0,-111,2.25
2026-09-09 07:22:51,2,Supply Bolt Piston [ML],HEARTBEAT,1,0,0,-111,1
2026-09-09 07:23:02,2,Supply Bolt Piston [ML],HEARTBEAT,1,0,0,-113,1
2026-09-09 07:23:12,2,Supply Bolt Piston [ML],HEARTBEAT,1,0,0,-111,2.5
2026-09-09 07:23:33,2,Supply Bolt Piston [ML],HEARTBEAT,1,0,0,-112,2
2026-09-09 07:23:44,2,Supply Bolt Piston [ML],HEARTBEAT,1,0,0,-113,-0.5
2026-09-09 07:23:54,2,Supply Bolt Piston [ML],HEARTBEAT,1,0,0,-114,0.75
2026-09-09 07:24:04,2,Supply Bolt Piston [ML],HEARTBEAT,1,0,0,-112,2
2026-09-09 07:24:15,2,Supply Bolt Piston [ML],HEARTBEAT,1,0,0,-111,-0.75
2026-09-09 07:24:25,2,Supply Bolt Piston [ML],HEARTBEAT,1,0,0,-112,-0.5
2026-09-09 07:24:36,2,Supply Bolt Piston [ML],HEARTBEAT,1,0,0,-114,1
2026-09-09 07:24:46,2,Supply Bolt Piston [ML],HEARTBEAT,1,0,0,-112,2
2026-09-09 07:24:56,2,Supply Bolt Piston [ML],HEARTBEAT,1,0,0,-110,0.5
2026-09-09 07:25:07,2,Supply Bolt Piston [ML],HEARTBEAT,1,0,0,-113,1
2026-09-09 07:25:17,2,Supply Bolt Piston [ML],HEARTBEAT,1,0,0,-112,2
2026-09-09 07:25:28,2,Supply Bolt Piston [ML],HEARTBEAT,1,0,0,-113,0.75
2026-09-09 07:25:38,2,Supply Bolt Piston [ML],HEARTBEAT,1,0,0,-112,2.25
2026-09-09 07:25:48,2,Supply Bolt Piston [ML],HEARTBEAT,1,0,0,-112,2
2026-09-09 07:25:59,2,Supply Bolt Piston [ML],HEARTBEAT,1,0,0,-113,0.5
2026-09-09 07:26:09,2,Supply Bolt Piston [ML],HEARTBEAT,1,0,0,-111,2.75
2026-09-09 07:26:20,2,Supply Bolt Piston [ML],HEARTBEAT,1,0,0,-112,0.5
2026-09-09 07:26:30,2,Supply Bolt Piston [ML],HEARTBEAT,1,0,0,-110,2.25
2026-09-09 07:26:40,2,Supply Bolt Piston [ML],HEARTBEAT,1,0,0,-111,2.75
2026-09-09 07:26:51,2,Supply Bolt Piston [ML],HEARTBEAT,1,0,0,-113,1.25
2026-09-09 07:27:01,2,Supply Bolt Piston [ML],HEARTBEAT,1,0,0,-110,1.75
2026-09-09 07:27:12,2,Supply Bolt Piston [ML],HEARTBEAT,1,0,0,-114,0.25
2026-09-09 07:27:22,2,Supply Bolt Piston [ML],HEARTBEAT,1,0,0,-112,1.25
2026-09-09 07:27:32,2,Supply Bolt Piston [ML],HEARTBEAT,1,0,0,-111,2.5
2026-09-09 07:27:43,2,Supply Bolt Piston [ML],HEARTBEAT,1,0,0,-113,1
2026-09-09 07:27:53,2,Supply Bolt Piston [ML],HEARTBEAT,1,0,0,-111,2
2026-09-09 07:28:04,2,Supply Bolt Piston [ML],HEARTBEAT,1,0,0,-113,1
2026-09-09 07:28:14,2,Supply Bolt Piston [ML],HEARTBEAT,1,0,0,-111,2.25
2026-09-09 07:28:24,2,Supply Bolt Piston [ML],HEARTBEAT,1,0,0,-112,2.25
2026-09-09 07:28:35,2,Supply Bolt Piston [ML],HEARTBEAT,1,0,0,-112,1.75
2026-09-09 07:28:45,2,Supply Bolt Piston [ML],HEARTBEAT,1,0,0,-111,2.75
2026-09-09 07:28:56,2,Supply Bolt Piston [ML],HEARTBEAT,1,0,0,-110,0.75
2026-09-09 07:29:06,2,Supply Bolt Piston [ML],HEARTBEAT,1,0,0,-110,3.75
2026-09-09 07:29:16,2,Supply Bolt Piston [ML],HEARTBEAT,1,0,0,-111,2.25
2026-09-09 07:29:27,2,Supply Bolt Piston [ML],HEARTBEAT,1,0,0,-111,1.75
2026-09-09 07:29:37,2,Supply Bolt Piston [ML],HEARTBEAT,1,0,0,-109,2.5
2026-09-09 07:29:48,2,Supply Bolt Piston [ML],HEARTBEAT,1,0,0,-112,2
2026-09-09 07:29:58,2,Supply Bolt Piston [ML],HEARTBEAT,1,0,0,-110,3
2026-09-09 07:30:08,2,Supply Bolt Piston [ML],HEARTBEAT,1,0,0,-113,1.25
2026-09-09 07:30:19,2,Supply Bolt Piston [ML],HEARTBEAT,1,0,0,-113,0.75
2026-09-09 07:30:29,2,Supply Bolt Piston [ML],HEARTBEAT,1,0,0,-111,1.75
2026-09-09 07:30:40,2,Supply Bolt Piston [ML],HEARTBEAT,1,0,0,-112,1.5
2026-09-09 07:30:50,2,Supply Bolt Piston [ML],HEARTBEAT,1,0,0,-110,3.5
2026-09-09 07:31:01,2,Supply Bolt Piston [ML],HEARTBEAT,1,0,0,-111,2.25
2026-09-09 07:31:11,2,Supply Bolt Piston [ML],HEARTBEAT,1,0,0,-112,2.25
2026-09-09 07:31:21,2,Supply Bolt Piston [ML],HEARTBEAT,1,0,0,-110,2.5
2026-09-09 07:31:32,2,Supply Bolt Piston [ML],HEARTBEAT,1,0,0,-112,2
2026-09-09 07:31:42,2,Supply Bolt Piston [ML],HEARTBEAT,1,0,0,-107,1.5
2026-09-09 07:31:53,2,Supply Bolt Piston [ML],HEARTBEAT,1,0,0,-112,2
2026-09-09 07:32:03,2,Supply Bolt Piston [ML],HEARTBEAT,1,0,0,-111,2
2026-09-09 07:32:13,2,Supply Bolt Piston [ML],HEARTBEAT,1,0,0,-110,2.5
2026-09-09 07:32:24,2,Supply Bolt Piston [ML],HEARTBEAT,1,0,0,-112,2
2026-09-09 07:32:34,2,Supply Bolt Piston [ML],HEARTBEAT,1,0,0,-110,3.5
2026-09-09 07:32:45,2,Supply Bolt Piston [ML],HEARTBEAT,1,0,0,-111,1.5
2026-09-09 07:32:55,2,Supply Bolt Piston [ML],HEARTBEAT,1,0,0,-111,3.5
2026-09-09 07:33:05,2,Supply Bolt Piston [ML],HEARTBEAT,1,0,0,-110,3.25
2026-09-09 07:33:16,2,Supply Bolt Piston [ML],HEARTBEAT,1,0,0,-111,2.25
2026-09-09 07:33:26,2,Supply Bolt Piston [ML],HEARTBEAT,1,0,0,-109,2.5
2026-09-09 07:33:37,2,Supply Bolt Piston [ML],HEARTBEAT,1,0,0,-111,0
2026-09-09 07:33:47,2,Supply Bolt Piston [ML],HEARTBEAT,1,0,0,-110,3.25
2026-09-09 07:33:57,2,Supply Bolt Piston [ML],HEARTBEAT,1,0,0,-110,3
2026-09-09 07:34:08,2,Supply Bolt Piston [ML],HEARTBEAT,1,0,0,-112,2
2026-09-09 07:34:18,2,Supply Bolt Piston [ML],HEARTBEAT,1,0,0,-110,3
2026-09-09 07:34:29,2,Supply Bolt Piston [ML],HEARTBEAT,1,0,0,-112,2
2026-09-09 07:34:39,2,Supply Bolt Piston [ML],HEARTBEAT,1,0,0,-110,2.75
2026-09-09 07:34:49,2,Supply Bolt Piston [ML],HEARTBEAT,1,0,0,-111,3.5
2026-09-09 07:35:00,2,Supply Bolt Piston [ML],HEARTBEAT,1,0,0,-111,2.25
2026-09-09 07:35:10,2,Supply Bolt Piston [ML],HEARTBEAT,1,0,0,-110,3.5
2026-09-09 07:35:21,2,Supply Bolt Piston [ML],HEARTBEAT,1,0,0,-108,-0.25
2026-09-09 07:35:31,2,Supply Bolt Piston [ML],HEARTBEAT,1,0,0,-110,3.75
2026-09-09 07:35:41,2,Supply Bolt Piston [ML],HEARTBEAT,1,0,0,-111,3
2026-09-09 07:35:52,2,Supply Bolt Piston [ML],HEARTBEAT,1,0,0,-112,2.5
2026-09-09 07:36:02,2,Supply Bolt Piston [ML],HEARTBEAT,1,0,0,-110,3.25
2026-09-09 07:36:13,2,Supply Bolt Piston [ML],HEARTBEAT,1,0,0,-112,1.75
2026-09-09 07:36:23,2,Supply Bolt Piston [ML],HEARTBEAT,1,0,0,-110,3
2026-09-09 07:36:33,2,Supply Bolt Piston [ML],HEARTBEAT,1,0,0,-112,2.5
2026-09-09 07:36:44,2,Supply Bolt Piston [ML],HEARTBEAT,1,0,0,-112,0.75
2026-09-09 07:36:54,2,Supply Bolt Piston [ML],HEARTBEAT,1,0,0,-111,2.75
2026-09-09 07:37:05,2,Supply Bolt Piston [ML],HEARTBEAT,1,0,0,-111,1.75
2026-09-09 07:37:15,2,Supply Bolt Piston [ML],HEARTBEAT,1,0,0,-111,2.5
2026-09-09 07:37:25,2,Supply Bolt Piston [ML],HEARTBEAT,1,0,0,-112,1.75
2026-09-09 07:37:36,2,Supply Bolt Piston [ML],HEARTBEAT,1,0,0,-110,0.75
2026-09-09 07:37:46,2,Supply Bolt Piston [ML],HEARTBEAT,1,0,0,-110,3
2026-09-09 07:37:57,2,Supply Bolt Piston [ML],HEARTBEAT,1,0,0,-112,2.25
2026-09-09 07:38:07,2,Supply Bolt Piston [ML],HEARTBEAT,1,0,0,-110,3.5
2026-09-09 07:38:18,2,Supply Bolt Piston [ML],HEARTBEAT,1,0,0,-117,-2.75
2026-09-09 07:38:28,2,Supply Bolt Piston [ML],HEARTBEAT,1,0,0,-117,-3.75
2026-09-09 07:38:38,2,Supply Bolt Piston [ML],HEARTBEAT,1,0,0,-111,3
2026-09-09 07:38:49,2,Supply Bolt Piston [ML],HEARTBEAT,1,0,0,-114,0.25
2026-09-09 07:38:59,2,Supply Bolt Piston [ML],HEARTBEAT,1,0,0,-109,4
2026-09-09 07:39:10,2,Supply Bolt Piston [ML],HEARTBEAT,1,0,0,-118,-4.75
2026-09-09 07:39:20,2,Supply Bolt Piston [ML],HEARTBEAT,1,0,0,-115,-0.25
2026-09-09 07:39:30,2,Supply Bolt Piston [ML],HEARTBEAT,1,0,0,-117,-6.25
2026-09-09 07:39:41,2,Supply Bolt Piston [ML],HEARTBEAT,1,0,0,-118,-4
2026-09-09 07:39:51,2,Supply Bolt Piston [ML],HEARTBEAT,1,0,0,-117,-2
2026-09-09 07:40:02,2,Supply Bolt Piston [ML],HEARTBEAT,1,0,0,-119,-5
2026-09-09 07:40:22,2,Supply Bolt Piston [ML],HEARTBEAT,1,0,0,-116,-2.25
2026-09-09 07:40:33,2,Supply Bolt Piston [ML],HEARTBEAT,1,0,0,-117,-3.75
2026-09-09 07:40:43,2,Supply Bolt Piston [ML],HEARTBEAT,1,0,0,-115,-1.5
2026-09-09 07:40:54,2,Supply Bolt Piston [ML],HEARTBEAT,1,0,0,-118,-5.25
2026-09-09 07:41:04,2,Supply Bolt Piston [ML],HEARTBEAT,1,0,0,-117,-3
2026-09-09 07:41:14,2,Supply Bolt Piston [ML],HEARTBEAT,1,0,0,-117,-2.5
2026-09-09 07:41:25,2,Supply Bolt Piston [ML],HEARTBEAT,1,0,0,-117,-3.5
2026-09-09 07:41:35,2,Supply Bolt Piston [ML],HEARTBEAT,1,0,0,-122,-7.75
2026-09-09 07:41:46,2,Supply Bolt Piston [ML],HEARTBEAT,1,0,0,-119,-5.75
2026-09-09 07:42:06,2,Supply Bolt Piston [ML],HEARTBEAT,1,0,0,-117,-2.75
2026-09-09 07:42:17,2,Supply Bolt Piston [ML],HEARTBEAT,1,0,0,-114,0.75
2026-09-09 07:42:27,2,Supply Bolt Piston [ML],HEARTBEAT,1,0,0,-115,-1
2026-09-09 07:42:38,2,Supply Bolt Piston [ML],HEARTBEAT,1,0,0,-115,-2
2026-09-09 07:42:48,2,Supply Bolt Piston [ML],HEARTBEAT,1,0,0,-113,0.5
2026-09-09 07:42:58,2,Supply Bolt Piston [ML],HEARTBEAT,1,0,0,-113,1
2026-09-09 07:43:09,2,Supply Bolt Piston [ML],HEARTBEAT,1,0,0,-116,-2.25
2026-09-09 07:43:19,2,Supply Bolt Piston [ML],HEARTBEAT,1,0,0,-114,0.5
2026-09-09 07:43:30,2,Supply Bolt Piston [ML],HEARTBEAT,1,0,0,-122,-7.75
2026-09-09 07:43:40,2,Supply Bolt Piston [ML],HEARTBEAT,1,0,0,-119,-4.25
2026-09-09 07:43:50,2,Supply Bolt Piston [ML],HEARTBEAT,1,0,0,-121,-6.5
2026-09-09 07:44:01,2,Supply Bolt Piston [ML],HEARTBEAT,1,0,0,-121,-6.75
2026-09-09 07:44:11,2,Supply Bolt Piston [ML],HEARTBEAT,1,0,0,-118,-6.5
2026-09-09 07:44:22,2,Supply Bolt Piston [ML],HEARTBEAT,1,0,0,-115,-2.25
2026-09-09 07:44:32,2,Supply Bolt Piston [ML],HEARTBEAT,1,0,0,-119,-4.75
2026-09-09 07:44:42,2,Supply Bolt Piston [ML],HEARTBEAT,1,0,0,-119,-4.5
2026-09-09 07:44:53,2,Supply Bolt Piston [ML],HEARTBEAT,1,0,0,-117,-2.25
2026-09-09 07:45:03,2,Supply Bolt Piston [ML],HEARTBEAT,1,0,0,-114,-0.25
2026-09-09 07:45:14,2,Supply Bolt Piston [ML],HEARTBEAT,1,0,0,-115,-0.5
2026-09-09 07:45:24,2,Supply Bolt Piston [ML],HEARTBEAT,1,0,0,-115,-0.75
2026-09-09 07:45:35,2,Supply Bolt Piston [ML],HEARTBEAT,1,0,0,-117,-4.25
2026-09-09 07:45:45,2,Supply Bolt Piston [ML],HEARTBEAT,1,0,0,-116,-1.75
2026-09-09 07:45:55,2,Supply Bolt Piston [ML],HEARTBEAT,1,0,0,-114,0.25
2026-09-09 07:46:06,2,Supply Bolt Piston [ML],HEARTBEAT,1,0,0,-111,1.75
2026-09-09 07:46:16,2,Supply Bolt Piston [ML],HEARTBEAT,1,0,0,-116,-2.25
2026-09-09 07:46:27,2,Supply Bolt Piston [ML],HEARTBEAT,1,0,0,-113,1
2026-09-09 07:46:37,2,Supply Bolt Piston [ML],HEARTBEAT,1,0,0,-110,3.25
2026-09-09 07:46:47,2,Supply Bolt Piston [ML],HEARTBEAT,1,0,0,-110,1
2026-09-09 07:46:58,2,Supply Bolt Piston [ML],HEARTBEAT,1,0,0,-112,2
2026-09-09 07:47:08,2,Supply Bolt Piston [ML],HEARTBEAT,1,0,0,-109,3
2026-09-09 07:47:19,2,Supply Bolt Piston [ML],HEARTBEAT,1,0,0,-113,1.5
2026-09-09 07:47:29,2,Supply Bolt Piston [ML],HEARTBEAT,1,0,0,-113,2
2026-09-09 07:47:39,2,Supply Bolt Piston [ML],HEARTBEAT,1,0,0,-111,3.25
2026-09-09 07:47:50,2,Supply Bolt Piston [ML],HEARTBEAT,1,0,0,-113,1
2026-09-09 07:48:00,2,Supply Bolt Piston [ML],HEARTBEAT,1,0,0,-109,4.75
2026-09-09 07:48:11,2,Supply Bolt Piston [ML],HEARTBEAT,1,0,0,-97,1.5
2026-09-09 07:48:21,2,Supply Bolt Piston [ML],HEARTBEAT,1,0,0,-105,6.75
2026-09-09 07:48:31,2,Supply Bolt Piston [ML],HEARTBEAT,1,0,0,-107,4.5
2026-09-09 07:48:42,2,Supply Bolt Piston [ML],HEARTBEAT,1,0,0,-107,4.75
2026-09-09 07:48:52,2,Supply Bolt Piston [ML],HEARTBEAT,1,0,0,-107,2
2026-09-09 07:49:03,2,Supply Bolt Piston [ML],HEARTBEAT,1,0,0,-107,5.5
2026-09-09 07:49:13,2,Supply Bolt Piston [ML],HEARTBEAT,1,0,0,-106,3.75
2026-09-09 07:49:23,2,Supply Bolt Piston [ML],HEARTBEAT,1,0,0,-108,5.25
2026-09-09 07:49:34,2,Supply Bolt Piston [ML],HEARTBEAT,1,0,0,-107,6.25
2026-09-09 07:49:44,2,Supply Bolt Piston [ML],HEARTBEAT,1,0,0,-108,4.75
2026-09-09 07:49:55,2,Supply Bolt Piston [ML],HEARTBEAT,1,0,0,-107,5.5
2026-09-09 07:50:05,2,Supply Bolt Piston [ML],HEARTBEAT,1,0,0,-106,6
2026-09-09 07:50:15,2,Supply Bolt Piston [ML],HEARTBEAT,1,0,0,-107,6.25
2026-09-09 07:50:26,2,Supply Bolt Piston [ML],HEARTBEAT,1,0,0,-107,6
2026-09-09 07:50:36,2,Supply Bolt Piston [ML],HEARTBEAT,1,0,0,-106,7
2026-09-09 07:50:47,2,Supply Bolt Piston [ML],HEARTBEAT,1,0,0,-103,7
2026-09-09 07:50:57,2,Supply Bolt Piston [ML],HEARTBEAT,1,0,0,-104,7.5
2026-09-09 07:51:07,2,Supply Bolt Piston [ML],HEARTBEAT,1,0,0,-104,7.5
2026-09-09 07:51:18,2,Supply Bolt Piston [ML],HEARTBEAT,1,0,0,-104,7.75
2026-09-09 07:51:28,2,Supply Bolt Piston [ML],HEARTBEAT,1,0,0,-103,7.75
2026-09-09 07:51:39,2,Supply Bolt Piston [ML],HEARTBEAT,1,0,0,-103,7.25
2026-09-09 07:51:49,2,Supply Bolt Piston [ML],HEARTBEAT,1,0,0,-103,7.25
2026-09-09 07:51:59,2,Supply Bolt Piston [ML],HEARTBEAT,1,0,0,-103,8
2026-09-09 07:52:10,2,Supply Bolt Piston [ML],HEARTBEAT,1,0,0,-104,6.75
2026-09-09 07:52:20,2,Supply Bolt Piston [ML],HEARTBEAT,1,0,0,-103,7.75
2026-09-09 07:52:31,2,Supply Bolt Piston [ML],HEARTBEAT,1,0,0,-102,4.75
2026-09-09 07:52:41,2,Supply Bolt Piston [ML],HEARTBEAT,1,0,0,-104,6.5
2026-09-09 07:52:52,2,Supply Bolt Piston [ML],HEARTBEAT,1,0,0,-103,8
2026-09-09 07:53:02,2,Supply Bolt Piston [ML],HEARTBEAT,1,0,0,-108,5.25
2026-09-09 07:53:12,2,Supply Bolt Piston [ML],HEARTBEAT,1,0,0,-104,2.5
2026-09-09 07:53:23,2,Supply Bolt Piston [ML],HEARTBEAT,1,0,0,-109,4.5
2026-09-09 07:53:33,2,Supply Bolt Piston [ML],HEARTBEAT,1,0,0,-109,4.75
2026-09-09 07:53:44,2,Supply Bolt Piston [ML],HEARTBEAT,1,0,0,-109,4.25
2026-09-09 07:53:54,2,Supply Bolt Piston [ML],HEARTBEAT,1,0,0,-109,4.25
2026-09-09 07:54:04,2,Supply Bolt Piston [ML],HEARTBEAT,1,0,0,-110,3.5
2026-09-09 07:54:15,2,Supply Bolt Piston [ML],HEARTBEAT,1,0,0,-109,3.5
2026-09-09 07:54:25,2,Supply Bolt Piston [ML],HEARTBEAT,1,0,0,-110,4
2026-09-09 07:54:36,2,Supply Bolt Piston [ML],HEARTBEAT,1,0,0,-109,3.75
2026-09-09 07:54:46,2,Supply Bolt Piston [ML],HEARTBEAT,1,0,0,-109,3.75
2026-09-09 07:54:56,2,Supply Bolt Piston [ML],HEARTBEAT,1,0,0,-112,1.75
2026-09-09 07:55:07,2,Supply Bolt Piston [ML],HEARTBEAT,1,0,0,-111,2.5
2026-09-09 07:55:17,2,Supply Bolt Piston [ML],HEARTBEAT,1,0,0,-106,5.25
2026-09-09 07:55:28,2,Supply Bolt Piston [ML],HEARTBEAT,1,0,0,-107,5.75
2026-09-09 07:55:38,2,Supply Bolt Piston [ML],HEARTBEAT,1,0,0,-106,4.25
2026-09-09 07:55:48,2,Supply Bolt Piston [ML],HEARTBEAT,1,0,0,-111,2.5
2026-09-09 07:55:59,2,Supply Bolt Piston [ML],HEARTBEAT,1,0,0,-107,5.25
2026-09-09 07:56:09,2,Supply Bolt Piston [ML],HEARTBEAT,1,0,0,-102,3.75
2026-09-09 07:56:20,2,Supply Bolt Piston [ML],HEARTBEAT,1,0,0,-106,6.5
2026-09-09 07:56:30,2,Supply Bolt Piston [ML],HEARTBEAT,1,0,0,-109,4.5
2026-09-09 07:56:40,2,Supply Bolt Piston [ML],HEARTBEAT,1,0,0,-109,4.25
2026-09-09 07:56:51,2,Supply Bolt Piston [ML],HEARTBEAT,1,0,0,-106,6
2026-09-09 07:57:01,2,Supply Bolt Piston [ML],HEARTBEAT,1,0,0,-103,8
2026-09-09 08:37:20,2,Supply Bolt Piston [ML],HEARTBEAT,1,0,0,-107,6
2026-09-09 08:37:31,2,Supply Bolt Piston [ML],HEARTBEAT,1,0,0,-105,7
2026-09-09 08:37:41,2,Supply Bolt Piston [ML],HEARTBEAT,1,0,0,-105,6.25
2026-09-09 08:37:51,2,Supply Bolt Piston [ML],HEARTBEAT,1,0,0,-103,8.25
2026-09-09 08:38:02,2,Supply Bolt Piston [ML],HEARTBEAT,1,0,0,-103,8
2026-09-09 08:38:12,2,Supply Bolt Piston [ML],HEARTBEAT,1,0,0,-103,7.5
2026-09-09 08:38:23,2,Supply Bolt Piston [ML],HEARTBEAT,1,0,0,-103,8
2026-09-09 08:38:33,2,Supply Bolt Piston [ML],HEARTBEAT,1,0,0,-104,6.75
2026-09-09 08:38:43,2,Supply Bolt Piston [ML],HEARTBEAT,1,0,0,-104,7.75
2026-09-09 08:38:54,2,Supply Bolt Piston [ML],HEARTBEAT,1,0,0,-103,7.5
2026-09-09 08:39:04,2,Supply Bolt Piston [ML],HEARTBEAT,1,0,0,-103,8.5
2026-09-09 08:39:15,2,Supply Bolt Piston [ML],HEARTBEAT,1,0,0,-102,8
2026-09-09 08:39:25,2,Supply Bolt Piston [ML],HEARTBEAT,1,0,0,-104,7
2026-09-09 08:39:35,2,Supply Bolt Piston [ML],HEARTBEAT,1,0,0,-106,4.5
2026-09-09 08:39:46,2,Supply Bolt Piston [ML],HEARTBEAT,1,0,0,-104,6
2026-09-09 08:39:56,2,Supply Bolt Piston [ML],HEARTBEAT,1,0,0,-109,4.75
2026-09-09 08:40:07,2,Supply Bolt Piston [ML],HEARTBEAT,1,0,0,-104,6.5
2026-09-09 08:40:17,2,Supply Bolt Piston [ML],HEARTBEAT,1,0,0,-106,5
2026-09-09 08:40:27,2,Supply Bolt Piston [ML],HEARTBEAT,1,0,0,-107,5.75
2026-09-09 08:40:38,2,Supply Bolt Piston [ML],HEARTBEAT,1,0,0,-106,6.25
2026-09-09 08:40:48,2,Supply Bolt Piston [ML],HEARTBEAT,1,0,0,-106,3.75
2026-09-09 08:40:59,2,Supply Bolt Piston [ML],HEARTBEAT,1,0,0,-106,5.75
2026-09-09 08:41:09,2,Supply Bolt Piston [ML],HEARTBEAT,1,0,0,-103,6.5
2026-09-09 08:41:19,2,Supply Bolt Piston [ML],HEARTBEAT,1,0,0,-105,7
2026-09-09 08:41:30,2,Supply Bolt Piston [ML],HEARTBEAT,1,0,0,-105,6.25
2026-09-09 08:41:40,2,Supply Bolt Piston [ML],HEARTBEAT,1,0,0,-102,8.25
2026-09-09 08:41:51,2,Supply Bolt Piston [ML],HEARTBEAT,1,0,0,-103,6.5
2026-09-09 08:42:01,2,Supply Bolt Piston [ML],HEARTBEAT,1,0,0,-104,7
2026-09-09 08:42:12,2,Supply Bolt Piston [ML],HEARTBEAT,1,0,0,-104,6.75
2026-09-09 08:42:22,2,Supply Bolt Piston [ML],HEARTBEAT,1,0,0,-106,6.75
2026-09-09 08:42:32,2,Supply Bolt Piston [ML],HEARTBEAT,1,0,0,-106,6.5
